


[07:51:20.568] Loading file "/home/dell/\26700\38754/mbed/verify/saw/client_statem.saw"
[07:51:20.916] Loading file "/home/dell/\26700\38754/mbed/verify/saw/statem_test.saw"
[07:51:20.918] Loading file "/home/dell/\26700\38754/mbed/verify/saw/lib.saw"
[07:51:24.668] Verifying mbedtls_ssl_write_client_hello ...
[07:51:24.673] Simulating mbedtls_ssl_write_client_hello ...
[07:51:24.695] Checking proof obligations mbedtls_ssl_write_client_hello ...
[07:51:24.710] Proof succeeded! mbedtls_ssl_write_client_hello
[07:51:25.682] Verifying ssl_tls13_process_server_hello ...
[07:51:25.687] Simulating ssl_tls13_process_server_hello ...
[07:51:25.716] Checking proof obligations ssl_tls13_process_server_hello ...
Calling Yices to check sat
Running check sat
Calling Yices to check sat
Running check sat
[07:51:25.742] Proof succeeded! ssl_tls13_process_server_hello
[07:51:26.831] Verifying ssl_tls13_process_encrypted_extensions ...
[07:51:26.835] Simulating ssl_tls13_process_encrypted_extensions ...
[07:51:26.860] Checking proof obligations ssl_tls13_process_encrypted_extensions ...
[07:51:26.881] Proof succeeded! ssl_tls13_process_encrypted_extensions
[07:51:27.850] Verifying ssl_tls13_process_certificate_request ...
[07:51:27.855] Simulating ssl_tls13_process_certificate_request ...
[07:51:27.857] LLVM bitcode translation warning @ssl_tls13_process_certificate_request ssl_tls13_client.c:2535:24 dbg intrinsic def/use violation for: %4
[07:51:27.857] LLVM bitcode translation warning @ssl_tls13_process_certificate_request ssl_tls13_client.c:2536:16 dbg intrinsic def/use violation for: %5
[07:51:27.873] Checking proof obligations ssl_tls13_process_certificate_request ...
[07:51:27.892] Proof succeeded! ssl_tls13_process_certificate_request
[07:51:28.990] Verifying ssl_tls13_process_server_certificate ...
[07:51:28.995] Simulating ssl_tls13_process_server_certificate ...
[07:51:29.012] Checking proof obligations ssl_tls13_process_server_certificate ...
[07:51:29.029] Proof succeeded! ssl_tls13_process_server_certificate
[07:51:30.185] Verifying ssl_tls13_process_certificate_verify ...
[07:51:30.190] Simulating ssl_tls13_process_certificate_verify ...
[07:51:30.206] Checking proof obligations ssl_tls13_process_certificate_verify ...
[07:51:30.225] Proof succeeded! ssl_tls13_process_certificate_verify
[07:51:31.267] Verifying ssl_tls13_process_server_finished ...
[07:51:31.272] Simulating ssl_tls13_process_server_finished ...
[07:51:31.291] Checking proof obligations ssl_tls13_process_server_finished ...
[07:51:31.307] Proof succeeded! ssl_tls13_process_server_finished
[07:51:32.413] Verifying ssl_tls13_write_client_certificate ...
[07:51:32.418] Simulating ssl_tls13_write_client_certificate ...
[07:51:32.439] Checking proof obligations ssl_tls13_write_client_certificate ...
[07:51:32.461] Proof succeeded! ssl_tls13_write_client_certificate
[07:51:33.515] Verifying ssl_tls13_write_client_certificate_verify ...
[07:51:33.520] Simulating ssl_tls13_write_client_certificate_verify ...
[07:51:33.535] Checking proof obligations ssl_tls13_write_client_certificate_verify ...
[07:51:33.554] Proof succeeded! ssl_tls13_write_client_certificate_verify
[07:51:34.800] Verifying ssl_tls13_write_client_finished ...
[07:51:34.805] Simulating ssl_tls13_write_client_finished ...
[07:51:34.823] Checking proof obligations ssl_tls13_write_client_finished ...
[07:51:34.842] Proof succeeded! ssl_tls13_write_client_finished
[07:51:35.813] Verifying ssl_tls13_flush_buffers ...
[07:51:35.818] Simulating ssl_tls13_flush_buffers ...
[07:51:35.831] Checking proof obligations ssl_tls13_flush_buffers ...
[07:51:35.841] Proof succeeded! ssl_tls13_flush_buffers
[07:51:36.850] Verifying ssl_tls13_handshake_wrapup ...
[07:51:36.855] Simulating ssl_tls13_handshake_wrapup ...
[07:51:36.869] Checking proof obligations ssl_tls13_handshake_wrapup ...
[07:51:36.880] Proof succeeded! ssl_tls13_handshake_wrapup
[07:51:37.818] Verifying mbedtls_ssl_tls13_write_change_cipher_spec ...
[07:51:37.823] Simulating mbedtls_ssl_tls13_write_change_cipher_spec ...
[07:51:37.837] Checking proof obligations mbedtls_ssl_tls13_write_change_cipher_spec ...
[07:51:37.852] Proof succeeded! mbedtls_ssl_tls13_write_change_cipher_spec
[07:51:38.898] Verifying ssl_tls13_process_new_session_ticket ...
[07:51:38.902] Simulating ssl_tls13_process_new_session_ticket ...
[07:51:38.919] Checking proof obligations ssl_tls13_process_new_session_ticket ...
[07:51:38.934] Proof succeeded! ssl_tls13_process_new_session_ticket
[07:51:40.054] Verifying ssl_tls13_write_end_of_early_data ...
[07:51:40.059] Simulating ssl_tls13_write_end_of_early_data ...
[07:51:40.075] Checking proof obligations ssl_tls13_write_end_of_early_data ...
[07:51:40.091] Proof succeeded! ssl_tls13_write_end_of_early_data
[07:51:40.091] Sub-functions have been proven.
[07:51:40.091] ---------------
[07:51:40.099] Verifing: MBEDTLS_SSL_HELLO_REQUEST-MBEDTLS_SSL_EARLY_DATA_STATE_IDLE
[07:51:41.601] Verifying mbedtls_ssl_tls13_handshake_client_step ...
[07:51:41.606] Simulating mbedtls_ssl_tls13_handshake_client_step ...
[07:51:41.624] Checking proof obligations mbedtls_ssl_tls13_handshake_client_step ...
Calling Yices to check sat
Running check sat
Calling Yices to check sat
Running check sat
[07:51:41.642] Proof succeeded! mbedtls_ssl_tls13_handshake_client_step
[07:51:41.642] Verifing: MBEDTLS_SSL_HELLO_REQUEST-MBEDTLS_SSL_EARLY_DATA_STATE_NO_IND_SENT
[07:51:42.963] Verifying mbedtls_ssl_tls13_handshake_client_step ...
[07:51:42.969] Simulating mbedtls_ssl_tls13_handshake_client_step ...
[07:51:42.982] Checking proof obligations mbedtls_ssl_tls13_handshake_client_step ...
Calling Yices to check sat
Running check sat
Calling Yices to check sat
Running check sat
[07:51:43.003] Proof succeeded! mbedtls_ssl_tls13_handshake_client_step
[07:51:43.003] Verifing: MBEDTLS_SSL_HELLO_REQUEST-MBEDTLS_SSL_EARLY_DATA_STATE_IND_SENT
[07:51:44.285] Verifying mbedtls_ssl_tls13_handshake_client_step ...
[07:51:44.291] Simulating mbedtls_ssl_tls13_handshake_client_step ...
[07:51:44.305] Checking proof obligations mbedtls_ssl_tls13_handshake_client_step ...
Calling Yices to check sat
Running check sat
Calling Yices to check sat
Running check sat
[07:51:44.326] Proof succeeded! mbedtls_ssl_tls13_handshake_client_step
[07:51:44.326] Verifing: MBEDTLS_SSL_HELLO_REQUEST-MBEDTLS_SSL_EARLY_DATA_STATE_CAN_WRITE
[07:51:45.653] Verifying mbedtls_ssl_tls13_handshake_client_step ...
[07:51:45.659] Simulating mbedtls_ssl_tls13_handshake_client_step ...
[07:51:45.672] Checking proof obligations mbedtls_ssl_tls13_handshake_client_step ...
Calling Yices to check sat
Running check sat
Calling Yices to check sat
Running check sat
[07:51:45.699] Proof succeeded! mbedtls_ssl_tls13_handshake_client_step
[07:51:45.699] Verifing: MBEDTLS_SSL_HELLO_REQUEST-MBEDTLS_SSL_EARLY_DATA_STATE_ACCEPTED
[07:51:47.072] Verifying mbedtls_ssl_tls13_handshake_client_step ...
[07:51:47.078] Simulating mbedtls_ssl_tls13_handshake_client_step ...
[07:51:47.092] Checking proof obligations mbedtls_ssl_tls13_handshake_client_step ...
Calling Yices to check sat
Running check sat
Calling Yices to check sat
Running check sat
[07:51:47.113] Proof succeeded! mbedtls_ssl_tls13_handshake_client_step
[07:51:47.113] Verifing: MBEDTLS_SSL_HELLO_REQUEST-MBEDTLS_SSL_EARLY_DATA_STATE_REJECTED
[07:51:48.620] Verifying mbedtls_ssl_tls13_handshake_client_step ...
[07:51:48.626] Simulating mbedtls_ssl_tls13_handshake_client_step ...
[07:51:48.639] Checking proof obligations mbedtls_ssl_tls13_handshake_client_step ...
Calling Yices to check sat
Running check sat
Calling Yices to check sat
Running check sat
[07:51:48.660] Proof succeeded! mbedtls_ssl_tls13_handshake_client_step
[07:51:48.660] Verifing: MBEDTLS_SSL_HELLO_REQUEST-MBEDTLS_SSL_EARLY_DATA_STATE_SERVER_FINISHED_RECEIVED
[07:51:50.006] Verifying mbedtls_ssl_tls13_handshake_client_step ...
[07:51:50.012] Simulating mbedtls_ssl_tls13_handshake_client_step ...
[07:51:50.025] Checking proof obligations mbedtls_ssl_tls13_handshake_client_step ...
Calling Yices to check sat
Running check sat
Calling Yices to check sat
Running check sat
[07:51:50.045] Proof succeeded! mbedtls_ssl_tls13_handshake_client_step
[07:51:50.045] Verifing: MBEDTLS_SSL_CLIENT_HELLO-MBEDTLS_SSL_EARLY_DATA_STATE_IDLE
[07:51:51.356] Verifying mbedtls_ssl_tls13_handshake_client_step ...
[07:51:51.362] Simulating mbedtls_ssl_tls13_handshake_client_step ...
[07:51:51.378] Checking proof obligations mbedtls_ssl_tls13_handshake_client_step ...
Calling Yices to check sat
Running check sat
Calling Yices to check sat
Running check sat
[07:51:51.399] Proof succeeded! mbedtls_ssl_tls13_handshake_client_step
[07:51:51.399] Verifing: MBEDTLS_SSL_CLIENT_HELLO-MBEDTLS_SSL_EARLY_DATA_STATE_NO_IND_SENT
[07:51:52.762] Verifying mbedtls_ssl_tls13_handshake_client_step ...
[07:51:52.767] Simulating mbedtls_ssl_tls13_handshake_client_step ...
[07:51:52.784] Checking proof obligations mbedtls_ssl_tls13_handshake_client_step ...
Calling Yices to check sat
Running check sat
Calling Yices to check sat
Running check sat
[07:51:52.803] Proof succeeded! mbedtls_ssl_tls13_handshake_client_step
[07:51:52.803] Verifing: MBEDTLS_SSL_CLIENT_HELLO-MBEDTLS_SSL_EARLY_DATA_STATE_IND_SENT
[07:51:54.105] Verifying mbedtls_ssl_tls13_handshake_client_step ...
[07:51:54.111] Simulating mbedtls_ssl_tls13_handshake_client_step ...
[07:51:54.128] Checking proof obligations mbedtls_ssl_tls13_handshake_client_step ...
Calling Yices to check sat
Running check sat
Calling Yices to check sat
Running check sat
[07:51:54.148] Proof succeeded! mbedtls_ssl_tls13_handshake_client_step
[07:51:54.148] Verifing: MBEDTLS_SSL_CLIENT_HELLO-MBEDTLS_SSL_EARLY_DATA_STATE_CAN_WRITE
[07:51:55.669] Verifying mbedtls_ssl_tls13_handshake_client_step ...
[07:51:55.676] Simulating mbedtls_ssl_tls13_handshake_client_step ...
[07:51:55.693] Checking proof obligations mbedtls_ssl_tls13_handshake_client_step ...
Calling Yices to check sat
Running check sat
Calling Yices to check sat
Running check sat
[07:51:55.715] Proof succeeded! mbedtls_ssl_tls13_handshake_client_step
[07:51:55.715] Verifing: MBEDTLS_SSL_CLIENT_HELLO-MBEDTLS_SSL_EARLY_DATA_STATE_ACCEPTED
[07:51:57.113] Verifying mbedtls_ssl_tls13_handshake_client_step ...
[07:51:57.118] Simulating mbedtls_ssl_tls13_handshake_client_step ...
[07:51:57.135] Checking proof obligations mbedtls_ssl_tls13_handshake_client_step ...
Calling Yices to check sat
Running check sat
Calling Yices to check sat
Running check sat
[07:51:57.157] Proof succeeded! mbedtls_ssl_tls13_handshake_client_step
[07:51:57.157] Verifing: MBEDTLS_SSL_CLIENT_HELLO-MBEDTLS_SSL_EARLY_DATA_STATE_REJECTED
[07:51:58.495] Verifying mbedtls_ssl_tls13_handshake_client_step ...
[07:51:58.501] Simulating mbedtls_ssl_tls13_handshake_client_step ...
[07:51:58.518] Checking proof obligations mbedtls_ssl_tls13_handshake_client_step ...
Calling Yices to check sat
Running check sat
Calling Yices to check sat
Running check sat
[07:51:58.541] Proof succeeded! mbedtls_ssl_tls13_handshake_client_step
[07:51:58.541] Verifing: MBEDTLS_SSL_CLIENT_HELLO-MBEDTLS_SSL_EARLY_DATA_STATE_SERVER_FINISHED_RECEIVED
[07:52:00.030] Verifying mbedtls_ssl_tls13_handshake_client_step ...
[07:52:00.036] Simulating mbedtls_ssl_tls13_handshake_client_step ...
[07:52:00.052] Checking proof obligations mbedtls_ssl_tls13_handshake_client_step ...
Calling Yices to check sat
Running check sat
Calling Yices to check sat
Running check sat
[07:52:00.073] Proof succeeded! mbedtls_ssl_tls13_handshake_client_step
[07:52:00.073] Verifing: MBEDTLS_SSL_SERVER_HELLO-MBEDTLS_SSL_EARLY_DATA_STATE_IDLE
[07:52:01.477] Verifying mbedtls_ssl_tls13_handshake_client_step ...
[07:52:01.483] Simulating mbedtls_ssl_tls13_handshake_client_step ...
[07:52:01.507] Checking proof obligations mbedtls_ssl_tls13_handshake_client_step ...
Calling Yices to check sat
Running check sat
Calling Yices to check sat
Running check sat
[07:52:01.540] Proof succeeded! mbedtls_ssl_tls13_handshake_client_step
[07:52:01.540] Verifing: MBEDTLS_SSL_SERVER_HELLO-MBEDTLS_SSL_EARLY_DATA_STATE_NO_IND_SENT
[07:52:03.080] Verifying mbedtls_ssl_tls13_handshake_client_step ...
[07:52:03.086] Simulating mbedtls_ssl_tls13_handshake_client_step ...
[07:52:03.110] Checking proof obligations mbedtls_ssl_tls13_handshake_client_step ...
Calling Yices to check sat
Running check sat
Calling Yices to check sat
Running check sat
[07:52:03.140] Proof succeeded! mbedtls_ssl_tls13_handshake_client_step
[07:52:03.140] Verifing: MBEDTLS_SSL_SERVER_HELLO-MBEDTLS_SSL_EARLY_DATA_STATE_IND_SENT
[07:52:04.672] Verifying mbedtls_ssl_tls13_handshake_client_step ...
[07:52:04.678] Simulating mbedtls_ssl_tls13_handshake_client_step ...
[07:52:04.703] Checking proof obligations mbedtls_ssl_tls13_handshake_client_step ...
Calling Yices to check sat
Running check sat
Calling Yices to check sat
Running check sat
[07:52:04.731] Proof succeeded! mbedtls_ssl_tls13_handshake_client_step
[07:52:04.731] Verifing: MBEDTLS_SSL_SERVER_HELLO-MBEDTLS_SSL_EARLY_DATA_STATE_CAN_WRITE
[07:52:06.135] Verifying mbedtls_ssl_tls13_handshake_client_step ...
[07:52:06.141] Simulating mbedtls_ssl_tls13_handshake_client_step ...
[07:52:06.166] Checking proof obligations mbedtls_ssl_tls13_handshake_client_step ...
Calling Yices to check sat
Running check sat
Calling Yices to check sat
Running check sat
[07:52:06.195] Proof succeeded! mbedtls_ssl_tls13_handshake_client_step
[07:52:06.195] Verifing: MBEDTLS_SSL_SERVER_HELLO-MBEDTLS_SSL_EARLY_DATA_STATE_ACCEPTED
[07:52:07.534] Verifying mbedtls_ssl_tls13_handshake_client_step ...
[07:52:07.540] Simulating mbedtls_ssl_tls13_handshake_client_step ...
[07:52:07.566] Checking proof obligations mbedtls_ssl_tls13_handshake_client_step ...
Calling Yices to check sat
Running check sat
Calling Yices to check sat
Running check sat
[07:52:07.599] Proof succeeded! mbedtls_ssl_tls13_handshake_client_step
[07:52:07.599] Verifing: MBEDTLS_SSL_SERVER_HELLO-MBEDTLS_SSL_EARLY_DATA_STATE_REJECTED
[07:52:08.930] Verifying mbedtls_ssl_tls13_handshake_client_step ...
[07:52:08.936] Simulating mbedtls_ssl_tls13_handshake_client_step ...
[07:52:08.959] Checking proof obligations mbedtls_ssl_tls13_handshake_client_step ...
Calling Yices to check sat
Running check sat
Calling Yices to check sat
Running check sat
[07:52:08.989] Proof succeeded! mbedtls_ssl_tls13_handshake_client_step
[07:52:08.989] Verifing: MBEDTLS_SSL_SERVER_HELLO-MBEDTLS_SSL_EARLY_DATA_STATE_SERVER_FINISHED_RECEIVED
[07:52:10.539] Verifying mbedtls_ssl_tls13_handshake_client_step ...
[07:52:10.545] Simulating mbedtls_ssl_tls13_handshake_client_step ...
[07:52:10.570] Checking proof obligations mbedtls_ssl_tls13_handshake_client_step ...
Calling Yices to check sat
Running check sat
Calling Yices to check sat
Running check sat
[07:52:10.601] Proof succeeded! mbedtls_ssl_tls13_handshake_client_step
[07:52:10.601] Verifing: MBEDTLS_SSL_SERVER_CERTIFICATE-MBEDTLS_SSL_EARLY_DATA_STATE_IDLE
[07:52:11.939] Verifying mbedtls_ssl_tls13_handshake_client_step ...
[07:52:11.945] Simulating mbedtls_ssl_tls13_handshake_client_step ...
[07:52:11.962] Checking proof obligations mbedtls_ssl_tls13_handshake_client_step ...
Calling Yices to check sat
Running check sat
Calling Yices to check sat
Running check sat
[07:52:11.985] Proof succeeded! mbedtls_ssl_tls13_handshake_client_step
[07:52:11.985] Verifing: MBEDTLS_SSL_SERVER_CERTIFICATE-MBEDTLS_SSL_EARLY_DATA_STATE_NO_IND_SENT
[07:52:13.396] Verifying mbedtls_ssl_tls13_handshake_client_step ...
[07:52:13.402] Simulating mbedtls_ssl_tls13_handshake_client_step ...
[07:52:13.418] Checking proof obligations mbedtls_ssl_tls13_handshake_client_step ...
Calling Yices to check sat
Running check sat
Calling Yices to check sat
Running check sat
[07:52:13.441] Proof succeeded! mbedtls_ssl_tls13_handshake_client_step
[07:52:13.441] Verifing: MBEDTLS_SSL_SERVER_CERTIFICATE-MBEDTLS_SSL_EARLY_DATA_STATE_IND_SENT
[07:52:14.963] Verifying mbedtls_ssl_tls13_handshake_client_step ...
[07:52:14.969] Simulating mbedtls_ssl_tls13_handshake_client_step ...
[07:52:14.986] Checking proof obligations mbedtls_ssl_tls13_handshake_client_step ...
Calling Yices to check sat
Running check sat
Calling Yices to check sat
Running check sat
[07:52:15.008] Proof succeeded! mbedtls_ssl_tls13_handshake_client_step
[07:52:15.008] Verifing: MBEDTLS_SSL_SERVER_CERTIFICATE-MBEDTLS_SSL_EARLY_DATA_STATE_CAN_WRITE
[07:52:16.487] Verifying mbedtls_ssl_tls13_handshake_client_step ...
[07:52:16.492] Simulating mbedtls_ssl_tls13_handshake_client_step ...
[07:52:16.510] Checking proof obligations mbedtls_ssl_tls13_handshake_client_step ...
Calling Yices to check sat
Running check sat
Calling Yices to check sat
Running check sat
[07:52:16.535] Proof succeeded! mbedtls_ssl_tls13_handshake_client_step
[07:52:16.535] Verifing: MBEDTLS_SSL_SERVER_CERTIFICATE-MBEDTLS_SSL_EARLY_DATA_STATE_ACCEPTED
[07:52:17.986] Verifying mbedtls_ssl_tls13_handshake_client_step ...
[07:52:17.992] Simulating mbedtls_ssl_tls13_handshake_client_step ...
[07:52:18.009] Checking proof obligations mbedtls_ssl_tls13_handshake_client_step ...
Calling Yices to check sat
Running check sat
Calling Yices to check sat
Running check sat
[07:52:18.034] Proof succeeded! mbedtls_ssl_tls13_handshake_client_step
[07:52:18.034] Verifing: MBEDTLS_SSL_SERVER_CERTIFICATE-MBEDTLS_SSL_EARLY_DATA_STATE_REJECTED
[07:52:19.547] Verifying mbedtls_ssl_tls13_handshake_client_step ...
[07:52:19.553] Simulating mbedtls_ssl_tls13_handshake_client_step ...
[07:52:19.570] Checking proof obligations mbedtls_ssl_tls13_handshake_client_step ...
Calling Yices to check sat
Running check sat
Calling Yices to check sat
Running check sat
[07:52:19.593] Proof succeeded! mbedtls_ssl_tls13_handshake_client_step
[07:52:19.593] Verifing: MBEDTLS_SSL_SERVER_CERTIFICATE-MBEDTLS_SSL_EARLY_DATA_STATE_SERVER_FINISHED_RECEIVED
[07:52:20.919] Verifying mbedtls_ssl_tls13_handshake_client_step ...
[07:52:20.924] Simulating mbedtls_ssl_tls13_handshake_client_step ...
[07:52:20.941] Checking proof obligations mbedtls_ssl_tls13_handshake_client_step ...
Calling Yices to check sat
Running check sat
Calling Yices to check sat
Running check sat
[07:52:20.964] Proof succeeded! mbedtls_ssl_tls13_handshake_client_step
[07:52:20.964] Verifing: MBEDTLS_SSL_SERVER_KEY_EXCHANGE-MBEDTLS_SSL_EARLY_DATA_STATE_IDLE
[07:52:22.390] Verifying mbedtls_ssl_tls13_handshake_client_step ...
[07:52:22.396] Simulating mbedtls_ssl_tls13_handshake_client_step ...
[07:52:22.409] Checking proof obligations mbedtls_ssl_tls13_handshake_client_step ...
Calling Yices to check sat
Running check sat
Calling Yices to check sat
Running check sat
[07:52:22.432] Proof succeeded! mbedtls_ssl_tls13_handshake_client_step
[07:52:22.432] Verifing: MBEDTLS_SSL_SERVER_KEY_EXCHANGE-MBEDTLS_SSL_EARLY_DATA_STATE_NO_IND_SENT
[07:52:23.770] Verifying mbedtls_ssl_tls13_handshake_client_step ...
[07:52:23.775] Simulating mbedtls_ssl_tls13_handshake_client_step ...
[07:52:23.788] Checking proof obligations mbedtls_ssl_tls13_handshake_client_step ...
Calling Yices to check sat
Running check sat
Calling Yices to check sat
Running check sat
[07:52:23.809] Proof succeeded! mbedtls_ssl_tls13_handshake_client_step
[07:52:23.810] Verifing: MBEDTLS_SSL_SERVER_KEY_EXCHANGE-MBEDTLS_SSL_EARLY_DATA_STATE_IND_SENT
[07:52:25.178] Verifying mbedtls_ssl_tls13_handshake_client_step ...
[07:52:25.184] Simulating mbedtls_ssl_tls13_handshake_client_step ...
[07:52:25.197] Checking proof obligations mbedtls_ssl_tls13_handshake_client_step ...
Calling Yices to check sat
Running check sat
Calling Yices to check sat
Running check sat
[07:52:25.218] Proof succeeded! mbedtls_ssl_tls13_handshake_client_step
[07:52:25.219] Verifing: MBEDTLS_SSL_SERVER_KEY_EXCHANGE-MBEDTLS_SSL_EARLY_DATA_STATE_CAN_WRITE
[07:52:26.672] Verifying mbedtls_ssl_tls13_handshake_client_step ...
[07:52:26.678] Simulating mbedtls_ssl_tls13_handshake_client_step ...
[07:52:26.691] Checking proof obligations mbedtls_ssl_tls13_handshake_client_step ...
Calling Yices to check sat
Running check sat
Calling Yices to check sat
Running check sat
[07:52:26.714] Proof succeeded! mbedtls_ssl_tls13_handshake_client_step
[07:52:26.714] Verifing: MBEDTLS_SSL_SERVER_KEY_EXCHANGE-MBEDTLS_SSL_EARLY_DATA_STATE_ACCEPTED
[07:52:28.124] Verifying mbedtls_ssl_tls13_handshake_client_step ...
[07:52:28.129] Simulating mbedtls_ssl_tls13_handshake_client_step ...
[07:52:28.142] Checking proof obligations mbedtls_ssl_tls13_handshake_client_step ...
Calling Yices to check sat
Running check sat
Calling Yices to check sat
Running check sat
[07:52:28.368] Proof succeeded! mbedtls_ssl_tls13_handshake_client_step
[07:52:28.368] Verifing: MBEDTLS_SSL_SERVER_KEY_EXCHANGE-MBEDTLS_SSL_EARLY_DATA_STATE_REJECTED
[07:52:29.751] Verifying mbedtls_ssl_tls13_handshake_client_step ...
[07:52:29.757] Simulating mbedtls_ssl_tls13_handshake_client_step ...
[07:52:29.770] Checking proof obligations mbedtls_ssl_tls13_handshake_client_step ...
Calling Yices to check sat
Running check sat
Calling Yices to check sat
Running check sat
[07:52:29.793] Proof succeeded! mbedtls_ssl_tls13_handshake_client_step
[07:52:29.793] Verifing: MBEDTLS_SSL_SERVER_KEY_EXCHANGE-MBEDTLS_SSL_EARLY_DATA_STATE_SERVER_FINISHED_RECEIVED
[07:52:31.213] Verifying mbedtls_ssl_tls13_handshake_client_step ...
[07:52:31.218] Simulating mbedtls_ssl_tls13_handshake_client_step ...
[07:52:31.233] Checking proof obligations mbedtls_ssl_tls13_handshake_client_step ...
Calling Yices to check sat
Running check sat
Calling Yices to check sat
Running check sat
[07:52:31.256] Proof succeeded! mbedtls_ssl_tls13_handshake_client_step
[07:52:31.256] Verifing: MBEDTLS_SSL_CERTIFICATE_REQUEST-MBEDTLS_SSL_EARLY_DATA_STATE_IDLE
[07:52:32.639] Verifying mbedtls_ssl_tls13_handshake_client_step ...
[07:52:32.645] Simulating mbedtls_ssl_tls13_handshake_client_step ...
[07:52:32.662] Checking proof obligations mbedtls_ssl_tls13_handshake_client_step ...
Calling Yices to check sat
Running check sat
Calling Yices to check sat
Running check sat
[07:52:32.684] Proof succeeded! mbedtls_ssl_tls13_handshake_client_step
[07:52:32.684] Verifing: MBEDTLS_SSL_CERTIFICATE_REQUEST-MBEDTLS_SSL_EARLY_DATA_STATE_NO_IND_SENT
[07:52:34.100] Verifying mbedtls_ssl_tls13_handshake_client_step ...
[07:52:34.106] Simulating mbedtls_ssl_tls13_handshake_client_step ...
[07:52:34.124] Checking proof obligations mbedtls_ssl_tls13_handshake_client_step ...
Calling Yices to check sat
Running check sat
Calling Yices to check sat
Running check sat
[07:52:34.145] Proof succeeded! mbedtls_ssl_tls13_handshake_client_step
[07:52:34.145] Verifing: MBEDTLS_SSL_CERTIFICATE_REQUEST-MBEDTLS_SSL_EARLY_DATA_STATE_IND_SENT
[07:52:35.531] Verifying mbedtls_ssl_tls13_handshake_client_step ...
[07:52:35.537] Simulating mbedtls_ssl_tls13_handshake_client_step ...
[07:52:35.556] Checking proof obligations mbedtls_ssl_tls13_handshake_client_step ...
Calling Yices to check sat
Running check sat
Calling Yices to check sat
Running check sat
[07:52:35.579] Proof succeeded! mbedtls_ssl_tls13_handshake_client_step
[07:52:35.579] Verifing: MBEDTLS_SSL_CERTIFICATE_REQUEST-MBEDTLS_SSL_EARLY_DATA_STATE_CAN_WRITE
[07:52:37.009] Verifying mbedtls_ssl_tls13_handshake_client_step ...
[07:52:37.015] Simulating mbedtls_ssl_tls13_handshake_client_step ...
[07:52:37.033] Checking proof obligations mbedtls_ssl_tls13_handshake_client_step ...
Calling Yices to check sat
Running check sat
Calling Yices to check sat
Running check sat
[07:52:37.059] Proof succeeded! mbedtls_ssl_tls13_handshake_client_step
[07:52:37.059] Verifing: MBEDTLS_SSL_CERTIFICATE_REQUEST-MBEDTLS_SSL_EARLY_DATA_STATE_ACCEPTED
[07:52:38.777] Verifying mbedtls_ssl_tls13_handshake_client_step ...
[07:52:38.783] Simulating mbedtls_ssl_tls13_handshake_client_step ...
[07:52:38.799] Checking proof obligations mbedtls_ssl_tls13_handshake_client_step ...
Calling Yices to check sat
Running check sat
Calling Yices to check sat
Running check sat
[07:52:38.820] Proof succeeded! mbedtls_ssl_tls13_handshake_client_step
[07:52:38.820] Verifing: MBEDTLS_SSL_CERTIFICATE_REQUEST-MBEDTLS_SSL_EARLY_DATA_STATE_REJECTED
[07:52:40.237] Verifying mbedtls_ssl_tls13_handshake_client_step ...
[07:52:40.242] Simulating mbedtls_ssl_tls13_handshake_client_step ...
[07:52:40.261] Checking proof obligations mbedtls_ssl_tls13_handshake_client_step ...
Calling Yices to check sat
Running check sat
Calling Yices to check sat
Running check sat
[07:52:40.284] Proof succeeded! mbedtls_ssl_tls13_handshake_client_step
[07:52:40.284] Verifing: MBEDTLS_SSL_CERTIFICATE_REQUEST-MBEDTLS_SSL_EARLY_DATA_STATE_SERVER_FINISHED_RECEIVED
[07:52:41.686] Verifying mbedtls_ssl_tls13_handshake_client_step ...
[07:52:41.692] Simulating mbedtls_ssl_tls13_handshake_client_step ...
[07:52:41.711] Checking proof obligations mbedtls_ssl_tls13_handshake_client_step ...
Calling Yices to check sat
Running check sat
Calling Yices to check sat
Running check sat
[07:52:41.734] Proof succeeded! mbedtls_ssl_tls13_handshake_client_step
[07:52:41.734] Verifing: MBEDTLS_SSL_SERVER_HELLO_DONE-MBEDTLS_SSL_EARLY_DATA_STATE_IDLE
[07:52:43.133] Verifying mbedtls_ssl_tls13_handshake_client_step ...
[07:52:43.139] Simulating mbedtls_ssl_tls13_handshake_client_step ...
[07:52:43.152] Checking proof obligations mbedtls_ssl_tls13_handshake_client_step ...
Calling Yices to check sat
Running check sat
Calling Yices to check sat
Running check sat
[07:52:43.176] Proof succeeded! mbedtls_ssl_tls13_handshake_client_step
[07:52:43.176] Verifing: MBEDTLS_SSL_SERVER_HELLO_DONE-MBEDTLS_SSL_EARLY_DATA_STATE_NO_IND_SENT
[07:52:44.639] Verifying mbedtls_ssl_tls13_handshake_client_step ...
[07:52:44.645] Simulating mbedtls_ssl_tls13_handshake_client_step ...
[07:52:44.658] Checking proof obligations mbedtls_ssl_tls13_handshake_client_step ...
Calling Yices to check sat
Running check sat
Calling Yices to check sat
Running check sat
[07:52:44.681] Proof succeeded! mbedtls_ssl_tls13_handshake_client_step
[07:52:44.681] Verifing: MBEDTLS_SSL_SERVER_HELLO_DONE-MBEDTLS_SSL_EARLY_DATA_STATE_IND_SENT
[07:52:46.096] Verifying mbedtls_ssl_tls13_handshake_client_step ...
[07:52:46.102] Simulating mbedtls_ssl_tls13_handshake_client_step ...
[07:52:46.115] Checking proof obligations mbedtls_ssl_tls13_handshake_client_step ...
Calling Yices to check sat
Running check sat
Calling Yices to check sat
Running check sat
[07:52:46.138] Proof succeeded! mbedtls_ssl_tls13_handshake_client_step
[07:52:46.138] Verifing: MBEDTLS_SSL_SERVER_HELLO_DONE-MBEDTLS_SSL_EARLY_DATA_STATE_CAN_WRITE
[07:52:47.628] Verifying mbedtls_ssl_tls13_handshake_client_step ...
[07:52:47.634] Simulating mbedtls_ssl_tls13_handshake_client_step ...
[07:52:47.647] Checking proof obligations mbedtls_ssl_tls13_handshake_client_step ...
Calling Yices to check sat
Running check sat
Calling Yices to check sat
Running check sat
[07:52:47.669] Proof succeeded! mbedtls_ssl_tls13_handshake_client_step
[07:52:47.669] Verifing: MBEDTLS_SSL_SERVER_HELLO_DONE-MBEDTLS_SSL_EARLY_DATA_STATE_ACCEPTED
[07:52:49.426] Verifying mbedtls_ssl_tls13_handshake_client_step ...
[07:52:49.431] Simulating mbedtls_ssl_tls13_handshake_client_step ...
[07:52:49.446] Checking proof obligations mbedtls_ssl_tls13_handshake_client_step ...
Calling Yices to check sat
Running check sat
Calling Yices to check sat
Running check sat
[07:52:49.469] Proof succeeded! mbedtls_ssl_tls13_handshake_client_step
[07:52:49.469] Verifing: MBEDTLS_SSL_SERVER_HELLO_DONE-MBEDTLS_SSL_EARLY_DATA_STATE_REJECTED
[07:52:50.922] Verifying mbedtls_ssl_tls13_handshake_client_step ...
[07:52:50.928] Simulating mbedtls_ssl_tls13_handshake_client_step ...
[07:52:50.941] Checking proof obligations mbedtls_ssl_tls13_handshake_client_step ...
Calling Yices to check sat
Running check sat
Calling Yices to check sat
Running check sat
[07:52:50.964] Proof succeeded! mbedtls_ssl_tls13_handshake_client_step
[07:52:50.964] Verifing: MBEDTLS_SSL_SERVER_HELLO_DONE-MBEDTLS_SSL_EARLY_DATA_STATE_SERVER_FINISHED_RECEIVED
[07:52:52.411] Verifying mbedtls_ssl_tls13_handshake_client_step ...
[07:52:52.417] Simulating mbedtls_ssl_tls13_handshake_client_step ...
[07:52:52.431] Checking proof obligations mbedtls_ssl_tls13_handshake_client_step ...
Calling Yices to check sat
Running check sat
Calling Yices to check sat
Running check sat
[07:52:52.454] Proof succeeded! mbedtls_ssl_tls13_handshake_client_step
[07:52:52.454] Verifing: MBEDTLS_SSL_CLIENT_CERTIFICATE-MBEDTLS_SSL_EARLY_DATA_STATE_IDLE
[07:52:53.893] Verifying mbedtls_ssl_tls13_handshake_client_step ...
[07:52:53.899] Simulating mbedtls_ssl_tls13_handshake_client_step ...
[07:52:53.917] Checking proof obligations mbedtls_ssl_tls13_handshake_client_step ...
Calling Yices to check sat
Running check sat
Calling Yices to check sat
Running check sat
[07:52:53.940] Proof succeeded! mbedtls_ssl_tls13_handshake_client_step
[07:52:53.940] Verifing: MBEDTLS_SSL_CLIENT_CERTIFICATE-MBEDTLS_SSL_EARLY_DATA_STATE_NO_IND_SENT
[07:52:55.435] Verifying mbedtls_ssl_tls13_handshake_client_step ...
[07:52:55.440] Simulating mbedtls_ssl_tls13_handshake_client_step ...
[07:52:55.460] Checking proof obligations mbedtls_ssl_tls13_handshake_client_step ...
Calling Yices to check sat
Running check sat
Calling Yices to check sat
Running check sat
[07:52:55.485] Proof succeeded! mbedtls_ssl_tls13_handshake_client_step
[07:52:55.485] Verifing: MBEDTLS_SSL_CLIENT_CERTIFICATE-MBEDTLS_SSL_EARLY_DATA_STATE_IND_SENT
[07:52:56.910] Verifying mbedtls_ssl_tls13_handshake_client_step ...
[07:52:56.916] Simulating mbedtls_ssl_tls13_handshake_client_step ...
[07:52:56.936] Checking proof obligations mbedtls_ssl_tls13_handshake_client_step ...
Calling Yices to check sat
Running check sat
Calling Yices to check sat
Running check sat
[07:52:56.961] Proof succeeded! mbedtls_ssl_tls13_handshake_client_step
[07:52:56.961] Verifing: MBEDTLS_SSL_CLIENT_CERTIFICATE-MBEDTLS_SSL_EARLY_DATA_STATE_CAN_WRITE
[07:52:58.420] Verifying mbedtls_ssl_tls13_handshake_client_step ...
[07:52:58.427] Simulating mbedtls_ssl_tls13_handshake_client_step ...
[07:52:58.447] Checking proof obligations mbedtls_ssl_tls13_handshake_client_step ...
Calling Yices to check sat
Running check sat
Calling Yices to check sat
Running check sat
[07:52:58.472] Proof succeeded! mbedtls_ssl_tls13_handshake_client_step
[07:52:58.472] Verifing: MBEDTLS_SSL_CLIENT_CERTIFICATE-MBEDTLS_SSL_EARLY_DATA_STATE_ACCEPTED
[07:53:00.353] Verifying mbedtls_ssl_tls13_handshake_client_step ...
[07:53:00.359] Simulating mbedtls_ssl_tls13_handshake_client_step ...
[07:53:00.378] Checking proof obligations mbedtls_ssl_tls13_handshake_client_step ...
Calling Yices to check sat
Running check sat
Calling Yices to check sat
Running check sat
[07:53:00.403] Proof succeeded! mbedtls_ssl_tls13_handshake_client_step
[07:53:00.403] Verifing: MBEDTLS_SSL_CLIENT_CERTIFICATE-MBEDTLS_SSL_EARLY_DATA_STATE_REJECTED
[07:53:01.840] Verifying mbedtls_ssl_tls13_handshake_client_step ...
[07:53:01.845] Simulating mbedtls_ssl_tls13_handshake_client_step ...
[07:53:01.864] Checking proof obligations mbedtls_ssl_tls13_handshake_client_step ...
Calling Yices to check sat
Running check sat
Calling Yices to check sat
Running check sat
[07:53:01.888] Proof succeeded! mbedtls_ssl_tls13_handshake_client_step
[07:53:01.888] Verifing: MBEDTLS_SSL_CLIENT_CERTIFICATE-MBEDTLS_SSL_EARLY_DATA_STATE_SERVER_FINISHED_RECEIVED
[07:53:03.351] Verifying mbedtls_ssl_tls13_handshake_client_step ...
[07:53:03.356] Simulating mbedtls_ssl_tls13_handshake_client_step ...
[07:53:03.377] Checking proof obligations mbedtls_ssl_tls13_handshake_client_step ...
Calling Yices to check sat
Running check sat
Calling Yices to check sat
Running check sat
[07:53:03.402] Proof succeeded! mbedtls_ssl_tls13_handshake_client_step
[07:53:03.402] Verifing: MBEDTLS_SSL_CLIENT_KEY_EXCHANGE-MBEDTLS_SSL_EARLY_DATA_STATE_IDLE
[07:53:04.987] Verifying mbedtls_ssl_tls13_handshake_client_step ...
[07:53:04.993] Simulating mbedtls_ssl_tls13_handshake_client_step ...
[07:53:05.005] Checking proof obligations mbedtls_ssl_tls13_handshake_client_step ...
Calling Yices to check sat
Running check sat
Calling Yices to check sat
Running check sat
[07:53:05.028] Proof succeeded! mbedtls_ssl_tls13_handshake_client_step
[07:53:05.028] Verifing: MBEDTLS_SSL_CLIENT_KEY_EXCHANGE-MBEDTLS_SSL_EARLY_DATA_STATE_NO_IND_SENT
[07:53:06.598] Verifying mbedtls_ssl_tls13_handshake_client_step ...
[07:53:06.604] Simulating mbedtls_ssl_tls13_handshake_client_step ...
[07:53:06.618] Checking proof obligations mbedtls_ssl_tls13_handshake_client_step ...
Calling Yices to check sat
Running check sat
Calling Yices to check sat
Running check sat
[07:53:06.642] Proof succeeded! mbedtls_ssl_tls13_handshake_client_step
[07:53:06.642] Verifing: MBEDTLS_SSL_CLIENT_KEY_EXCHANGE-MBEDTLS_SSL_EARLY_DATA_STATE_IND_SENT
[07:53:08.189] Verifying mbedtls_ssl_tls13_handshake_client_step ...
[07:53:08.195] Simulating mbedtls_ssl_tls13_handshake_client_step ...
[07:53:08.208] Checking proof obligations mbedtls_ssl_tls13_handshake_client_step ...
Calling Yices to check sat
Running check sat
Calling Yices to check sat
Running check sat
[07:53:08.231] Proof succeeded! mbedtls_ssl_tls13_handshake_client_step
[07:53:08.231] Verifing: MBEDTLS_SSL_CLIENT_KEY_EXCHANGE-MBEDTLS_SSL_EARLY_DATA_STATE_CAN_WRITE
[07:53:09.746] Verifying mbedtls_ssl_tls13_handshake_client_step ...
[07:53:09.752] Simulating mbedtls_ssl_tls13_handshake_client_step ...
[07:53:09.764] Checking proof obligations mbedtls_ssl_tls13_handshake_client_step ...
Calling Yices to check sat
Running check sat
Calling Yices to check sat
Running check sat
[07:53:09.787] Proof succeeded! mbedtls_ssl_tls13_handshake_client_step
[07:53:09.787] Verifing: MBEDTLS_SSL_CLIENT_KEY_EXCHANGE-MBEDTLS_SSL_EARLY_DATA_STATE_ACCEPTED
[07:53:11.625] Verifying mbedtls_ssl_tls13_handshake_client_step ...
[07:53:11.631] Simulating mbedtls_ssl_tls13_handshake_client_step ...
[07:53:11.644] Checking proof obligations mbedtls_ssl_tls13_handshake_client_step ...
Calling Yices to check sat
Running check sat
Calling Yices to check sat
Running check sat
[07:53:11.667] Proof succeeded! mbedtls_ssl_tls13_handshake_client_step
[07:53:11.667] Verifing: MBEDTLS_SSL_CLIENT_KEY_EXCHANGE-MBEDTLS_SSL_EARLY_DATA_STATE_REJECTED
[07:53:13.180] Verifying mbedtls_ssl_tls13_handshake_client_step ...
[07:53:13.186] Simulating mbedtls_ssl_tls13_handshake_client_step ...
[07:53:13.200] Checking proof obligations mbedtls_ssl_tls13_handshake_client_step ...
Calling Yices to check sat
Running check sat
Calling Yices to check sat
Running check sat
[07:53:13.224] Proof succeeded! mbedtls_ssl_tls13_handshake_client_step
[07:53:13.224] Verifing: MBEDTLS_SSL_CLIENT_KEY_EXCHANGE-MBEDTLS_SSL_EARLY_DATA_STATE_SERVER_FINISHED_RECEIVED
[07:53:14.769] Verifying mbedtls_ssl_tls13_handshake_client_step ...
[07:53:14.775] Simulating mbedtls_ssl_tls13_handshake_client_step ...
[07:53:14.787] Checking proof obligations mbedtls_ssl_tls13_handshake_client_step ...
Calling Yices to check sat
Running check sat
Calling Yices to check sat
Running check sat
[07:53:14.810] Proof succeeded! mbedtls_ssl_tls13_handshake_client_step
[07:53:14.810] Verifing: MBEDTLS_SSL_CERTIFICATE_VERIFY-MBEDTLS_SSL_EARLY_DATA_STATE_IDLE
[07:53:16.395] Verifying mbedtls_ssl_tls13_handshake_client_step ...
[07:53:16.401] Simulating mbedtls_ssl_tls13_handshake_client_step ...
[07:53:16.418] Checking proof obligations mbedtls_ssl_tls13_handshake_client_step ...
Calling Yices to check sat
Running check sat
Calling Yices to check sat
Running check sat
[07:53:16.441] Proof succeeded! mbedtls_ssl_tls13_handshake_client_step
[07:53:16.441] Verifing: MBEDTLS_SSL_CERTIFICATE_VERIFY-MBEDTLS_SSL_EARLY_DATA_STATE_NO_IND_SENT
[07:53:17.911] Verifying mbedtls_ssl_tls13_handshake_client_step ...
[07:53:17.917] Simulating mbedtls_ssl_tls13_handshake_client_step ...
[07:53:17.935] Checking proof obligations mbedtls_ssl_tls13_handshake_client_step ...
Calling Yices to check sat
Running check sat
Calling Yices to check sat
Running check sat
[07:53:17.960] Proof succeeded! mbedtls_ssl_tls13_handshake_client_step
[07:53:17.960] Verifing: MBEDTLS_SSL_CERTIFICATE_VERIFY-MBEDTLS_SSL_EARLY_DATA_STATE_IND_SENT
[07:53:19.480] Verifying mbedtls_ssl_tls13_handshake_client_step ...
[07:53:19.487] Simulating mbedtls_ssl_tls13_handshake_client_step ...
[07:53:19.504] Checking proof obligations mbedtls_ssl_tls13_handshake_client_step ...
Calling Yices to check sat
Running check sat
Calling Yices to check sat
Running check sat
[07:53:19.527] Proof succeeded! mbedtls_ssl_tls13_handshake_client_step
[07:53:19.527] Verifing: MBEDTLS_SSL_CERTIFICATE_VERIFY-MBEDTLS_SSL_EARLY_DATA_STATE_CAN_WRITE
[07:53:20.995] Verifying mbedtls_ssl_tls13_handshake_client_step ...
[07:53:21.000] Simulating mbedtls_ssl_tls13_handshake_client_step ...
[07:53:21.019] Checking proof obligations mbedtls_ssl_tls13_handshake_client_step ...
Calling Yices to check sat
Running check sat
Calling Yices to check sat
Running check sat
[07:53:21.042] Proof succeeded! mbedtls_ssl_tls13_handshake_client_step
[07:53:21.042] Verifing: MBEDTLS_SSL_CERTIFICATE_VERIFY-MBEDTLS_SSL_EARLY_DATA_STATE_ACCEPTED
[07:53:22.911] Verifying mbedtls_ssl_tls13_handshake_client_step ...
[07:53:22.917] Simulating mbedtls_ssl_tls13_handshake_client_step ...
[07:53:22.934] Checking proof obligations mbedtls_ssl_tls13_handshake_client_step ...
Calling Yices to check sat
Running check sat
Calling Yices to check sat
Running check sat
[07:53:22.959] Proof succeeded! mbedtls_ssl_tls13_handshake_client_step
[07:53:22.959] Verifing: MBEDTLS_SSL_CERTIFICATE_VERIFY-MBEDTLS_SSL_EARLY_DATA_STATE_REJECTED
[07:53:24.511] Verifying mbedtls_ssl_tls13_handshake_client_step ...
[07:53:24.517] Simulating mbedtls_ssl_tls13_handshake_client_step ...
[07:53:24.534] Checking proof obligations mbedtls_ssl_tls13_handshake_client_step ...
Calling Yices to check sat
Running check sat
Calling Yices to check sat
Running check sat
[07:53:24.558] Proof succeeded! mbedtls_ssl_tls13_handshake_client_step
[07:53:24.558] Verifing: MBEDTLS_SSL_CERTIFICATE_VERIFY-MBEDTLS_SSL_EARLY_DATA_STATE_SERVER_FINISHED_RECEIVED
[07:53:25.980] Verifying mbedtls_ssl_tls13_handshake_client_step ...
[07:53:25.986] Simulating mbedtls_ssl_tls13_handshake_client_step ...
[07:53:26.003] Checking proof obligations mbedtls_ssl_tls13_handshake_client_step ...
Calling Yices to check sat
Running check sat
Calling Yices to check sat
Running check sat
[07:53:26.028] Proof succeeded! mbedtls_ssl_tls13_handshake_client_step
[07:53:26.028] Verifing: MBEDTLS_SSL_CLIENT_CHANGE_CIPHER_SPEC-MBEDTLS_SSL_EARLY_DATA_STATE_IDLE
[07:53:27.485] Verifying mbedtls_ssl_tls13_handshake_client_step ...
[07:53:27.491] Simulating mbedtls_ssl_tls13_handshake_client_step ...
[07:53:27.505] Checking proof obligations mbedtls_ssl_tls13_handshake_client_step ...
Calling Yices to check sat
Running check sat
Calling Yices to check sat
Running check sat
[07:53:27.528] Proof succeeded! mbedtls_ssl_tls13_handshake_client_step
[07:53:27.528] Verifing: MBEDTLS_SSL_CLIENT_CHANGE_CIPHER_SPEC-MBEDTLS_SSL_EARLY_DATA_STATE_NO_IND_SENT
[07:53:29.047] Verifying mbedtls_ssl_tls13_handshake_client_step ...
[07:53:29.052] Simulating mbedtls_ssl_tls13_handshake_client_step ...
[07:53:29.065] Checking proof obligations mbedtls_ssl_tls13_handshake_client_step ...
Calling Yices to check sat
Running check sat
Calling Yices to check sat
Running check sat
[07:53:29.086] Proof succeeded! mbedtls_ssl_tls13_handshake_client_step
[07:53:29.086] Verifing: MBEDTLS_SSL_CLIENT_CHANGE_CIPHER_SPEC-MBEDTLS_SSL_EARLY_DATA_STATE_IND_SENT
[07:53:30.579] Verifying mbedtls_ssl_tls13_handshake_client_step ...
[07:53:30.585] Simulating mbedtls_ssl_tls13_handshake_client_step ...
[07:53:30.598] Checking proof obligations mbedtls_ssl_tls13_handshake_client_step ...
Calling Yices to check sat
Running check sat
Calling Yices to check sat
Running check sat
[07:53:30.620] Proof succeeded! mbedtls_ssl_tls13_handshake_client_step
[07:53:30.620] Verifing: MBEDTLS_SSL_CLIENT_CHANGE_CIPHER_SPEC-MBEDTLS_SSL_EARLY_DATA_STATE_CAN_WRITE
[07:53:32.050] Verifying mbedtls_ssl_tls13_handshake_client_step ...
[07:53:32.057] Simulating mbedtls_ssl_tls13_handshake_client_step ...
[07:53:32.070] Checking proof obligations mbedtls_ssl_tls13_handshake_client_step ...
Calling Yices to check sat
Running check sat
Calling Yices to check sat
Running check sat
[07:53:32.093] Proof succeeded! mbedtls_ssl_tls13_handshake_client_step
[07:53:32.093] Verifing: MBEDTLS_SSL_CLIENT_CHANGE_CIPHER_SPEC-MBEDTLS_SSL_EARLY_DATA_STATE_ACCEPTED
[07:53:33.893] Verifying mbedtls_ssl_tls13_handshake_client_step ...
[07:53:33.899] Simulating mbedtls_ssl_tls13_handshake_client_step ...
[07:53:33.912] Checking proof obligations mbedtls_ssl_tls13_handshake_client_step ...
Calling Yices to check sat
Running check sat
Calling Yices to check sat
Running check sat
[07:53:33.933] Proof succeeded! mbedtls_ssl_tls13_handshake_client_step
[07:53:33.934] Verifing: MBEDTLS_SSL_CLIENT_CHANGE_CIPHER_SPEC-MBEDTLS_SSL_EARLY_DATA_STATE_REJECTED
[07:53:35.405] Verifying mbedtls_ssl_tls13_handshake_client_step ...
[07:53:35.411] Simulating mbedtls_ssl_tls13_handshake_client_step ...
[07:53:35.424] Checking proof obligations mbedtls_ssl_tls13_handshake_client_step ...
Calling Yices to check sat
Running check sat
Calling Yices to check sat
Running check sat
[07:53:35.446] Proof succeeded! mbedtls_ssl_tls13_handshake_client_step
[07:53:35.446] Verifing: MBEDTLS_SSL_CLIENT_CHANGE_CIPHER_SPEC-MBEDTLS_SSL_EARLY_DATA_STATE_SERVER_FINISHED_RECEIVED
[07:53:36.874] Verifying mbedtls_ssl_tls13_handshake_client_step ...
[07:53:36.879] Simulating mbedtls_ssl_tls13_handshake_client_step ...
[07:53:36.893] Checking proof obligations mbedtls_ssl_tls13_handshake_client_step ...
Calling Yices to check sat
Running check sat
Calling Yices to check sat
Running check sat
[07:53:36.915] Proof succeeded! mbedtls_ssl_tls13_handshake_client_step
[07:53:36.915] Verifing: MBEDTLS_SSL_CLIENT_FINISHED-MBEDTLS_SSL_EARLY_DATA_STATE_IDLE
[07:53:38.363] Verifying mbedtls_ssl_tls13_handshake_client_step ...
[07:53:38.369] Simulating mbedtls_ssl_tls13_handshake_client_step ...
[07:53:38.388] Checking proof obligations mbedtls_ssl_tls13_handshake_client_step ...
Calling Yices to check sat
Running check sat
Calling Yices to check sat
Running check sat
[07:53:38.412] Proof succeeded! mbedtls_ssl_tls13_handshake_client_step
[07:53:38.412] Verifing: MBEDTLS_SSL_CLIENT_FINISHED-MBEDTLS_SSL_EARLY_DATA_STATE_NO_IND_SENT
[07:53:40.025] Verifying mbedtls_ssl_tls13_handshake_client_step ...
[07:53:40.031] Simulating mbedtls_ssl_tls13_handshake_client_step ...
[07:53:40.048] Checking proof obligations mbedtls_ssl_tls13_handshake_client_step ...
Calling Yices to check sat
Running check sat
Calling Yices to check sat
Running check sat
[07:53:40.072] Proof succeeded! mbedtls_ssl_tls13_handshake_client_step
[07:53:40.072] Verifing: MBEDTLS_SSL_CLIENT_FINISHED-MBEDTLS_SSL_EARLY_DATA_STATE_IND_SENT
[07:53:41.556] Verifying mbedtls_ssl_tls13_handshake_client_step ...
[07:53:41.562] Simulating mbedtls_ssl_tls13_handshake_client_step ...
[07:53:41.580] Checking proof obligations mbedtls_ssl_tls13_handshake_client_step ...
Calling Yices to check sat
Running check sat
Calling Yices to check sat
Running check sat
[07:53:41.602] Proof succeeded! mbedtls_ssl_tls13_handshake_client_step
[07:53:41.602] Verifing: MBEDTLS_SSL_CLIENT_FINISHED-MBEDTLS_SSL_EARLY_DATA_STATE_CAN_WRITE
[07:53:43.138] Verifying mbedtls_ssl_tls13_handshake_client_step ...
[07:53:43.144] Simulating mbedtls_ssl_tls13_handshake_client_step ...
[07:53:43.162] Checking proof obligations mbedtls_ssl_tls13_handshake_client_step ...
Calling Yices to check sat
Running check sat
Calling Yices to check sat
Running check sat
[07:53:43.189] Proof succeeded! mbedtls_ssl_tls13_handshake_client_step
[07:53:43.189] Verifing: MBEDTLS_SSL_CLIENT_FINISHED-MBEDTLS_SSL_EARLY_DATA_STATE_ACCEPTED
[07:53:44.797] Verifying mbedtls_ssl_tls13_handshake_client_step ...
[07:53:44.803] Simulating mbedtls_ssl_tls13_handshake_client_step ...
[07:53:44.820] Checking proof obligations mbedtls_ssl_tls13_handshake_client_step ...
Calling Yices to check sat
Running check sat
Calling Yices to check sat
Running check sat
[07:53:44.843] Proof succeeded! mbedtls_ssl_tls13_handshake_client_step
[07:53:44.843] Verifing: MBEDTLS_SSL_CLIENT_FINISHED-MBEDTLS_SSL_EARLY_DATA_STATE_REJECTED
[07:53:46.704] Verifying mbedtls_ssl_tls13_handshake_client_step ...
[07:53:46.710] Simulating mbedtls_ssl_tls13_handshake_client_step ...
[07:53:46.729] Checking proof obligations mbedtls_ssl_tls13_handshake_client_step ...
Calling Yices to check sat
Running check sat
Calling Yices to check sat
Running check sat
[07:53:46.753] Proof succeeded! mbedtls_ssl_tls13_handshake_client_step
[07:53:46.753] Verifing: MBEDTLS_SSL_CLIENT_FINISHED-MBEDTLS_SSL_EARLY_DATA_STATE_SERVER_FINISHED_RECEIVED
[07:53:48.314] Verifying mbedtls_ssl_tls13_handshake_client_step ...
[07:53:48.319] Simulating mbedtls_ssl_tls13_handshake_client_step ...
[07:53:48.337] Checking proof obligations mbedtls_ssl_tls13_handshake_client_step ...
Calling Yices to check sat
Running check sat
Calling Yices to check sat
Running check sat
[07:53:48.362] Proof succeeded! mbedtls_ssl_tls13_handshake_client_step
[07:53:48.362] Verifing: MBEDTLS_SSL_SERVER_CHANGE_CIPHER_SPEC-MBEDTLS_SSL_EARLY_DATA_STATE_IDLE
[07:53:49.913] Verifying mbedtls_ssl_tls13_handshake_client_step ...
[07:53:49.918] Simulating mbedtls_ssl_tls13_handshake_client_step ...
[07:53:49.932] Checking proof obligations mbedtls_ssl_tls13_handshake_client_step ...
Calling Yices to check sat
Running check sat
Calling Yices to check sat
Running check sat
[07:53:49.956] Proof succeeded! mbedtls_ssl_tls13_handshake_client_step
[07:53:49.956] Verifing: MBEDTLS_SSL_SERVER_CHANGE_CIPHER_SPEC-MBEDTLS_SSL_EARLY_DATA_STATE_NO_IND_SENT
[07:53:51.561] Verifying mbedtls_ssl_tls13_handshake_client_step ...
[07:53:51.566] Simulating mbedtls_ssl_tls13_handshake_client_step ...
[07:53:51.579] Checking proof obligations mbedtls_ssl_tls13_handshake_client_step ...
Calling Yices to check sat
Running check sat
Calling Yices to check sat
Running check sat
[07:53:51.602] Proof succeeded! mbedtls_ssl_tls13_handshake_client_step
[07:53:51.602] Verifing: MBEDTLS_SSL_SERVER_CHANGE_CIPHER_SPEC-MBEDTLS_SSL_EARLY_DATA_STATE_IND_SENT
[07:53:53.170] Verifying mbedtls_ssl_tls13_handshake_client_step ...
[07:53:53.176] Simulating mbedtls_ssl_tls13_handshake_client_step ...
[07:53:53.189] Checking proof obligations mbedtls_ssl_tls13_handshake_client_step ...
Calling Yices to check sat
Running check sat
Calling Yices to check sat
Running check sat
[07:53:53.212] Proof succeeded! mbedtls_ssl_tls13_handshake_client_step
[07:53:53.212] Verifing: MBEDTLS_SSL_SERVER_CHANGE_CIPHER_SPEC-MBEDTLS_SSL_EARLY_DATA_STATE_CAN_WRITE
[07:53:54.863] Verifying mbedtls_ssl_tls13_handshake_client_step ...
[07:53:54.869] Simulating mbedtls_ssl_tls13_handshake_client_step ...
[07:53:54.882] Checking proof obligations mbedtls_ssl_tls13_handshake_client_step ...
Calling Yices to check sat
Running check sat
Calling Yices to check sat
Running check sat
[07:53:54.904] Proof succeeded! mbedtls_ssl_tls13_handshake_client_step
[07:53:54.904] Verifing: MBEDTLS_SSL_SERVER_CHANGE_CIPHER_SPEC-MBEDTLS_SSL_EARLY_DATA_STATE_ACCEPTED
[07:53:56.549] Verifying mbedtls_ssl_tls13_handshake_client_step ...
[07:53:56.555] Simulating mbedtls_ssl_tls13_handshake_client_step ...
[07:53:56.567] Checking proof obligations mbedtls_ssl_tls13_handshake_client_step ...
Calling Yices to check sat
Running check sat
Calling Yices to check sat
Running check sat
[07:53:56.590] Proof succeeded! mbedtls_ssl_tls13_handshake_client_step
[07:53:56.590] Verifing: MBEDTLS_SSL_SERVER_CHANGE_CIPHER_SPEC-MBEDTLS_SSL_EARLY_DATA_STATE_REJECTED
[07:53:58.159] Verifying mbedtls_ssl_tls13_handshake_client_step ...
[07:53:58.165] Simulating mbedtls_ssl_tls13_handshake_client_step ...
[07:53:58.178] Checking proof obligations mbedtls_ssl_tls13_handshake_client_step ...
Calling Yices to check sat
Running check sat
Calling Yices to check sat
Running check sat
[07:53:58.201] Proof succeeded! mbedtls_ssl_tls13_handshake_client_step
[07:53:58.202] Verifing: MBEDTLS_SSL_SERVER_CHANGE_CIPHER_SPEC-MBEDTLS_SSL_EARLY_DATA_STATE_SERVER_FINISHED_RECEIVED
[07:54:00.196] Verifying mbedtls_ssl_tls13_handshake_client_step ...
[07:54:00.202] Simulating mbedtls_ssl_tls13_handshake_client_step ...
[07:54:00.214] Checking proof obligations mbedtls_ssl_tls13_handshake_client_step ...
Calling Yices to check sat
Running check sat
Calling Yices to check sat
Running check sat
[07:54:00.236] Proof succeeded! mbedtls_ssl_tls13_handshake_client_step
[07:54:00.236] Verifing: MBEDTLS_SSL_SERVER_FINISHED-MBEDTLS_SSL_EARLY_DATA_STATE_IDLE
[07:54:01.770] Verifying mbedtls_ssl_tls13_handshake_client_step ...
[07:54:01.775] Simulating mbedtls_ssl_tls13_handshake_client_step ...
[07:54:01.794] Checking proof obligations mbedtls_ssl_tls13_handshake_client_step ...
Calling Yices to check sat
Running check sat
Calling Yices to check sat
Running check sat
[07:54:01.819] Proof succeeded! mbedtls_ssl_tls13_handshake_client_step
[07:54:01.819] Verifing: MBEDTLS_SSL_SERVER_FINISHED-MBEDTLS_SSL_EARLY_DATA_STATE_NO_IND_SENT
[07:54:03.394] Verifying mbedtls_ssl_tls13_handshake_client_step ...
[07:54:03.400] Simulating mbedtls_ssl_tls13_handshake_client_step ...
[07:54:03.418] Checking proof obligations mbedtls_ssl_tls13_handshake_client_step ...
Calling Yices to check sat
Running check sat
Calling Yices to check sat
Running check sat
[07:54:03.440] Proof succeeded! mbedtls_ssl_tls13_handshake_client_step
[07:54:03.440] Verifing: MBEDTLS_SSL_SERVER_FINISHED-MBEDTLS_SSL_EARLY_DATA_STATE_IND_SENT
[07:54:05.026] Verifying mbedtls_ssl_tls13_handshake_client_step ...
[07:54:05.032] Simulating mbedtls_ssl_tls13_handshake_client_step ...
[07:54:05.051] Checking proof obligations mbedtls_ssl_tls13_handshake_client_step ...
Calling Yices to check sat
Running check sat
Calling Yices to check sat
Running check sat
[07:54:05.076] Proof succeeded! mbedtls_ssl_tls13_handshake_client_step
[07:54:05.076] Verifing: MBEDTLS_SSL_SERVER_FINISHED-MBEDTLS_SSL_EARLY_DATA_STATE_CAN_WRITE
[07:54:06.616] Verifying mbedtls_ssl_tls13_handshake_client_step ...
[07:54:06.622] Simulating mbedtls_ssl_tls13_handshake_client_step ...
[07:54:06.640] Checking proof obligations mbedtls_ssl_tls13_handshake_client_step ...
Calling Yices to check sat
Running check sat
Calling Yices to check sat
Running check sat
[07:54:06.664] Proof succeeded! mbedtls_ssl_tls13_handshake_client_step
[07:54:06.664] Verifing: MBEDTLS_SSL_SERVER_FINISHED-MBEDTLS_SSL_EARLY_DATA_STATE_ACCEPTED
[07:54:08.243] Verifying mbedtls_ssl_tls13_handshake_client_step ...
[07:54:08.249] Simulating mbedtls_ssl_tls13_handshake_client_step ...
[07:54:08.268] Checking proof obligations mbedtls_ssl_tls13_handshake_client_step ...
Calling Yices to check sat
Running check sat
Calling Yices to check sat
Running check sat
[07:54:08.292] Proof succeeded! mbedtls_ssl_tls13_handshake_client_step
[07:54:08.292] Verifing: MBEDTLS_SSL_SERVER_FINISHED-MBEDTLS_SSL_EARLY_DATA_STATE_REJECTED
[07:54:09.794] Verifying mbedtls_ssl_tls13_handshake_client_step ...
[07:54:09.800] Simulating mbedtls_ssl_tls13_handshake_client_step ...
[07:54:09.818] Checking proof obligations mbedtls_ssl_tls13_handshake_client_step ...
Calling Yices to check sat
Running check sat
Calling Yices to check sat
Running check sat
[07:54:09.842] Proof succeeded! mbedtls_ssl_tls13_handshake_client_step
[07:54:09.842] Verifing: MBEDTLS_SSL_SERVER_FINISHED-MBEDTLS_SSL_EARLY_DATA_STATE_SERVER_FINISHED_RECEIVED
[07:54:11.386] Verifying mbedtls_ssl_tls13_handshake_client_step ...
[07:54:11.392] Simulating mbedtls_ssl_tls13_handshake_client_step ...
[07:54:11.409] Checking proof obligations mbedtls_ssl_tls13_handshake_client_step ...
Calling Yices to check sat
Running check sat
Calling Yices to check sat
Running check sat
[07:54:11.431] Proof succeeded! mbedtls_ssl_tls13_handshake_client_step
[07:54:11.431] Verifing: MBEDTLS_SSL_FLUSH_BUFFERS-MBEDTLS_SSL_EARLY_DATA_STATE_IDLE
[07:54:13.442] Verifying mbedtls_ssl_tls13_handshake_client_step ...
[07:54:13.448] Simulating mbedtls_ssl_tls13_handshake_client_step ...
[07:54:13.461] Checking proof obligations mbedtls_ssl_tls13_handshake_client_step ...
Calling Yices to check sat
Running check sat
Calling Yices to check sat
Running check sat
[07:54:13.482] Proof succeeded! mbedtls_ssl_tls13_handshake_client_step
[07:54:13.482] Verifing: MBEDTLS_SSL_FLUSH_BUFFERS-MBEDTLS_SSL_EARLY_DATA_STATE_NO_IND_SENT
[07:54:15.108] Verifying mbedtls_ssl_tls13_handshake_client_step ...
[07:54:15.114] Simulating mbedtls_ssl_tls13_handshake_client_step ...
[07:54:15.129] Checking proof obligations mbedtls_ssl_tls13_handshake_client_step ...
Calling Yices to check sat
Running check sat
Calling Yices to check sat
Running check sat
[07:54:15.151] Proof succeeded! mbedtls_ssl_tls13_handshake_client_step
[07:54:15.151] Verifing: MBEDTLS_SSL_FLUSH_BUFFERS-MBEDTLS_SSL_EARLY_DATA_STATE_IND_SENT
[07:54:16.700] Verifying mbedtls_ssl_tls13_handshake_client_step ...
[07:54:16.706] Simulating mbedtls_ssl_tls13_handshake_client_step ...
[07:54:16.719] Checking proof obligations mbedtls_ssl_tls13_handshake_client_step ...
Calling Yices to check sat
Running check sat
Calling Yices to check sat
Running check sat
[07:54:16.741] Proof succeeded! mbedtls_ssl_tls13_handshake_client_step
[07:54:16.741] Verifing: MBEDTLS_SSL_FLUSH_BUFFERS-MBEDTLS_SSL_EARLY_DATA_STATE_CAN_WRITE
[07:54:18.316] Verifying mbedtls_ssl_tls13_handshake_client_step ...
[07:54:18.323] Simulating mbedtls_ssl_tls13_handshake_client_step ...
[07:54:18.337] Checking proof obligations mbedtls_ssl_tls13_handshake_client_step ...
Calling Yices to check sat
Running check sat
Calling Yices to check sat
Running check sat
[07:54:18.360] Proof succeeded! mbedtls_ssl_tls13_handshake_client_step
[07:54:18.360] Verifing: MBEDTLS_SSL_FLUSH_BUFFERS-MBEDTLS_SSL_EARLY_DATA_STATE_ACCEPTED
[07:54:20.001] Verifying mbedtls_ssl_tls13_handshake_client_step ...
[07:54:20.006] Simulating mbedtls_ssl_tls13_handshake_client_step ...
[07:54:20.021] Checking proof obligations mbedtls_ssl_tls13_handshake_client_step ...
Calling Yices to check sat
Running check sat
Calling Yices to check sat
Running check sat
[07:54:20.043] Proof succeeded! mbedtls_ssl_tls13_handshake_client_step
[07:54:20.043] Verifing: MBEDTLS_SSL_FLUSH_BUFFERS-MBEDTLS_SSL_EARLY_DATA_STATE_REJECTED
[07:54:21.685] Verifying mbedtls_ssl_tls13_handshake_client_step ...
[07:54:21.691] Simulating mbedtls_ssl_tls13_handshake_client_step ...
[07:54:21.704] Checking proof obligations mbedtls_ssl_tls13_handshake_client_step ...
Calling Yices to check sat
Running check sat
Calling Yices to check sat
Running check sat
[07:54:21.725] Proof succeeded! mbedtls_ssl_tls13_handshake_client_step
[07:54:21.725] Verifing: MBEDTLS_SSL_FLUSH_BUFFERS-MBEDTLS_SSL_EARLY_DATA_STATE_SERVER_FINISHED_RECEIVED
[07:54:23.317] Verifying mbedtls_ssl_tls13_handshake_client_step ...
[07:54:23.322] Simulating mbedtls_ssl_tls13_handshake_client_step ...
[07:54:23.337] Checking proof obligations mbedtls_ssl_tls13_handshake_client_step ...
Calling Yices to check sat
Running check sat
Calling Yices to check sat
Running check sat
[07:54:23.358] Proof succeeded! mbedtls_ssl_tls13_handshake_client_step
[07:54:23.358] Verifing: MBEDTLS_SSL_HANDSHAKE_WRAPUP-MBEDTLS_SSL_EARLY_DATA_STATE_IDLE
[07:54:24.992] Verifying mbedtls_ssl_tls13_handshake_client_step ...
[07:54:24.998] Simulating mbedtls_ssl_tls13_handshake_client_step ...
[07:54:25.012] Checking proof obligations mbedtls_ssl_tls13_handshake_client_step ...
Calling Yices to check sat
Running check sat
Calling Yices to check sat
Running check sat
[07:54:25.034] Proof succeeded! mbedtls_ssl_tls13_handshake_client_step
[07:54:25.035] Verifing: MBEDTLS_SSL_HANDSHAKE_WRAPUP-MBEDTLS_SSL_EARLY_DATA_STATE_NO_IND_SENT
[07:54:27.071] Verifying mbedtls_ssl_tls13_handshake_client_step ...
[07:54:27.076] Simulating mbedtls_ssl_tls13_handshake_client_step ...
[07:54:27.091] Checking proof obligations mbedtls_ssl_tls13_handshake_client_step ...
Calling Yices to check sat
Running check sat
Calling Yices to check sat
Running check sat
[07:54:27.111] Proof succeeded! mbedtls_ssl_tls13_handshake_client_step
[07:54:27.111] Verifing: MBEDTLS_SSL_HANDSHAKE_WRAPUP-MBEDTLS_SSL_EARLY_DATA_STATE_IND_SENT
[07:54:28.722] Verifying mbedtls_ssl_tls13_handshake_client_step ...
[07:54:28.728] Simulating mbedtls_ssl_tls13_handshake_client_step ...
[07:54:28.742] Checking proof obligations mbedtls_ssl_tls13_handshake_client_step ...
Calling Yices to check sat
Running check sat
Calling Yices to check sat
Running check sat
[07:54:28.764] Proof succeeded! mbedtls_ssl_tls13_handshake_client_step
[07:54:28.764] Verifing: MBEDTLS_SSL_HANDSHAKE_WRAPUP-MBEDTLS_SSL_EARLY_DATA_STATE_CAN_WRITE
[07:54:30.417] Verifying mbedtls_ssl_tls13_handshake_client_step ...
[07:54:30.423] Simulating mbedtls_ssl_tls13_handshake_client_step ...
[07:54:30.436] Checking proof obligations mbedtls_ssl_tls13_handshake_client_step ...
Calling Yices to check sat
Running check sat
Calling Yices to check sat
Running check sat
[07:54:30.457] Proof succeeded! mbedtls_ssl_tls13_handshake_client_step
[07:54:30.457] Verifing: MBEDTLS_SSL_HANDSHAKE_WRAPUP-MBEDTLS_SSL_EARLY_DATA_STATE_ACCEPTED
[07:54:32.139] Verifying mbedtls_ssl_tls13_handshake_client_step ...
[07:54:32.146] Simulating mbedtls_ssl_tls13_handshake_client_step ...
[07:54:32.161] Checking proof obligations mbedtls_ssl_tls13_handshake_client_step ...
Calling Yices to check sat
Running check sat
Calling Yices to check sat
Running check sat
[07:54:32.185] Proof succeeded! mbedtls_ssl_tls13_handshake_client_step
[07:54:32.185] Verifing: MBEDTLS_SSL_HANDSHAKE_WRAPUP-MBEDTLS_SSL_EARLY_DATA_STATE_REJECTED
[07:54:33.859] Verifying mbedtls_ssl_tls13_handshake_client_step ...
[07:54:33.865] Simulating mbedtls_ssl_tls13_handshake_client_step ...
[07:54:33.879] Checking proof obligations mbedtls_ssl_tls13_handshake_client_step ...
Calling Yices to check sat
Running check sat
Calling Yices to check sat
Running check sat
[07:54:33.900] Proof succeeded! mbedtls_ssl_tls13_handshake_client_step
[07:54:33.900] Verifing: MBEDTLS_SSL_HANDSHAKE_WRAPUP-MBEDTLS_SSL_EARLY_DATA_STATE_SERVER_FINISHED_RECEIVED
[07:54:35.524] Verifying mbedtls_ssl_tls13_handshake_client_step ...
[07:54:35.530] Simulating mbedtls_ssl_tls13_handshake_client_step ...
[07:54:35.545] Checking proof obligations mbedtls_ssl_tls13_handshake_client_step ...
Calling Yices to check sat
Running check sat
Calling Yices to check sat
Running check sat
[07:54:35.569] Proof succeeded! mbedtls_ssl_tls13_handshake_client_step
[07:54:35.569] Verifing: MBEDTLS_SSL_NEW_SESSION_TICKET-MBEDTLS_SSL_EARLY_DATA_STATE_IDLE
[07:54:37.227] Verifying mbedtls_ssl_tls13_handshake_client_step ...
[07:54:37.233] Simulating mbedtls_ssl_tls13_handshake_client_step ...
[07:54:37.246] Checking proof obligations mbedtls_ssl_tls13_handshake_client_step ...
Calling Yices to check sat
Running check sat
Calling Yices to check sat
Running check sat
[07:54:37.269] Proof succeeded! mbedtls_ssl_tls13_handshake_client_step
[07:54:37.269] Verifing: MBEDTLS_SSL_NEW_SESSION_TICKET-MBEDTLS_SSL_EARLY_DATA_STATE_NO_IND_SENT
[07:54:38.879] Verifying mbedtls_ssl_tls13_handshake_client_step ...
[07:54:38.885] Simulating mbedtls_ssl_tls13_handshake_client_step ...
[07:54:38.898] Checking proof obligations mbedtls_ssl_tls13_handshake_client_step ...
Calling Yices to check sat
Running check sat
Calling Yices to check sat
Running check sat
[07:54:38.921] Proof succeeded! mbedtls_ssl_tls13_handshake_client_step
[07:54:38.921] Verifing: MBEDTLS_SSL_NEW_SESSION_TICKET-MBEDTLS_SSL_EARLY_DATA_STATE_IND_SENT
[07:54:40.568] Verifying mbedtls_ssl_tls13_handshake_client_step ...
[07:54:40.573] Simulating mbedtls_ssl_tls13_handshake_client_step ...
[07:54:40.587] Checking proof obligations mbedtls_ssl_tls13_handshake_client_step ...
Calling Yices to check sat
Running check sat
Calling Yices to check sat
Running check sat
[07:54:41.021] Proof succeeded! mbedtls_ssl_tls13_handshake_client_step
[07:54:41.021] Verifing: MBEDTLS_SSL_NEW_SESSION_TICKET-MBEDTLS_SSL_EARLY_DATA_STATE_CAN_WRITE
[07:54:42.779] Verifying mbedtls_ssl_tls13_handshake_client_step ...
[07:54:42.784] Simulating mbedtls_ssl_tls13_handshake_client_step ...
[07:54:42.797] Checking proof obligations mbedtls_ssl_tls13_handshake_client_step ...
Calling Yices to check sat
Running check sat
Calling Yices to check sat
Running check sat
[07:54:42.819] Proof succeeded! mbedtls_ssl_tls13_handshake_client_step
[07:54:42.819] Verifing: MBEDTLS_SSL_NEW_SESSION_TICKET-MBEDTLS_SSL_EARLY_DATA_STATE_ACCEPTED
[07:54:44.432] Verifying mbedtls_ssl_tls13_handshake_client_step ...
[07:54:44.437] Simulating mbedtls_ssl_tls13_handshake_client_step ...
[07:54:44.450] Checking proof obligations mbedtls_ssl_tls13_handshake_client_step ...
Calling Yices to check sat
Running check sat
Calling Yices to check sat
Running check sat
[07:54:44.471] Proof succeeded! mbedtls_ssl_tls13_handshake_client_step
[07:54:44.471] Verifing: MBEDTLS_SSL_NEW_SESSION_TICKET-MBEDTLS_SSL_EARLY_DATA_STATE_REJECTED
[07:54:46.039] Verifying mbedtls_ssl_tls13_handshake_client_step ...
[07:54:46.045] Simulating mbedtls_ssl_tls13_handshake_client_step ...
[07:54:46.058] Checking proof obligations mbedtls_ssl_tls13_handshake_client_step ...
Calling Yices to check sat
Running check sat
Calling Yices to check sat
Running check sat
[07:54:46.080] Proof succeeded! mbedtls_ssl_tls13_handshake_client_step
[07:54:46.080] Verifing: MBEDTLS_SSL_NEW_SESSION_TICKET-MBEDTLS_SSL_EARLY_DATA_STATE_SERVER_FINISHED_RECEIVED
[07:54:47.760] Verifying mbedtls_ssl_tls13_handshake_client_step ...
[07:54:47.766] Simulating mbedtls_ssl_tls13_handshake_client_step ...
[07:54:47.779] Checking proof obligations mbedtls_ssl_tls13_handshake_client_step ...
Calling Yices to check sat
Running check sat
Calling Yices to check sat
Running check sat
[07:54:47.802] Proof succeeded! mbedtls_ssl_tls13_handshake_client_step
[07:54:47.802] Verifing: MBEDTLS_SSL_SERVER_HELLO_VERIFY_REQUEST_SENT-MBEDTLS_SSL_EARLY_DATA_STATE_IDLE
[07:54:49.467] Verifying mbedtls_ssl_tls13_handshake_client_step ...
[07:54:49.473] Simulating mbedtls_ssl_tls13_handshake_client_step ...
[07:54:49.486] Checking proof obligations mbedtls_ssl_tls13_handshake_client_step ...
Calling Yices to check sat
Running check sat
Calling Yices to check sat
Running check sat
[07:54:49.510] Proof succeeded! mbedtls_ssl_tls13_handshake_client_step
[07:54:49.510] Verifing: MBEDTLS_SSL_SERVER_HELLO_VERIFY_REQUEST_SENT-MBEDTLS_SSL_EARLY_DATA_STATE_NO_IND_SENT
[07:54:51.150] Verifying mbedtls_ssl_tls13_handshake_client_step ...
[07:54:51.157] Simulating mbedtls_ssl_tls13_handshake_client_step ...
[07:54:51.170] Checking proof obligations mbedtls_ssl_tls13_handshake_client_step ...
Calling Yices to check sat
Running check sat
Calling Yices to check sat
Running check sat
[07:54:51.192] Proof succeeded! mbedtls_ssl_tls13_handshake_client_step
[07:54:51.192] Verifing: MBEDTLS_SSL_SERVER_HELLO_VERIFY_REQUEST_SENT-MBEDTLS_SSL_EARLY_DATA_STATE_IND_SENT
[07:54:52.837] Verifying mbedtls_ssl_tls13_handshake_client_step ...
[07:54:52.843] Simulating mbedtls_ssl_tls13_handshake_client_step ...
[07:54:52.856] Checking proof obligations mbedtls_ssl_tls13_handshake_client_step ...
Calling Yices to check sat
Running check sat
Calling Yices to check sat
Running check sat
[07:54:52.879] Proof succeeded! mbedtls_ssl_tls13_handshake_client_step
[07:54:52.879] Verifing: MBEDTLS_SSL_SERVER_HELLO_VERIFY_REQUEST_SENT-MBEDTLS_SSL_EARLY_DATA_STATE_CAN_WRITE
[07:54:54.491] Verifying mbedtls_ssl_tls13_handshake_client_step ...
[07:54:54.496] Simulating mbedtls_ssl_tls13_handshake_client_step ...
[07:54:54.509] Checking proof obligations mbedtls_ssl_tls13_handshake_client_step ...
Calling Yices to check sat
Running check sat
Calling Yices to check sat
Running check sat
[07:54:54.530] Proof succeeded! mbedtls_ssl_tls13_handshake_client_step
[07:54:54.530] Verifing: MBEDTLS_SSL_SERVER_HELLO_VERIFY_REQUEST_SENT-MBEDTLS_SSL_EARLY_DATA_STATE_ACCEPTED
[07:54:56.601] Verifying mbedtls_ssl_tls13_handshake_client_step ...
[07:54:56.606] Simulating mbedtls_ssl_tls13_handshake_client_step ...
[07:54:56.619] Checking proof obligations mbedtls_ssl_tls13_handshake_client_step ...
Calling Yices to check sat
Running check sat
Calling Yices to check sat
Running check sat
[07:54:56.641] Proof succeeded! mbedtls_ssl_tls13_handshake_client_step
[07:54:56.641] Verifing: MBEDTLS_SSL_SERVER_HELLO_VERIFY_REQUEST_SENT-MBEDTLS_SSL_EARLY_DATA_STATE_REJECTED
[07:54:58.224] Verifying mbedtls_ssl_tls13_handshake_client_step ...
[07:54:58.230] Simulating mbedtls_ssl_tls13_handshake_client_step ...
[07:54:58.242] Checking proof obligations mbedtls_ssl_tls13_handshake_client_step ...
Calling Yices to check sat
Running check sat
Calling Yices to check sat
Running check sat
[07:54:58.263] Proof succeeded! mbedtls_ssl_tls13_handshake_client_step
[07:54:58.263] Verifing: MBEDTLS_SSL_SERVER_HELLO_VERIFY_REQUEST_SENT-MBEDTLS_SSL_EARLY_DATA_STATE_SERVER_FINISHED_RECEIVED
[07:54:59.933] Verifying mbedtls_ssl_tls13_handshake_client_step ...
[07:54:59.939] Simulating mbedtls_ssl_tls13_handshake_client_step ...
[07:54:59.951] Checking proof obligations mbedtls_ssl_tls13_handshake_client_step ...
Calling Yices to check sat
Running check sat
Calling Yices to check sat
Running check sat
[07:54:59.973] Proof succeeded! mbedtls_ssl_tls13_handshake_client_step
[07:54:59.973] Verifing: MBEDTLS_SSL_HELLO_RETRY_REQUEST-MBEDTLS_SSL_EARLY_DATA_STATE_IDLE
[07:55:01.542] Verifying mbedtls_ssl_tls13_handshake_client_step ...
[07:55:01.548] Simulating mbedtls_ssl_tls13_handshake_client_step ...
[07:55:01.560] Checking proof obligations mbedtls_ssl_tls13_handshake_client_step ...
Calling Yices to check sat
Running check sat
Calling Yices to check sat
Running check sat
[07:55:01.582] Proof succeeded! mbedtls_ssl_tls13_handshake_client_step
[07:55:01.582] Verifing: MBEDTLS_SSL_HELLO_RETRY_REQUEST-MBEDTLS_SSL_EARLY_DATA_STATE_NO_IND_SENT
[07:55:03.186] Verifying mbedtls_ssl_tls13_handshake_client_step ...
[07:55:03.192] Simulating mbedtls_ssl_tls13_handshake_client_step ...
[07:55:03.206] Checking proof obligations mbedtls_ssl_tls13_handshake_client_step ...
Calling Yices to check sat
Running check sat
Calling Yices to check sat
Running check sat
[07:55:03.229] Proof succeeded! mbedtls_ssl_tls13_handshake_client_step
[07:55:03.229] Verifing: MBEDTLS_SSL_HELLO_RETRY_REQUEST-MBEDTLS_SSL_EARLY_DATA_STATE_IND_SENT
[07:55:04.953] Verifying mbedtls_ssl_tls13_handshake_client_step ...
[07:55:04.959] Simulating mbedtls_ssl_tls13_handshake_client_step ...
[07:55:04.972] Checking proof obligations mbedtls_ssl_tls13_handshake_client_step ...
Calling Yices to check sat
Running check sat
Calling Yices to check sat
Running check sat
[07:55:04.993] Proof succeeded! mbedtls_ssl_tls13_handshake_client_step
[07:55:04.993] Verifing: MBEDTLS_SSL_HELLO_RETRY_REQUEST-MBEDTLS_SSL_EARLY_DATA_STATE_CAN_WRITE
[07:55:06.618] Verifying mbedtls_ssl_tls13_handshake_client_step ...
[07:55:06.624] Simulating mbedtls_ssl_tls13_handshake_client_step ...
[07:55:06.638] Checking proof obligations mbedtls_ssl_tls13_handshake_client_step ...
Calling Yices to check sat
Running check sat
Calling Yices to check sat
Running check sat
[07:55:06.661] Proof succeeded! mbedtls_ssl_tls13_handshake_client_step
[07:55:06.661] Verifing: MBEDTLS_SSL_HELLO_RETRY_REQUEST-MBEDTLS_SSL_EARLY_DATA_STATE_ACCEPTED
[07:55:08.310] Verifying mbedtls_ssl_tls13_handshake_client_step ...
[07:55:08.316] Simulating mbedtls_ssl_tls13_handshake_client_step ...
[07:55:08.329] Checking proof obligations mbedtls_ssl_tls13_handshake_client_step ...
Calling Yices to check sat
Running check sat
Calling Yices to check sat
Running check sat
[07:55:08.353] Proof succeeded! mbedtls_ssl_tls13_handshake_client_step
[07:55:08.353] Verifing: MBEDTLS_SSL_HELLO_RETRY_REQUEST-MBEDTLS_SSL_EARLY_DATA_STATE_REJECTED
[07:55:10.019] Verifying mbedtls_ssl_tls13_handshake_client_step ...
[07:55:10.024] Simulating mbedtls_ssl_tls13_handshake_client_step ...
[07:55:10.038] Checking proof obligations mbedtls_ssl_tls13_handshake_client_step ...
Calling Yices to check sat
Running check sat
Calling Yices to check sat
Running check sat
[07:55:10.062] Proof succeeded! mbedtls_ssl_tls13_handshake_client_step
[07:55:10.063] Verifing: MBEDTLS_SSL_HELLO_RETRY_REQUEST-MBEDTLS_SSL_EARLY_DATA_STATE_SERVER_FINISHED_RECEIVED
[07:55:12.245] Verifying mbedtls_ssl_tls13_handshake_client_step ...
[07:55:12.251] Simulating mbedtls_ssl_tls13_handshake_client_step ...
[07:55:12.265] Checking proof obligations mbedtls_ssl_tls13_handshake_client_step ...
Calling Yices to check sat
Running check sat
Calling Yices to check sat
Running check sat
[07:55:12.289] Proof succeeded! mbedtls_ssl_tls13_handshake_client_step
[07:55:12.289] Verifing: MBEDTLS_SSL_ENCRYPTED_EXTENSIONS-MBEDTLS_SSL_EARLY_DATA_STATE_IDLE
[07:55:13.978] Verifying mbedtls_ssl_tls13_handshake_client_step ...
[07:55:13.984] Simulating mbedtls_ssl_tls13_handshake_client_step ...
[07:55:14.007] Checking proof obligations mbedtls_ssl_tls13_handshake_client_step ...
Calling Yices to check sat
Running check sat
Calling Yices to check sat
Running check sat
[07:55:14.029] Proof succeeded! mbedtls_ssl_tls13_handshake_client_step
[07:55:14.029] Verifing: MBEDTLS_SSL_ENCRYPTED_EXTENSIONS-MBEDTLS_SSL_EARLY_DATA_STATE_NO_IND_SENT
[07:55:15.657] Verifying mbedtls_ssl_tls13_handshake_client_step ...
[07:55:15.662] Simulating mbedtls_ssl_tls13_handshake_client_step ...
[07:55:15.683] Checking proof obligations mbedtls_ssl_tls13_handshake_client_step ...
Calling Yices to check sat
Running check sat
Calling Yices to check sat
Running check sat
[07:55:15.705] Proof succeeded! mbedtls_ssl_tls13_handshake_client_step
[07:55:15.705] Verifing: MBEDTLS_SSL_ENCRYPTED_EXTENSIONS-MBEDTLS_SSL_EARLY_DATA_STATE_IND_SENT
[07:55:17.359] Verifying mbedtls_ssl_tls13_handshake_client_step ...
[07:55:17.364] Simulating mbedtls_ssl_tls13_handshake_client_step ...
[07:55:17.387] Checking proof obligations mbedtls_ssl_tls13_handshake_client_step ...
Calling Yices to check sat
Running check sat
Calling Yices to check sat
Running check sat
[07:55:17.408] Proof succeeded! mbedtls_ssl_tls13_handshake_client_step
[07:55:17.408] Verifing: MBEDTLS_SSL_ENCRYPTED_EXTENSIONS-MBEDTLS_SSL_EARLY_DATA_STATE_CAN_WRITE
[07:55:19.009] Verifying mbedtls_ssl_tls13_handshake_client_step ...
[07:55:19.015] Simulating mbedtls_ssl_tls13_handshake_client_step ...
[07:55:19.039] Checking proof obligations mbedtls_ssl_tls13_handshake_client_step ...
Calling Yices to check sat
Running check sat
Calling Yices to check sat
Running check sat
[07:55:19.062] Proof succeeded! mbedtls_ssl_tls13_handshake_client_step
[07:55:19.062] Verifing: MBEDTLS_SSL_ENCRYPTED_EXTENSIONS-MBEDTLS_SSL_EARLY_DATA_STATE_ACCEPTED
[07:55:20.760] Verifying mbedtls_ssl_tls13_handshake_client_step ...
[07:55:20.766] Simulating mbedtls_ssl_tls13_handshake_client_step ...
[07:55:20.790] Checking proof obligations mbedtls_ssl_tls13_handshake_client_step ...
Calling Yices to check sat
Running check sat
Calling Yices to check sat
Running check sat
[07:55:20.813] Proof succeeded! mbedtls_ssl_tls13_handshake_client_step
[07:55:20.813] Verifing: MBEDTLS_SSL_ENCRYPTED_EXTENSIONS-MBEDTLS_SSL_EARLY_DATA_STATE_REJECTED
[07:55:22.464] Verifying mbedtls_ssl_tls13_handshake_client_step ...
[07:55:22.469] Simulating mbedtls_ssl_tls13_handshake_client_step ...
[07:55:22.492] Checking proof obligations mbedtls_ssl_tls13_handshake_client_step ...
Calling Yices to check sat
Running check sat
Calling Yices to check sat
Running check sat
[07:55:22.515] Proof succeeded! mbedtls_ssl_tls13_handshake_client_step
[07:55:22.515] Verifing: MBEDTLS_SSL_ENCRYPTED_EXTENSIONS-MBEDTLS_SSL_EARLY_DATA_STATE_SERVER_FINISHED_RECEIVED
[07:55:24.142] Verifying mbedtls_ssl_tls13_handshake_client_step ...
[07:55:24.148] Simulating mbedtls_ssl_tls13_handshake_client_step ...
[07:55:24.168] Checking proof obligations mbedtls_ssl_tls13_handshake_client_step ...
Calling Yices to check sat
Running check sat
Calling Yices to check sat
Running check sat
[07:55:24.188] Proof succeeded! mbedtls_ssl_tls13_handshake_client_step
[07:55:24.189] Verifing: MBEDTLS_SSL_END_OF_EARLY_DATA-MBEDTLS_SSL_EARLY_DATA_STATE_IDLE
[07:55:25.830] Verifying mbedtls_ssl_tls13_handshake_client_step ...
[07:55:25.836] Simulating mbedtls_ssl_tls13_handshake_client_step ...
[07:55:25.851] Checking proof obligations mbedtls_ssl_tls13_handshake_client_step ...
Calling Yices to check sat
Running check sat
Calling Yices to check sat
Running check sat
[07:55:25.875] Proof succeeded! mbedtls_ssl_tls13_handshake_client_step
[07:55:25.875] Verifing: MBEDTLS_SSL_END_OF_EARLY_DATA-MBEDTLS_SSL_EARLY_DATA_STATE_NO_IND_SENT
[07:55:28.056] Verifying mbedtls_ssl_tls13_handshake_client_step ...
[07:55:28.062] Simulating mbedtls_ssl_tls13_handshake_client_step ...
[07:55:28.078] Checking proof obligations mbedtls_ssl_tls13_handshake_client_step ...
Calling Yices to check sat
Running check sat
Calling Yices to check sat
Running check sat
[07:55:28.103] Proof succeeded! mbedtls_ssl_tls13_handshake_client_step
[07:55:28.103] Verifing: MBEDTLS_SSL_END_OF_EARLY_DATA-MBEDTLS_SSL_EARLY_DATA_STATE_IND_SENT
[07:55:29.798] Verifying mbedtls_ssl_tls13_handshake_client_step ...
[07:55:29.804] Simulating mbedtls_ssl_tls13_handshake_client_step ...
[07:55:29.819] Checking proof obligations mbedtls_ssl_tls13_handshake_client_step ...
Calling Yices to check sat
Running check sat
Calling Yices to check sat
Running check sat
[07:55:29.844] Proof succeeded! mbedtls_ssl_tls13_handshake_client_step
[07:55:29.844] Verifing: MBEDTLS_SSL_END_OF_EARLY_DATA-MBEDTLS_SSL_EARLY_DATA_STATE_CAN_WRITE
[07:55:31.499] Verifying mbedtls_ssl_tls13_handshake_client_step ...
[07:55:31.505] Simulating mbedtls_ssl_tls13_handshake_client_step ...
[07:55:31.521] Checking proof obligations mbedtls_ssl_tls13_handshake_client_step ...
Calling Yices to check sat
Running check sat
Calling Yices to check sat
Running check sat
[07:55:31.545] Proof succeeded! mbedtls_ssl_tls13_handshake_client_step
[07:55:31.545] Verifing: MBEDTLS_SSL_END_OF_EARLY_DATA-MBEDTLS_SSL_EARLY_DATA_STATE_ACCEPTED
[07:55:33.223] Verifying mbedtls_ssl_tls13_handshake_client_step ...
[07:55:33.229] Simulating mbedtls_ssl_tls13_handshake_client_step ...
[07:55:33.244] Checking proof obligations mbedtls_ssl_tls13_handshake_client_step ...
Calling Yices to check sat
Running check sat
Calling Yices to check sat
Running check sat
[07:55:33.267] Proof succeeded! mbedtls_ssl_tls13_handshake_client_step
[07:55:33.267] Verifing: MBEDTLS_SSL_END_OF_EARLY_DATA-MBEDTLS_SSL_EARLY_DATA_STATE_REJECTED
[07:55:34.978] Verifying mbedtls_ssl_tls13_handshake_client_step ...
[07:55:34.984] Simulating mbedtls_ssl_tls13_handshake_client_step ...
[07:55:34.998] Checking proof obligations mbedtls_ssl_tls13_handshake_client_step ...
Calling Yices to check sat
Running check sat
Calling Yices to check sat
Running check sat
[07:55:35.020] Proof succeeded! mbedtls_ssl_tls13_handshake_client_step
[07:55:35.020] Verifing: MBEDTLS_SSL_END_OF_EARLY_DATA-MBEDTLS_SSL_EARLY_DATA_STATE_SERVER_FINISHED_RECEIVED
[07:55:36.640] Verifying mbedtls_ssl_tls13_handshake_client_step ...
[07:55:36.645] Simulating mbedtls_ssl_tls13_handshake_client_step ...
[07:55:36.660] Checking proof obligations mbedtls_ssl_tls13_handshake_client_step ...
Calling Yices to check sat
Running check sat
Calling Yices to check sat
Running check sat
[07:55:36.683] Proof succeeded! mbedtls_ssl_tls13_handshake_client_step
[07:55:36.683] Verifing: MBEDTLS_SSL_CLIENT_CERTIFICATE_VERIFY-MBEDTLS_SSL_EARLY_DATA_STATE_IDLE
[07:55:38.450] Verifying mbedtls_ssl_tls13_handshake_client_step ...
[07:55:38.456] Simulating mbedtls_ssl_tls13_handshake_client_step ...
[07:55:38.471] Checking proof obligations mbedtls_ssl_tls13_handshake_client_step ...
Calling Yices to check sat
Running check sat
Calling Yices to check sat
Running check sat
[07:55:38.494] Proof succeeded! mbedtls_ssl_tls13_handshake_client_step
[07:55:38.494] Verifing: MBEDTLS_SSL_CLIENT_CERTIFICATE_VERIFY-MBEDTLS_SSL_EARLY_DATA_STATE_NO_IND_SENT
[07:55:40.180] Verifying mbedtls_ssl_tls13_handshake_client_step ...
[07:55:40.186] Simulating mbedtls_ssl_tls13_handshake_client_step ...
[07:55:40.201] Checking proof obligations mbedtls_ssl_tls13_handshake_client_step ...
Calling Yices to check sat
Running check sat
Calling Yices to check sat
Running check sat
[07:55:40.225] Proof succeeded! mbedtls_ssl_tls13_handshake_client_step
[07:55:40.225] Verifing: MBEDTLS_SSL_CLIENT_CERTIFICATE_VERIFY-MBEDTLS_SSL_EARLY_DATA_STATE_IND_SENT
[07:55:41.915] Verifying mbedtls_ssl_tls13_handshake_client_step ...
[07:55:41.921] Simulating mbedtls_ssl_tls13_handshake_client_step ...
[07:55:41.936] Checking proof obligations mbedtls_ssl_tls13_handshake_client_step ...
Calling Yices to check sat
Running check sat
Calling Yices to check sat
Running check sat
[07:55:41.960] Proof succeeded! mbedtls_ssl_tls13_handshake_client_step
[07:55:41.960] Verifing: MBEDTLS_SSL_CLIENT_CERTIFICATE_VERIFY-MBEDTLS_SSL_EARLY_DATA_STATE_CAN_WRITE
[07:55:43.660] Verifying mbedtls_ssl_tls13_handshake_client_step ...
[07:55:43.666] Simulating mbedtls_ssl_tls13_handshake_client_step ...
[07:55:44.247] Checking proof obligations mbedtls_ssl_tls13_handshake_client_step ...
Calling Yices to check sat
Running check sat
Calling Yices to check sat
Running check sat
[07:55:44.264] Proof succeeded! mbedtls_ssl_tls13_handshake_client_step
[07:55:44.265] Verifing: MBEDTLS_SSL_CLIENT_CERTIFICATE_VERIFY-MBEDTLS_SSL_EARLY_DATA_STATE_ACCEPTED
[07:55:45.994] Verifying mbedtls_ssl_tls13_handshake_client_step ...
[07:55:45.999] Simulating mbedtls_ssl_tls13_handshake_client_step ...
[07:55:46.015] Checking proof obligations mbedtls_ssl_tls13_handshake_client_step ...
Calling Yices to check sat
Running check sat
Calling Yices to check sat
Running check sat
[07:55:46.039] Proof succeeded! mbedtls_ssl_tls13_handshake_client_step
[07:55:46.039] Verifing: MBEDTLS_SSL_CLIENT_CERTIFICATE_VERIFY-MBEDTLS_SSL_EARLY_DATA_STATE_REJECTED
[07:55:47.769] Verifying mbedtls_ssl_tls13_handshake_client_step ...
[07:55:47.776] Simulating mbedtls_ssl_tls13_handshake_client_step ...
[07:55:47.789] Checking proof obligations mbedtls_ssl_tls13_handshake_client_step ...
Calling Yices to check sat
Running check sat
Calling Yices to check sat
Running check sat
[07:55:47.811] Proof succeeded! mbedtls_ssl_tls13_handshake_client_step
[07:55:47.811] Verifing: MBEDTLS_SSL_CLIENT_CERTIFICATE_VERIFY-MBEDTLS_SSL_EARLY_DATA_STATE_SERVER_FINISHED_RECEIVED
[07:55:49.534] Verifying mbedtls_ssl_tls13_handshake_client_step ...
[07:55:49.539] Simulating mbedtls_ssl_tls13_handshake_client_step ...
[07:55:49.555] Checking proof obligations mbedtls_ssl_tls13_handshake_client_step ...
Calling Yices to check sat
Running check sat
Calling Yices to check sat
Running check sat
[07:55:49.580] Proof succeeded! mbedtls_ssl_tls13_handshake_client_step
[07:55:49.580] Verifing: MBEDTLS_SSL_CLIENT_CCS_AFTER_SERVER_FINISHED-MBEDTLS_SSL_EARLY_DATA_STATE_IDLE
[07:55:51.345] Verifying mbedtls_ssl_tls13_handshake_client_step ...
[07:55:51.351] Simulating mbedtls_ssl_tls13_handshake_client_step ...
[07:55:51.370] Checking proof obligations mbedtls_ssl_tls13_handshake_client_step ...
Calling Yices to check sat
Running check sat
Calling Yices to check sat
Running check sat
[07:55:51.397] Proof succeeded! mbedtls_ssl_tls13_handshake_client_step
[07:55:51.397] Verifing: MBEDTLS_SSL_CLIENT_CCS_AFTER_SERVER_FINISHED-MBEDTLS_SSL_EARLY_DATA_STATE_NO_IND_SENT
[07:55:53.165] Verifying mbedtls_ssl_tls13_handshake_client_step ...
[07:55:53.171] Simulating mbedtls_ssl_tls13_handshake_client_step ...
[07:55:53.188] Checking proof obligations mbedtls_ssl_tls13_handshake_client_step ...
Calling Yices to check sat
Running check sat
Calling Yices to check sat
Running check sat
[07:55:53.213] Proof succeeded! mbedtls_ssl_tls13_handshake_client_step
[07:55:53.213] Verifing: MBEDTLS_SSL_CLIENT_CCS_AFTER_SERVER_FINISHED-MBEDTLS_SSL_EARLY_DATA_STATE_IND_SENT
[07:55:55.024] Verifying mbedtls_ssl_tls13_handshake_client_step ...
[07:55:55.029] Simulating mbedtls_ssl_tls13_handshake_client_step ...
[07:55:55.047] Checking proof obligations mbedtls_ssl_tls13_handshake_client_step ...
Calling Yices to check sat
Running check sat
Calling Yices to check sat
Running check sat
[07:55:55.072] Proof succeeded! mbedtls_ssl_tls13_handshake_client_step
[07:55:55.072] Verifing: MBEDTLS_SSL_CLIENT_CCS_AFTER_SERVER_FINISHED-MBEDTLS_SSL_EARLY_DATA_STATE_CAN_WRITE
[07:55:56.888] Verifying mbedtls_ssl_tls13_handshake_client_step ...
[07:55:56.894] Simulating mbedtls_ssl_tls13_handshake_client_step ...
[07:55:56.912] Checking proof obligations mbedtls_ssl_tls13_handshake_client_step ...
Calling Yices to check sat
Running check sat
Calling Yices to check sat
Running check sat
[07:55:56.938] Proof succeeded! mbedtls_ssl_tls13_handshake_client_step
[07:55:56.938] Verifing: MBEDTLS_SSL_CLIENT_CCS_AFTER_SERVER_FINISHED-MBEDTLS_SSL_EARLY_DATA_STATE_ACCEPTED
[07:55:58.864] Verifying mbedtls_ssl_tls13_handshake_client_step ...
[07:55:58.870] Simulating mbedtls_ssl_tls13_handshake_client_step ...
[07:55:58.890] Checking proof obligations mbedtls_ssl_tls13_handshake_client_step ...
Calling Yices to check sat
Running check sat
Calling Yices to check sat
Running check sat
[07:55:58.917] Proof succeeded! mbedtls_ssl_tls13_handshake_client_step
[07:55:58.917] Verifing: MBEDTLS_SSL_CLIENT_CCS_AFTER_SERVER_FINISHED-MBEDTLS_SSL_EARLY_DATA_STATE_REJECTED
[07:56:00.703] Verifying mbedtls_ssl_tls13_handshake_client_step ...
[07:56:00.709] Simulating mbedtls_ssl_tls13_handshake_client_step ...
[07:56:00.727] Checking proof obligations mbedtls_ssl_tls13_handshake_client_step ...
Calling Yices to check sat
Running check sat
Calling Yices to check sat
Running check sat
[07:56:00.753] Proof succeeded! mbedtls_ssl_tls13_handshake_client_step
[07:56:00.753] Verifing: MBEDTLS_SSL_CLIENT_CCS_AFTER_SERVER_FINISHED-MBEDTLS_SSL_EARLY_DATA_STATE_SERVER_FINISHED_RECEIVED
[07:56:03.216] Verifying mbedtls_ssl_tls13_handshake_client_step ...
[07:56:03.222] Simulating mbedtls_ssl_tls13_handshake_client_step ...
[07:56:03.241] Checking proof obligations mbedtls_ssl_tls13_handshake_client_step ...
Calling Yices to check sat
Running check sat
Calling Yices to check sat
Running check sat
[07:56:03.268] Proof succeeded! mbedtls_ssl_tls13_handshake_client_step
[07:56:03.268] Verifing: MBEDTLS_SSL_CLIENT_CCS_BEFORE_2ND_CLIENT_HELLO-MBEDTLS_SSL_EARLY_DATA_STATE_IDLE
[07:56:05.021] Verifying mbedtls_ssl_tls13_handshake_client_step ...
[07:56:05.026] Simulating mbedtls_ssl_tls13_handshake_client_step ...
[07:56:05.045] Checking proof obligations mbedtls_ssl_tls13_handshake_client_step ...
Calling Yices to check sat
Running check sat
Calling Yices to check sat
Running check sat
[07:56:05.072] Proof succeeded! mbedtls_ssl_tls13_handshake_client_step
[07:56:05.072] Verifing: MBEDTLS_SSL_CLIENT_CCS_BEFORE_2ND_CLIENT_HELLO-MBEDTLS_SSL_EARLY_DATA_STATE_NO_IND_SENT
[07:56:06.862] Verifying mbedtls_ssl_tls13_handshake_client_step ...
[07:56:06.867] Simulating mbedtls_ssl_tls13_handshake_client_step ...
[07:56:06.885] Checking proof obligations mbedtls_ssl_tls13_handshake_client_step ...
Calling Yices to check sat
Running check sat
Calling Yices to check sat
Running check sat
[07:56:06.912] Proof succeeded! mbedtls_ssl_tls13_handshake_client_step
[07:56:06.912] Verifing: MBEDTLS_SSL_CLIENT_CCS_BEFORE_2ND_CLIENT_HELLO-MBEDTLS_SSL_EARLY_DATA_STATE_IND_SENT
[07:56:08.652] Verifying mbedtls_ssl_tls13_handshake_client_step ...
[07:56:08.658] Simulating mbedtls_ssl_tls13_handshake_client_step ...
[07:56:08.676] Checking proof obligations mbedtls_ssl_tls13_handshake_client_step ...
Calling Yices to check sat
Running check sat
Calling Yices to check sat
Running check sat
[07:56:08.703] Proof succeeded! mbedtls_ssl_tls13_handshake_client_step
[07:56:08.703] Verifing: MBEDTLS_SSL_CLIENT_CCS_BEFORE_2ND_CLIENT_HELLO-MBEDTLS_SSL_EARLY_DATA_STATE_CAN_WRITE
[07:56:10.471] Verifying mbedtls_ssl_tls13_handshake_client_step ...
[07:56:10.477] Simulating mbedtls_ssl_tls13_handshake_client_step ...
[07:56:10.495] Checking proof obligations mbedtls_ssl_tls13_handshake_client_step ...
Calling Yices to check sat
Running check sat
Calling Yices to check sat
Running check sat
[07:56:10.520] Proof succeeded! mbedtls_ssl_tls13_handshake_client_step
[07:56:10.520] Verifing: MBEDTLS_SSL_CLIENT_CCS_BEFORE_2ND_CLIENT_HELLO-MBEDTLS_SSL_EARLY_DATA_STATE_ACCEPTED
[07:56:12.343] Verifying mbedtls_ssl_tls13_handshake_client_step ...
[07:56:12.349] Simulating mbedtls_ssl_tls13_handshake_client_step ...
[07:56:12.367] Checking proof obligations mbedtls_ssl_tls13_handshake_client_step ...
Calling Yices to check sat
Running check sat
Calling Yices to check sat
Running check sat
[07:56:12.393] Proof succeeded! mbedtls_ssl_tls13_handshake_client_step
[07:56:12.393] Verifing: MBEDTLS_SSL_CLIENT_CCS_BEFORE_2ND_CLIENT_HELLO-MBEDTLS_SSL_EARLY_DATA_STATE_REJECTED
[07:56:14.169] Verifying mbedtls_ssl_tls13_handshake_client_step ...
[07:56:14.174] Simulating mbedtls_ssl_tls13_handshake_client_step ...
[07:56:14.191] Checking proof obligations mbedtls_ssl_tls13_handshake_client_step ...
Calling Yices to check sat
Running check sat
Calling Yices to check sat
Running check sat
[07:56:14.217] Proof succeeded! mbedtls_ssl_tls13_handshake_client_step
[07:56:14.217] Verifing: MBEDTLS_SSL_CLIENT_CCS_BEFORE_2ND_CLIENT_HELLO-MBEDTLS_SSL_EARLY_DATA_STATE_SERVER_FINISHED_RECEIVED
[07:56:16.024] Verifying mbedtls_ssl_tls13_handshake_client_step ...
[07:56:16.029] Simulating mbedtls_ssl_tls13_handshake_client_step ...
[07:56:16.047] Checking proof obligations mbedtls_ssl_tls13_handshake_client_step ...
Calling Yices to check sat
Running check sat
Calling Yices to check sat
Running check sat
[07:56:16.074] Proof succeeded! mbedtls_ssl_tls13_handshake_client_step
[07:56:16.074] Verifing: MBEDTLS_SSL_SERVER_CCS_AFTER_SERVER_HELLO-MBEDTLS_SSL_EARLY_DATA_STATE_IDLE
[07:56:18.028] Verifying mbedtls_ssl_tls13_handshake_client_step ...
[07:56:18.034] Simulating mbedtls_ssl_tls13_handshake_client_step ...
[07:56:18.047] Checking proof obligations mbedtls_ssl_tls13_handshake_client_step ...
Calling Yices to check sat
Running check sat
Calling Yices to check sat
Running check sat
[07:56:18.070] Proof succeeded! mbedtls_ssl_tls13_handshake_client_step
[07:56:18.070] Verifing: MBEDTLS_SSL_SERVER_CCS_AFTER_SERVER_HELLO-MBEDTLS_SSL_EARLY_DATA_STATE_NO_IND_SENT
[07:56:20.507] Verifying mbedtls_ssl_tls13_handshake_client_step ...
[07:56:20.513] Simulating mbedtls_ssl_tls13_handshake_client_step ...
[07:56:20.526] Checking proof obligations mbedtls_ssl_tls13_handshake_client_step ...
Calling Yices to check sat
Running check sat
Calling Yices to check sat
Running check sat
[07:56:20.549] Proof succeeded! mbedtls_ssl_tls13_handshake_client_step
[07:56:20.549] Verifing: MBEDTLS_SSL_SERVER_CCS_AFTER_SERVER_HELLO-MBEDTLS_SSL_EARLY_DATA_STATE_IND_SENT
[07:56:22.349] Verifying mbedtls_ssl_tls13_handshake_client_step ...
[07:56:22.355] Simulating mbedtls_ssl_tls13_handshake_client_step ...
[07:56:22.368] Checking proof obligations mbedtls_ssl_tls13_handshake_client_step ...
Calling Yices to check sat
Running check sat
Calling Yices to check sat
Running check sat
[07:56:22.391] Proof succeeded! mbedtls_ssl_tls13_handshake_client_step
[07:56:22.391] Verifing: MBEDTLS_SSL_SERVER_CCS_AFTER_SERVER_HELLO-MBEDTLS_SSL_EARLY_DATA_STATE_CAN_WRITE
[07:56:24.224] Verifying mbedtls_ssl_tls13_handshake_client_step ...
[07:56:24.230] Simulating mbedtls_ssl_tls13_handshake_client_step ...
[07:56:24.242] Checking proof obligations mbedtls_ssl_tls13_handshake_client_step ...
Calling Yices to check sat
Running check sat
Calling Yices to check sat
Running check sat
[07:56:24.265] Proof succeeded! mbedtls_ssl_tls13_handshake_client_step
[07:56:24.265] Verifing: MBEDTLS_SSL_SERVER_CCS_AFTER_SERVER_HELLO-MBEDTLS_SSL_EARLY_DATA_STATE_ACCEPTED
[07:56:26.069] Verifying mbedtls_ssl_tls13_handshake_client_step ...
[07:56:26.075] Simulating mbedtls_ssl_tls13_handshake_client_step ...
[07:56:26.087] Checking proof obligations mbedtls_ssl_tls13_handshake_client_step ...
Calling Yices to check sat
Running check sat
Calling Yices to check sat
Running check sat
[07:56:26.108] Proof succeeded! mbedtls_ssl_tls13_handshake_client_step
[07:56:26.108] Verifing: MBEDTLS_SSL_SERVER_CCS_AFTER_SERVER_HELLO-MBEDTLS_SSL_EARLY_DATA_STATE_REJECTED
[07:56:27.925] Verifying mbedtls_ssl_tls13_handshake_client_step ...
[07:56:27.931] Simulating mbedtls_ssl_tls13_handshake_client_step ...
[07:56:27.945] Checking proof obligations mbedtls_ssl_tls13_handshake_client_step ...
Calling Yices to check sat
Running check sat
Calling Yices to check sat
Running check sat
[07:56:27.968] Proof succeeded! mbedtls_ssl_tls13_handshake_client_step
[07:56:27.968] Verifing: MBEDTLS_SSL_SERVER_CCS_AFTER_SERVER_HELLO-MBEDTLS_SSL_EARLY_DATA_STATE_SERVER_FINISHED_RECEIVED
[07:56:29.774] Verifying mbedtls_ssl_tls13_handshake_client_step ...
[07:56:29.779] Simulating mbedtls_ssl_tls13_handshake_client_step ...
[07:56:29.791] Checking proof obligations mbedtls_ssl_tls13_handshake_client_step ...
Calling Yices to check sat
Running check sat
Calling Yices to check sat
Running check sat
[07:56:29.813] Proof succeeded! mbedtls_ssl_tls13_handshake_client_step
[07:56:29.813] Verifing: MBEDTLS_SSL_CLIENT_CCS_AFTER_CLIENT_HELLO-MBEDTLS_SSL_EARLY_DATA_STATE_IDLE
[07:56:31.735] Verifying mbedtls_ssl_tls13_handshake_client_step ...
[07:56:31.741] Simulating mbedtls_ssl_tls13_handshake_client_step ...
[07:56:31.759] Checking proof obligations mbedtls_ssl_tls13_handshake_client_step ...
Calling Yices to check sat
Running check sat
Calling Yices to check sat
Running check sat
[07:56:31.784] Proof succeeded! mbedtls_ssl_tls13_handshake_client_step
[07:56:31.785] Verifing: MBEDTLS_SSL_CLIENT_CCS_AFTER_CLIENT_HELLO-MBEDTLS_SSL_EARLY_DATA_STATE_NO_IND_SENT
[07:56:33.518] Verifying mbedtls_ssl_tls13_handshake_client_step ...
[07:56:33.523] Simulating mbedtls_ssl_tls13_handshake_client_step ...
[07:56:33.541] Checking proof obligations mbedtls_ssl_tls13_handshake_client_step ...
Calling Yices to check sat
Running check sat
Calling Yices to check sat
Running check sat
[07:56:33.566] Proof succeeded! mbedtls_ssl_tls13_handshake_client_step
[07:56:33.566] Verifing: MBEDTLS_SSL_CLIENT_CCS_AFTER_CLIENT_HELLO-MBEDTLS_SSL_EARLY_DATA_STATE_IND_SENT
[07:56:35.359] Verifying mbedtls_ssl_tls13_handshake_client_step ...
[07:56:35.364] Simulating mbedtls_ssl_tls13_handshake_client_step ...
[07:56:35.383] Checking proof obligations mbedtls_ssl_tls13_handshake_client_step ...
Calling Yices to check sat
Running check sat
Calling Yices to check sat
Running check sat
[07:56:35.409] Proof succeeded! mbedtls_ssl_tls13_handshake_client_step
[07:56:35.409] Verifing: MBEDTLS_SSL_CLIENT_CCS_AFTER_CLIENT_HELLO-MBEDTLS_SSL_EARLY_DATA_STATE_CAN_WRITE
[07:56:37.287] Verifying mbedtls_ssl_tls13_handshake_client_step ...
[07:56:37.292] Simulating mbedtls_ssl_tls13_handshake_client_step ...
[07:56:37.311] Checking proof obligations mbedtls_ssl_tls13_handshake_client_step ...
Calling Yices to check sat
Running check sat
Calling Yices to check sat
Running check sat
[07:56:37.338] Proof succeeded! mbedtls_ssl_tls13_handshake_client_step
[07:56:37.338] Verifing: MBEDTLS_SSL_CLIENT_CCS_AFTER_CLIENT_HELLO-MBEDTLS_SSL_EARLY_DATA_STATE_ACCEPTED
[07:56:39.729] Verifying mbedtls_ssl_tls13_handshake_client_step ...
[07:56:39.734] Simulating mbedtls_ssl_tls13_handshake_client_step ...
[07:56:39.752] Checking proof obligations mbedtls_ssl_tls13_handshake_client_step ...
Calling Yices to check sat
Running check sat
Calling Yices to check sat
Running check sat
[07:56:39.777] Proof succeeded! mbedtls_ssl_tls13_handshake_client_step
[07:56:39.777] Verifing: MBEDTLS_SSL_CLIENT_CCS_AFTER_CLIENT_HELLO-MBEDTLS_SSL_EARLY_DATA_STATE_REJECTED
[07:56:41.552] Verifying mbedtls_ssl_tls13_handshake_client_step ...
[07:56:41.558] Simulating mbedtls_ssl_tls13_handshake_client_step ...
[07:56:41.576] Checking proof obligations mbedtls_ssl_tls13_handshake_client_step ...
Calling Yices to check sat
Running check sat
Calling Yices to check sat
Running check sat
[07:56:41.602] Proof succeeded! mbedtls_ssl_tls13_handshake_client_step
[07:56:41.602] Verifing: MBEDTLS_SSL_CLIENT_CCS_AFTER_CLIENT_HELLO-MBEDTLS_SSL_EARLY_DATA_STATE_SERVER_FINISHED_RECEIVED
[07:56:43.422] Verifying mbedtls_ssl_tls13_handshake_client_step ...
[07:56:43.428] Simulating mbedtls_ssl_tls13_handshake_client_step ...
[07:56:43.447] Checking proof obligations mbedtls_ssl_tls13_handshake_client_step ...
Calling Yices to check sat
Running check sat
Calling Yices to check sat
Running check sat
[07:56:43.473] Proof succeeded! mbedtls_ssl_tls13_handshake_client_step
[07:56:43.473] Verifing: MBEDTLS_SSL_SERVER_CCS_AFTER_HELLO_RETRY_REQUEST-MBEDTLS_SSL_EARLY_DATA_STATE_IDLE
[07:56:45.282] Verifying mbedtls_ssl_tls13_handshake_client_step ...
[07:56:45.288] Simulating mbedtls_ssl_tls13_handshake_client_step ...
[07:56:45.302] Checking proof obligations mbedtls_ssl_tls13_handshake_client_step ...
Calling Yices to check sat
Running check sat
Calling Yices to check sat
Running check sat
[07:56:45.325] Proof succeeded! mbedtls_ssl_tls13_handshake_client_step
[07:56:45.325] Verifing: MBEDTLS_SSL_SERVER_CCS_AFTER_HELLO_RETRY_REQUEST-MBEDTLS_SSL_EARLY_DATA_STATE_NO_IND_SENT
[07:56:47.055] Verifying mbedtls_ssl_tls13_handshake_client_step ...
[07:56:47.060] Simulating mbedtls_ssl_tls13_handshake_client_step ...
[07:56:47.074] Checking proof obligations mbedtls_ssl_tls13_handshake_client_step ...
Calling Yices to check sat
Running check sat
Calling Yices to check sat
Running check sat
[07:56:47.097] Proof succeeded! mbedtls_ssl_tls13_handshake_client_step
[07:56:47.097] Verifing: MBEDTLS_SSL_SERVER_CCS_AFTER_HELLO_RETRY_REQUEST-MBEDTLS_SSL_EARLY_DATA_STATE_IND_SENT
[07:56:48.892] Verifying mbedtls_ssl_tls13_handshake_client_step ...
[07:56:48.898] Simulating mbedtls_ssl_tls13_handshake_client_step ...
[07:56:48.910] Checking proof obligations mbedtls_ssl_tls13_handshake_client_step ...
Calling Yices to check sat
Running check sat
Calling Yices to check sat
Running check sat
[07:56:48.932] Proof succeeded! mbedtls_ssl_tls13_handshake_client_step
[07:56:48.932] Verifing: MBEDTLS_SSL_SERVER_CCS_AFTER_HELLO_RETRY_REQUEST-MBEDTLS_SSL_EARLY_DATA_STATE_CAN_WRITE
[07:56:50.716] Verifying mbedtls_ssl_tls13_handshake_client_step ...
[07:56:50.721] Simulating mbedtls_ssl_tls13_handshake_client_step ...
[07:56:50.734] Checking proof obligations mbedtls_ssl_tls13_handshake_client_step ...
Calling Yices to check sat
Running check sat
Calling Yices to check sat
Running check sat
[07:56:50.755] Proof succeeded! mbedtls_ssl_tls13_handshake_client_step
[07:56:50.755] Verifing: MBEDTLS_SSL_SERVER_CCS_AFTER_HELLO_RETRY_REQUEST-MBEDTLS_SSL_EARLY_DATA_STATE_ACCEPTED
[07:56:52.467] Verifying mbedtls_ssl_tls13_handshake_client_step ...
[07:56:52.473] Simulating mbedtls_ssl_tls13_handshake_client_step ...
[07:56:52.486] Checking proof obligations mbedtls_ssl_tls13_handshake_client_step ...
Calling Yices to check sat
Running check sat
Calling Yices to check sat
Running check sat
[07:56:52.508] Proof succeeded! mbedtls_ssl_tls13_handshake_client_step
[07:56:52.508] Verifing: MBEDTLS_SSL_SERVER_CCS_AFTER_HELLO_RETRY_REQUEST-MBEDTLS_SSL_EARLY_DATA_STATE_REJECTED
[07:56:54.270] Verifying mbedtls_ssl_tls13_handshake_client_step ...
[07:56:54.276] Simulating mbedtls_ssl_tls13_handshake_client_step ...
[07:56:54.289] Checking proof obligations mbedtls_ssl_tls13_handshake_client_step ...
Calling Yices to check sat
Running check sat
Calling Yices to check sat
Running check sat
[07:56:54.310] Proof succeeded! mbedtls_ssl_tls13_handshake_client_step
[07:56:54.310] Verifing: MBEDTLS_SSL_SERVER_CCS_AFTER_HELLO_RETRY_REQUEST-MBEDTLS_SSL_EARLY_DATA_STATE_SERVER_FINISHED_RECEIVED
[07:56:56.116] Verifying mbedtls_ssl_tls13_handshake_client_step ...
[07:56:56.122] Simulating mbedtls_ssl_tls13_handshake_client_step ...
[07:56:56.135] Checking proof obligations mbedtls_ssl_tls13_handshake_client_step ...
Calling Yices to check sat
Running check sat
Calling Yices to check sat
Running check sat
[07:56:56.156] Proof succeeded! mbedtls_ssl_tls13_handshake_client_step
[07:56:56.156] Verifing: MBEDTLS_SSL_HANDSHAKE_OVER-MBEDTLS_SSL_EARLY_DATA_STATE_IDLE
[07:56:58.589] Verifying mbedtls_ssl_tls13_handshake_client_step ...
[07:56:58.595] Simulating mbedtls_ssl_tls13_handshake_client_step ...
[07:56:58.607] Checking proof obligations mbedtls_ssl_tls13_handshake_client_step ...
Calling Yices to check sat
Running check sat
Calling Yices to check sat
Running check sat
[07:56:58.628] Proof succeeded! mbedtls_ssl_tls13_handshake_client_step
[07:56:58.628] Verifing: MBEDTLS_SSL_HANDSHAKE_OVER-MBEDTLS_SSL_EARLY_DATA_STATE_NO_IND_SENT
[07:57:00.386] Verifying mbedtls_ssl_tls13_handshake_client_step ...
[07:57:00.391] Simulating mbedtls_ssl_tls13_handshake_client_step ...
[07:57:00.404] Checking proof obligations mbedtls_ssl_tls13_handshake_client_step ...
Calling Yices to check sat
Running check sat
Calling Yices to check sat
Running check sat
[07:57:00.427] Proof succeeded! mbedtls_ssl_tls13_handshake_client_step
[07:57:00.427] Verifing: MBEDTLS_SSL_HANDSHAKE_OVER-MBEDTLS_SSL_EARLY_DATA_STATE_IND_SENT
[07:57:02.250] Verifying mbedtls_ssl_tls13_handshake_client_step ...
[07:57:02.256] Simulating mbedtls_ssl_tls13_handshake_client_step ...
[07:57:02.268] Checking proof obligations mbedtls_ssl_tls13_handshake_client_step ...
Calling Yices to check sat
Running check sat
Calling Yices to check sat
Running check sat
[07:57:02.290] Proof succeeded! mbedtls_ssl_tls13_handshake_client_step
[07:57:02.290] Verifing: MBEDTLS_SSL_HANDSHAKE_OVER-MBEDTLS_SSL_EARLY_DATA_STATE_CAN_WRITE
[07:57:04.102] Verifying mbedtls_ssl_tls13_handshake_client_step ...
[07:57:04.108] Simulating mbedtls_ssl_tls13_handshake_client_step ...
[07:57:04.121] Checking proof obligations mbedtls_ssl_tls13_handshake_client_step ...
Calling Yices to check sat
Running check sat
Calling Yices to check sat
Running check sat
[07:57:04.142] Proof succeeded! mbedtls_ssl_tls13_handshake_client_step
[07:57:04.142] Verifing: MBEDTLS_SSL_HANDSHAKE_OVER-MBEDTLS_SSL_EARLY_DATA_STATE_ACCEPTED
[07:57:05.952] Verifying mbedtls_ssl_tls13_handshake_client_step ...
[07:57:05.959] Simulating mbedtls_ssl_tls13_handshake_client_step ...
[07:57:05.972] Checking proof obligations mbedtls_ssl_tls13_handshake_client_step ...
Calling Yices to check sat
Running check sat
Calling Yices to check sat
Running check sat
[07:57:05.995] Proof succeeded! mbedtls_ssl_tls13_handshake_client_step
[07:57:05.995] Verifing: MBEDTLS_SSL_HANDSHAKE_OVER-MBEDTLS_SSL_EARLY_DATA_STATE_REJECTED
[07:57:07.844] Verifying mbedtls_ssl_tls13_handshake_client_step ...
[07:57:07.850] Simulating mbedtls_ssl_tls13_handshake_client_step ...
[07:57:07.862] Checking proof obligations mbedtls_ssl_tls13_handshake_client_step ...
Calling Yices to check sat
Running check sat
Calling Yices to check sat
Running check sat
[07:57:07.884] Proof succeeded! mbedtls_ssl_tls13_handshake_client_step
[07:57:07.884] Verifing: MBEDTLS_SSL_HANDSHAKE_OVER-MBEDTLS_SSL_EARLY_DATA_STATE_SERVER_FINISHED_RECEIVED
[07:57:09.696] Verifying mbedtls_ssl_tls13_handshake_client_step ...
[07:57:09.701] Simulating mbedtls_ssl_tls13_handshake_client_step ...
[07:57:09.713] Checking proof obligations mbedtls_ssl_tls13_handshake_client_step ...
Calling Yices to check sat
Running check sat
Calling Yices to check sat
Running check sat
[07:57:09.733] Proof succeeded! mbedtls_ssl_tls13_handshake_client_step
[07:57:09.734] Verifing: MBEDTLS_SSL_TLS1_3_NEW_SESSION_TICKET-MBEDTLS_SSL_EARLY_DATA_STATE_IDLE
[07:57:11.504] Verifying mbedtls_ssl_tls13_handshake_client_step ...
[07:57:11.510] Simulating mbedtls_ssl_tls13_handshake_client_step ...
[07:57:11.527] Checking proof obligations mbedtls_ssl_tls13_handshake_client_step ...
Calling Yices to check sat
Running check sat
Calling Yices to check sat
Running check sat
[07:57:11.550] Proof succeeded! mbedtls_ssl_tls13_handshake_client_step
[07:57:11.550] Verifing: MBEDTLS_SSL_TLS1_3_NEW_SESSION_TICKET-MBEDTLS_SSL_EARLY_DATA_STATE_NO_IND_SENT
[07:57:13.390] Verifying mbedtls_ssl_tls13_handshake_client_step ...
[07:57:13.395] Simulating mbedtls_ssl_tls13_handshake_client_step ...
[07:57:13.412] Checking proof obligations mbedtls_ssl_tls13_handshake_client_step ...
Calling Yices to check sat
Running check sat
Calling Yices to check sat
Running check sat
[07:57:13.436] Proof succeeded! mbedtls_ssl_tls13_handshake_client_step
[07:57:13.436] Verifing: MBEDTLS_SSL_TLS1_3_NEW_SESSION_TICKET-MBEDTLS_SSL_EARLY_DATA_STATE_IND_SENT
[07:57:15.234] Verifying mbedtls_ssl_tls13_handshake_client_step ...
[07:57:15.239] Simulating mbedtls_ssl_tls13_handshake_client_step ...
[07:57:15.255] Checking proof obligations mbedtls_ssl_tls13_handshake_client_step ...
Calling Yices to check sat
Running check sat
Calling Yices to check sat
Running check sat
[07:57:15.278] Proof succeeded! mbedtls_ssl_tls13_handshake_client_step
[07:57:15.278] Verifing: MBEDTLS_SSL_TLS1_3_NEW_SESSION_TICKET-MBEDTLS_SSL_EARLY_DATA_STATE_CAN_WRITE
[07:57:17.044] Verifying mbedtls_ssl_tls13_handshake_client_step ...
[07:57:17.049] Simulating mbedtls_ssl_tls13_handshake_client_step ...
[07:57:17.067] Checking proof obligations mbedtls_ssl_tls13_handshake_client_step ...
Calling Yices to check sat
Running check sat
Calling Yices to check sat
Running check sat
[07:57:17.089] Proof succeeded! mbedtls_ssl_tls13_handshake_client_step
[07:57:17.089] Verifing: MBEDTLS_SSL_TLS1_3_NEW_SESSION_TICKET-MBEDTLS_SSL_EARLY_DATA_STATE_ACCEPTED
[07:57:19.637] Verifying mbedtls_ssl_tls13_handshake_client_step ...
[07:57:19.643] Simulating mbedtls_ssl_tls13_handshake_client_step ...
[07:57:19.661] Checking proof obligations mbedtls_ssl_tls13_handshake_client_step ...
Calling Yices to check sat
Running check sat
Calling Yices to check sat
Running check sat
[07:57:19.684] Proof succeeded! mbedtls_ssl_tls13_handshake_client_step
[07:57:19.684] Verifing: MBEDTLS_SSL_TLS1_3_NEW_SESSION_TICKET-MBEDTLS_SSL_EARLY_DATA_STATE_REJECTED
[07:57:21.512] Verifying mbedtls_ssl_tls13_handshake_client_step ...
[07:57:21.518] Simulating mbedtls_ssl_tls13_handshake_client_step ...
[07:57:21.535] Checking proof obligations mbedtls_ssl_tls13_handshake_client_step ...
Calling Yices to check sat
Running check sat
Calling Yices to check sat
Running check sat
[07:57:21.559] Proof succeeded! mbedtls_ssl_tls13_handshake_client_step
[07:57:21.559] Verifing: MBEDTLS_SSL_TLS1_3_NEW_SESSION_TICKET-MBEDTLS_SSL_EARLY_DATA_STATE_SERVER_FINISHED_RECEIVED
[07:57:23.458] Verifying mbedtls_ssl_tls13_handshake_client_step ...
[07:57:23.464] Simulating mbedtls_ssl_tls13_handshake_client_step ...
[07:57:23.480] Checking proof obligations mbedtls_ssl_tls13_handshake_client_step ...
Calling Yices to check sat
Running check sat
Calling Yices to check sat
Running check sat
[07:57:23.502] Proof succeeded! mbedtls_ssl_tls13_handshake_client_step
[07:57:23.502] Verifing: MBEDTLS_SSL_TLS1_3_NEW_SESSION_TICKET_FLUSH-MBEDTLS_SSL_EARLY_DATA_STATE_IDLE
[07:57:25.327] Verifying mbedtls_ssl_tls13_handshake_client_step ...
[07:57:25.333] Simulating mbedtls_ssl_tls13_handshake_client_step ...
[07:57:25.346] Checking proof obligations mbedtls_ssl_tls13_handshake_client_step ...
Calling Yices to check sat
Running check sat
Calling Yices to check sat
Running check sat
[07:57:25.369] Proof succeeded! mbedtls_ssl_tls13_handshake_client_step
[07:57:25.369] Verifing: MBEDTLS_SSL_TLS1_3_NEW_SESSION_TICKET_FLUSH-MBEDTLS_SSL_EARLY_DATA_STATE_NO_IND_SENT
[07:57:27.274] Verifying mbedtls_ssl_tls13_handshake_client_step ...
[07:57:27.279] Simulating mbedtls_ssl_tls13_handshake_client_step ...
[07:57:27.292] Checking proof obligations mbedtls_ssl_tls13_handshake_client_step ...
Calling Yices to check sat
Running check sat
Calling Yices to check sat
Running check sat
[07:57:27.314] Proof succeeded! mbedtls_ssl_tls13_handshake_client_step
[07:57:27.314] Verifing: MBEDTLS_SSL_TLS1_3_NEW_SESSION_TICKET_FLUSH-MBEDTLS_SSL_EARLY_DATA_STATE_IND_SENT
[07:57:29.203] Verifying mbedtls_ssl_tls13_handshake_client_step ...
[07:57:29.209] Simulating mbedtls_ssl_tls13_handshake_client_step ...
[07:57:29.221] Checking proof obligations mbedtls_ssl_tls13_handshake_client_step ...
Calling Yices to check sat
Running check sat
Calling Yices to check sat
Running check sat
[07:57:29.243] Proof succeeded! mbedtls_ssl_tls13_handshake_client_step
[07:57:29.243] Verifing: MBEDTLS_SSL_TLS1_3_NEW_SESSION_TICKET_FLUSH-MBEDTLS_SSL_EARLY_DATA_STATE_CAN_WRITE
[07:57:31.060] Verifying mbedtls_ssl_tls13_handshake_client_step ...
[07:57:31.066] Simulating mbedtls_ssl_tls13_handshake_client_step ...
[07:57:31.078] Checking proof obligations mbedtls_ssl_tls13_handshake_client_step ...
Calling Yices to check sat
Running check sat
Calling Yices to check sat
Running check sat
[07:57:31.099] Proof succeeded! mbedtls_ssl_tls13_handshake_client_step
[07:57:31.099] Verifing: MBEDTLS_SSL_TLS1_3_NEW_SESSION_TICKET_FLUSH-MBEDTLS_SSL_EARLY_DATA_STATE_ACCEPTED
[07:57:32.905] Verifying mbedtls_ssl_tls13_handshake_client_step ...
[07:57:32.911] Simulating mbedtls_ssl_tls13_handshake_client_step ...
[07:57:32.924] Checking proof obligations mbedtls_ssl_tls13_handshake_client_step ...
Calling Yices to check sat
Running check sat
Calling Yices to check sat
Running check sat
[07:57:32.948] Proof succeeded! mbedtls_ssl_tls13_handshake_client_step
[07:57:32.948] Verifing: MBEDTLS_SSL_TLS1_3_NEW_SESSION_TICKET_FLUSH-MBEDTLS_SSL_EARLY_DATA_STATE_REJECTED
[07:57:34.844] Verifying mbedtls_ssl_tls13_handshake_client_step ...
[07:57:34.850] Simulating mbedtls_ssl_tls13_handshake_client_step ...
[07:57:34.862] Checking proof obligations mbedtls_ssl_tls13_handshake_client_step ...
Calling Yices to check sat
Running check sat
Calling Yices to check sat
Running check sat
[07:57:34.884] Proof succeeded! mbedtls_ssl_tls13_handshake_client_step
[07:57:34.884] Verifing: MBEDTLS_SSL_TLS1_3_NEW_SESSION_TICKET_FLUSH-MBEDTLS_SSL_EARLY_DATA_STATE_SERVER_FINISHED_RECEIVED
[07:57:36.732] Verifying mbedtls_ssl_tls13_handshake_client_step ...
[07:57:36.738] Simulating mbedtls_ssl_tls13_handshake_client_step ...
[07:57:36.751] Checking proof obligations mbedtls_ssl_tls13_handshake_client_step ...
Calling Yices to check sat
Running check sat
Calling Yices to check sat
Running check sat
[07:57:36.773] Proof succeeded! mbedtls_ssl_tls13_handshake_client_step
[07:57:36.784] DONE
