


[08:25:23.722] Loading file "/home/dell/\26700\38754/mbed/verify/saw/server_statem.saw"
[08:25:23.725] Loading file "/home/dell/\26700\38754/mbed/verify/saw/statem_test.saw"
[08:25:23.726] Loading file "/home/dell/\26700\38754/mbed/verify/saw/lib.saw"
[08:25:28.682] Verifying ssl_tls13_process_client_hello ...
[08:25:28.687] Simulating ssl_tls13_process_client_hello ...
[08:25:28.708] Checking proof obligations ssl_tls13_process_client_hello ...
[08:25:28.725] Proof succeeded! ssl_tls13_process_client_hello
[08:25:29.902] Verifying ssl_tls13_write_hello_retry_request ...
[08:25:29.907] Simulating ssl_tls13_write_hello_retry_request ...
[08:25:29.923] Checking proof obligations ssl_tls13_write_hello_retry_request ...
[08:25:29.940] Proof succeeded! ssl_tls13_write_hello_retry_request
[08:25:31.066] Verifying ssl_tls13_write_server_hello ...
[08:25:31.071] Simulating ssl_tls13_write_server_hello ...
[08:25:31.086] Checking proof obligations ssl_tls13_write_server_hello ...
[08:25:31.107] Proof succeeded! ssl_tls13_write_server_hello
[08:25:32.145] Verifying ssl_tls13_write_encrypted_extensions ...
[08:25:32.150] Simulating ssl_tls13_write_encrypted_extensions ...
[08:25:32.169] Checking proof obligations ssl_tls13_write_encrypted_extensions ...
[08:25:32.191] Proof succeeded! ssl_tls13_write_encrypted_extensions
[08:25:33.296] Verifying ssl_tls13_write_certificate_request ...
[08:25:33.301] Simulating ssl_tls13_write_certificate_request ...
[08:25:33.303] LLVM bitcode translation warning @ssl_tls13_write_certificate_request ssl_tls13_server.c:2754:24 dbg intrinsic def/use violation for: %4
[08:25:33.303] LLVM bitcode translation warning @ssl_tls13_write_certificate_request ssl_tls13_server.c:2755:16 dbg intrinsic def/use violation for: %5
[08:25:33.303] LLVM bitcode translation warning @ssl_tls13_write_certificate_request ssl_tls13_server.c:2755:25 dbg intrinsic def/use violation for: %6
[08:25:33.320] Checking proof obligations ssl_tls13_write_certificate_request ...
[08:25:33.340] Proof succeeded! ssl_tls13_write_certificate_request
[08:25:34.654] Verifying ssl_tls13_write_server_certificate ...
[08:25:34.659] Simulating ssl_tls13_write_server_certificate ...
[08:25:34.678] Checking proof obligations ssl_tls13_write_server_certificate ...
[08:25:34.703] Proof succeeded! ssl_tls13_write_server_certificate
[08:25:35.969] Verifying ssl_tls13_write_certificate_verify ...
[08:25:35.975] Simulating ssl_tls13_write_certificate_verify ...
[08:25:35.993] Checking proof obligations ssl_tls13_write_certificate_verify ...
[08:25:36.010] Proof succeeded! ssl_tls13_write_certificate_verify
[08:25:37.056] Verifying mbedtls_ssl_tls13_write_change_cipher_spec ...
[08:25:37.060] Simulating mbedtls_ssl_tls13_write_change_cipher_spec ...
[08:25:37.074] Checking proof obligations mbedtls_ssl_tls13_write_change_cipher_spec ...
[08:25:37.087] Proof succeeded! mbedtls_ssl_tls13_write_change_cipher_spec
[08:25:38.241] Verifying ssl_tls13_write_server_finished ...
[08:25:38.246] Simulating ssl_tls13_write_server_finished ...
[08:25:38.269] Checking proof obligations ssl_tls13_write_server_finished ...
Calling Yices to check sat
Running check sat
Calling Yices to check sat
Running check sat
[08:25:38.287] Proof succeeded! ssl_tls13_write_server_finished
[08:25:39.542] Verifying ssl_tls13_process_client_finished ...
[08:25:39.547] Simulating ssl_tls13_process_client_finished ...
[08:25:39.565] Checking proof obligations ssl_tls13_process_client_finished ...
[08:25:39.586] Proof succeeded! ssl_tls13_process_client_finished
[08:25:40.817] Verifying ssl_tls13_handshake_wrapup ...
[08:25:40.822] Simulating ssl_tls13_handshake_wrapup ...
[08:25:40.839] Checking proof obligations ssl_tls13_handshake_wrapup ...
[08:25:40.857] Proof succeeded! ssl_tls13_handshake_wrapup
[08:25:42.075] Verifying mbedtls_ssl_tls13_process_certificate ...
[08:25:42.080] Simulating mbedtls_ssl_tls13_process_certificate ...
[08:25:42.093] Checking proof obligations mbedtls_ssl_tls13_process_certificate ...
[08:25:42.108] Proof succeeded! mbedtls_ssl_tls13_process_certificate
[08:25:43.182] Verifying mbedtls_ssl_tls13_process_certificate_verify ...
[08:25:43.188] Simulating mbedtls_ssl_tls13_process_certificate_verify ...
[08:25:43.204] Checking proof obligations mbedtls_ssl_tls13_process_certificate_verify ...
[08:25:43.224] Proof succeeded! mbedtls_ssl_tls13_process_certificate_verify
[08:25:44.957] Verifying ssl_tls13_write_new_session_ticket ...
[08:25:44.963] Simulating ssl_tls13_write_new_session_ticket ...
[08:25:44.967] LLVM bitcode translation warning @ssl_tls13_write_new_session_ticket ssl_tls13_server.c:3418:23 dbg intrinsic def/use violation for: %4
[08:25:44.967] LLVM bitcode translation warning @ssl_tls13_write_new_session_ticket ssl_tls13_server.c:3419:24 dbg intrinsic def/use violation for: %5
[08:25:44.968] LLVM bitcode translation warning @ssl_tls13_write_new_session_ticket ssl_tls13_server.c:3420:16 dbg intrinsic def/use violation for: %6
[08:25:44.968] LLVM bitcode translation warning @ssl_tls13_write_new_session_ticket ssl_tls13_server.c:3420:25 dbg intrinsic def/use violation for: %7
[08:25:44.984] Checking proof obligations ssl_tls13_write_new_session_ticket ...
[08:25:44.996] Proof succeeded! ssl_tls13_write_new_session_ticket
[08:25:46.728] Verifying ssl_tls13_write_new_session_ticket ...
[08:25:46.732] Simulating ssl_tls13_write_new_session_ticket ...
[08:25:46.751] Checking proof obligations ssl_tls13_write_new_session_ticket ...
[08:25:46.773] Proof succeeded! ssl_tls13_write_new_session_ticket
[08:25:46.773] Sub-functions have been proven.
[08:25:46.774] ---------------
[08:25:46.791] Handshake null?:0 -State: MBEDTLS_SSL_HELLO_REQUEST -EDS:MBEDTLS_SSL_EARLY_DATA_STATE_IDLE
[08:25:48.370] Verifying mbedtls_ssl_tls13_handshake_server_step ...
[08:25:48.376] Simulating mbedtls_ssl_tls13_handshake_server_step ...
[08:25:48.400] Checking proof obligations mbedtls_ssl_tls13_handshake_server_step ...
Calling Yices to check sat
Running check sat
Calling Yices to check sat
Running check sat
[08:25:48.418] Proof succeeded! mbedtls_ssl_tls13_handshake_server_step
[08:25:48.419] Handshake null?:0 -State: MBEDTLS_SSL_HELLO_REQUEST -EDS:MBEDTLS_SSL_EARLY_DATA_STATE_NO_IND_SENT
[08:25:50.172] Verifying mbedtls_ssl_tls13_handshake_server_step ...
[08:25:50.179] Simulating mbedtls_ssl_tls13_handshake_server_step ...
[08:25:50.194] Checking proof obligations mbedtls_ssl_tls13_handshake_server_step ...
Calling Yices to check sat
Running check sat
Calling Yices to check sat
Running check sat
[08:25:50.217] Proof succeeded! mbedtls_ssl_tls13_handshake_server_step
[08:25:50.217] Handshake null?:0 -State: MBEDTLS_SSL_HELLO_REQUEST -EDS:MBEDTLS_SSL_EARLY_DATA_STATE_IND_SENT
[08:25:51.735] Verifying mbedtls_ssl_tls13_handshake_server_step ...
[08:25:51.740] Simulating mbedtls_ssl_tls13_handshake_server_step ...
[08:25:51.756] Checking proof obligations mbedtls_ssl_tls13_handshake_server_step ...
Calling Yices to check sat
Running check sat
Calling Yices to check sat
Running check sat
[08:25:51.777] Proof succeeded! mbedtls_ssl_tls13_handshake_server_step
[08:25:51.777] Handshake null?:0 -State: MBEDTLS_SSL_HELLO_REQUEST -EDS:MBEDTLS_SSL_EARLY_DATA_STATE_CAN_WRITE
[08:25:53.375] Verifying mbedtls_ssl_tls13_handshake_server_step ...
[08:25:53.381] Simulating mbedtls_ssl_tls13_handshake_server_step ...
[08:25:53.397] Checking proof obligations mbedtls_ssl_tls13_handshake_server_step ...
Calling Yices to check sat
Running check sat
Calling Yices to check sat
Running check sat
[08:25:53.418] Proof succeeded! mbedtls_ssl_tls13_handshake_server_step
[08:25:53.419] Handshake null?:0 -State: MBEDTLS_SSL_HELLO_REQUEST -EDS:MBEDTLS_SSL_EARLY_DATA_STATE_ACCEPTED
[08:25:54.995] Verifying mbedtls_ssl_tls13_handshake_server_step ...
[08:25:55.001] Simulating mbedtls_ssl_tls13_handshake_server_step ...
[08:25:55.017] Checking proof obligations mbedtls_ssl_tls13_handshake_server_step ...
Calling Yices to check sat
Running check sat
Calling Yices to check sat
Running check sat
[08:25:55.039] Proof succeeded! mbedtls_ssl_tls13_handshake_server_step
[08:25:55.039] Handshake null?:0 -State: MBEDTLS_SSL_HELLO_REQUEST -EDS:MBEDTLS_SSL_EARLY_DATA_STATE_REJECTED
[08:25:56.878] Verifying mbedtls_ssl_tls13_handshake_server_step ...
[08:25:56.884] Simulating mbedtls_ssl_tls13_handshake_server_step ...
[08:25:56.899] Checking proof obligations mbedtls_ssl_tls13_handshake_server_step ...
Calling Yices to check sat
Running check sat
Calling Yices to check sat
Running check sat
[08:25:56.921] Proof succeeded! mbedtls_ssl_tls13_handshake_server_step
[08:25:56.921] Handshake null?:0 -State: MBEDTLS_SSL_HELLO_REQUEST -EDS:MBEDTLS_SSL_EARLY_DATA_STATE_SERVER_FINISHED_RECEIVED
[08:25:58.511] Verifying mbedtls_ssl_tls13_handshake_server_step ...
[08:25:58.517] Simulating mbedtls_ssl_tls13_handshake_server_step ...
[08:25:58.532] Checking proof obligations mbedtls_ssl_tls13_handshake_server_step ...
Calling Yices to check sat
Running check sat
Calling Yices to check sat
Running check sat
[08:25:58.553] Proof succeeded! mbedtls_ssl_tls13_handshake_server_step
[08:25:58.553] Handshake null?:0 -State: MBEDTLS_SSL_CLIENT_HELLO -EDS:MBEDTLS_SSL_EARLY_DATA_STATE_IDLE
[08:26:00.115] Verifying mbedtls_ssl_tls13_handshake_server_step ...
[08:26:00.121] Simulating mbedtls_ssl_tls13_handshake_server_step ...
[08:26:00.140] Checking proof obligations mbedtls_ssl_tls13_handshake_server_step ...
Calling Yices to check sat
Running check sat
Calling Yices to check sat
Running check sat
[08:26:00.162] Proof succeeded! mbedtls_ssl_tls13_handshake_server_step
[08:26:00.162] Handshake null?:0 -State: MBEDTLS_SSL_CLIENT_HELLO -EDS:MBEDTLS_SSL_EARLY_DATA_STATE_NO_IND_SENT
[08:26:01.922] Verifying mbedtls_ssl_tls13_handshake_server_step ...
[08:26:01.928] Simulating mbedtls_ssl_tls13_handshake_server_step ...
[08:26:01.948] Checking proof obligations mbedtls_ssl_tls13_handshake_server_step ...
Calling Yices to check sat
Running check sat
Calling Yices to check sat
Running check sat
[08:26:01.970] Proof succeeded! mbedtls_ssl_tls13_handshake_server_step
[08:26:01.970] Handshake null?:0 -State: MBEDTLS_SSL_CLIENT_HELLO -EDS:MBEDTLS_SSL_EARLY_DATA_STATE_IND_SENT
[08:26:03.598] Verifying mbedtls_ssl_tls13_handshake_server_step ...
[08:26:03.604] Simulating mbedtls_ssl_tls13_handshake_server_step ...
[08:26:03.624] Checking proof obligations mbedtls_ssl_tls13_handshake_server_step ...
Calling Yices to check sat
Running check sat
Calling Yices to check sat
Running check sat
[08:26:03.645] Proof succeeded! mbedtls_ssl_tls13_handshake_server_step
[08:26:03.645] Handshake null?:0 -State: MBEDTLS_SSL_CLIENT_HELLO -EDS:MBEDTLS_SSL_EARLY_DATA_STATE_CAN_WRITE
[08:26:05.413] Verifying mbedtls_ssl_tls13_handshake_server_step ...
[08:26:05.419] Simulating mbedtls_ssl_tls13_handshake_server_step ...
[08:26:05.439] Checking proof obligations mbedtls_ssl_tls13_handshake_server_step ...
Calling Yices to check sat
Running check sat
Calling Yices to check sat
Running check sat
[08:26:05.461] Proof succeeded! mbedtls_ssl_tls13_handshake_server_step
[08:26:05.461] Handshake null?:0 -State: MBEDTLS_SSL_CLIENT_HELLO -EDS:MBEDTLS_SSL_EARLY_DATA_STATE_ACCEPTED
[08:26:07.101] Verifying mbedtls_ssl_tls13_handshake_server_step ...
[08:26:07.107] Simulating mbedtls_ssl_tls13_handshake_server_step ...
[08:26:07.125] Checking proof obligations mbedtls_ssl_tls13_handshake_server_step ...
Calling Yices to check sat
Running check sat
Calling Yices to check sat
Running check sat
[08:26:07.145] Proof succeeded! mbedtls_ssl_tls13_handshake_server_step
[08:26:07.145] Handshake null?:0 -State: MBEDTLS_SSL_CLIENT_HELLO -EDS:MBEDTLS_SSL_EARLY_DATA_STATE_REJECTED
[08:26:08.694] Verifying mbedtls_ssl_tls13_handshake_server_step ...
[08:26:08.700] Simulating mbedtls_ssl_tls13_handshake_server_step ...
[08:26:08.721] Checking proof obligations mbedtls_ssl_tls13_handshake_server_step ...
Calling Yices to check sat
Running check sat
Calling Yices to check sat
Running check sat
[08:26:08.742] Proof succeeded! mbedtls_ssl_tls13_handshake_server_step
[08:26:08.742] Handshake null?:0 -State: MBEDTLS_SSL_CLIENT_HELLO -EDS:MBEDTLS_SSL_EARLY_DATA_STATE_SERVER_FINISHED_RECEIVED
[08:26:10.428] Verifying mbedtls_ssl_tls13_handshake_server_step ...
[08:26:10.434] Simulating mbedtls_ssl_tls13_handshake_server_step ...
[08:26:10.455] Checking proof obligations mbedtls_ssl_tls13_handshake_server_step ...
Calling Yices to check sat
Running check sat
Calling Yices to check sat
Running check sat
[08:26:10.476] Proof succeeded! mbedtls_ssl_tls13_handshake_server_step
[08:26:10.477] Handshake null?:0 -State: MBEDTLS_SSL_SERVER_HELLO -EDS:MBEDTLS_SSL_EARLY_DATA_STATE_IDLE
[08:26:12.125] Verifying mbedtls_ssl_tls13_handshake_server_step ...
[08:26:12.126] Simulating mbedtls_ssl_tls13_handshake_server_step ...
[08:26:12.134] Checking proof obligations mbedtls_ssl_tls13_handshake_server_step ...
Calling Yices to check sat
Running check sat
Calling Yices to check sat
Running check sat
[08:26:12.154] Proof succeeded! mbedtls_ssl_tls13_handshake_server_step
[08:26:12.154] Handshake null?:0 -State: MBEDTLS_SSL_SERVER_HELLO -EDS:MBEDTLS_SSL_EARLY_DATA_STATE_NO_IND_SENT
[08:26:13.622] Verifying mbedtls_ssl_tls13_handshake_server_step ...
[08:26:13.628] Simulating mbedtls_ssl_tls13_handshake_server_step ...
[08:26:13.645] Checking proof obligations mbedtls_ssl_tls13_handshake_server_step ...
Calling Yices to check sat
Running check sat
Calling Yices to check sat
Running check sat
[08:26:13.669] Proof succeeded! mbedtls_ssl_tls13_handshake_server_step
[08:26:13.669] Handshake null?:0 -State: MBEDTLS_SSL_SERVER_HELLO -EDS:MBEDTLS_SSL_EARLY_DATA_STATE_IND_SENT
[08:26:15.315] Verifying mbedtls_ssl_tls13_handshake_server_step ...
[08:26:15.321] Simulating mbedtls_ssl_tls13_handshake_server_step ...
[08:26:15.339] Checking proof obligations mbedtls_ssl_tls13_handshake_server_step ...
Calling Yices to check sat
Running check sat
Calling Yices to check sat
Running check sat
[08:26:15.364] Proof succeeded! mbedtls_ssl_tls13_handshake_server_step
[08:26:15.364] Handshake null?:0 -State: MBEDTLS_SSL_SERVER_HELLO -EDS:MBEDTLS_SSL_EARLY_DATA_STATE_CAN_WRITE
[08:26:17.054] Verifying mbedtls_ssl_tls13_handshake_server_step ...
[08:26:17.061] Simulating mbedtls_ssl_tls13_handshake_server_step ...
[08:26:17.077] Checking proof obligations mbedtls_ssl_tls13_handshake_server_step ...
Calling Yices to check sat
Running check sat
Calling Yices to check sat
Running check sat
[08:26:17.100] Proof succeeded! mbedtls_ssl_tls13_handshake_server_step
[08:26:17.100] Handshake null?:0 -State: MBEDTLS_SSL_SERVER_HELLO -EDS:MBEDTLS_SSL_EARLY_DATA_STATE_ACCEPTED
[08:26:18.667] Verifying mbedtls_ssl_tls13_handshake_server_step ...
[08:26:18.673] Simulating mbedtls_ssl_tls13_handshake_server_step ...
[08:26:18.689] Checking proof obligations mbedtls_ssl_tls13_handshake_server_step ...
Calling Yices to check sat
Running check sat
Calling Yices to check sat
Running check sat
[08:26:18.713] Proof succeeded! mbedtls_ssl_tls13_handshake_server_step
[08:26:18.713] Handshake null?:0 -State: MBEDTLS_SSL_SERVER_HELLO -EDS:MBEDTLS_SSL_EARLY_DATA_STATE_REJECTED
[08:26:20.507] Verifying mbedtls_ssl_tls13_handshake_server_step ...
[08:26:20.513] Simulating mbedtls_ssl_tls13_handshake_server_step ...
[08:26:20.530] Checking proof obligations mbedtls_ssl_tls13_handshake_server_step ...
Calling Yices to check sat
Running check sat
Calling Yices to check sat
Running check sat
[08:26:20.555] Proof succeeded! mbedtls_ssl_tls13_handshake_server_step
[08:26:20.555] Handshake null?:0 -State: MBEDTLS_SSL_SERVER_HELLO -EDS:MBEDTLS_SSL_EARLY_DATA_STATE_SERVER_FINISHED_RECEIVED
[08:26:22.166] Verifying mbedtls_ssl_tls13_handshake_server_step ...
[08:26:22.172] Simulating mbedtls_ssl_tls13_handshake_server_step ...
[08:26:22.189] Checking proof obligations mbedtls_ssl_tls13_handshake_server_step ...
Calling Yices to check sat
Running check sat
Calling Yices to check sat
Running check sat
[08:26:22.213] Proof succeeded! mbedtls_ssl_tls13_handshake_server_step
[08:26:22.213] Handshake null?:0 -State: MBEDTLS_SSL_SERVER_CERTIFICATE -EDS:MBEDTLS_SSL_EARLY_DATA_STATE_IDLE
[08:26:23.929] Verifying mbedtls_ssl_tls13_handshake_server_step ...
[08:26:23.935] Simulating mbedtls_ssl_tls13_handshake_server_step ...
[08:26:23.954] Checking proof obligations mbedtls_ssl_tls13_handshake_server_step ...
Calling Yices to check sat
Running check sat
Calling Yices to check sat
Running check sat
[08:26:23.979] Proof succeeded! mbedtls_ssl_tls13_handshake_server_step
[08:26:23.979] Handshake null?:0 -State: MBEDTLS_SSL_SERVER_CERTIFICATE -EDS:MBEDTLS_SSL_EARLY_DATA_STATE_NO_IND_SENT
[08:26:25.467] Verifying mbedtls_ssl_tls13_handshake_server_step ...
[08:26:25.473] Simulating mbedtls_ssl_tls13_handshake_server_step ...
[08:26:25.493] Checking proof obligations mbedtls_ssl_tls13_handshake_server_step ...
Calling Yices to check sat
Running check sat
Calling Yices to check sat
Running check sat
[08:26:25.521] Proof succeeded! mbedtls_ssl_tls13_handshake_server_step
[08:26:25.521] Handshake null?:0 -State: MBEDTLS_SSL_SERVER_CERTIFICATE -EDS:MBEDTLS_SSL_EARLY_DATA_STATE_IND_SENT
[08:26:27.214] Verifying mbedtls_ssl_tls13_handshake_server_step ...
[08:26:27.220] Simulating mbedtls_ssl_tls13_handshake_server_step ...
[08:26:27.240] Checking proof obligations mbedtls_ssl_tls13_handshake_server_step ...
Calling Yices to check sat
Running check sat
Calling Yices to check sat
Running check sat
[08:26:27.267] Proof succeeded! mbedtls_ssl_tls13_handshake_server_step
[08:26:27.267] Handshake null?:0 -State: MBEDTLS_SSL_SERVER_CERTIFICATE -EDS:MBEDTLS_SSL_EARLY_DATA_STATE_CAN_WRITE
[08:26:29.005] Verifying mbedtls_ssl_tls13_handshake_server_step ...
[08:26:29.011] Simulating mbedtls_ssl_tls13_handshake_server_step ...
[08:26:29.030] Checking proof obligations mbedtls_ssl_tls13_handshake_server_step ...
Calling Yices to check sat
Running check sat
Calling Yices to check sat
Running check sat
[08:26:29.053] Proof succeeded! mbedtls_ssl_tls13_handshake_server_step
[08:26:29.053] Handshake null?:0 -State: MBEDTLS_SSL_SERVER_CERTIFICATE -EDS:MBEDTLS_SSL_EARLY_DATA_STATE_ACCEPTED
[08:26:30.524] Verifying mbedtls_ssl_tls13_handshake_server_step ...
[08:26:30.529] Simulating mbedtls_ssl_tls13_handshake_server_step ...
[08:26:30.548] Checking proof obligations mbedtls_ssl_tls13_handshake_server_step ...
Calling Yices to check sat
Running check sat
Calling Yices to check sat
Running check sat
[08:26:30.573] Proof succeeded! mbedtls_ssl_tls13_handshake_server_step
[08:26:30.573] Handshake null?:0 -State: MBEDTLS_SSL_SERVER_CERTIFICATE -EDS:MBEDTLS_SSL_EARLY_DATA_STATE_REJECTED
[08:26:32.238] Verifying mbedtls_ssl_tls13_handshake_server_step ...
[08:26:32.244] Simulating mbedtls_ssl_tls13_handshake_server_step ...
[08:26:32.265] Checking proof obligations mbedtls_ssl_tls13_handshake_server_step ...
Calling Yices to check sat
Running check sat
Calling Yices to check sat
Running check sat
[08:26:32.291] Proof succeeded! mbedtls_ssl_tls13_handshake_server_step
[08:26:32.291] Handshake null?:0 -State: MBEDTLS_SSL_SERVER_CERTIFICATE -EDS:MBEDTLS_SSL_EARLY_DATA_STATE_SERVER_FINISHED_RECEIVED
[08:26:33.953] Verifying mbedtls_ssl_tls13_handshake_server_step ...
[08:26:33.959] Simulating mbedtls_ssl_tls13_handshake_server_step ...
[08:26:33.979] Checking proof obligations mbedtls_ssl_tls13_handshake_server_step ...
Calling Yices to check sat
Running check sat
Calling Yices to check sat
Running check sat
[08:26:34.002] Proof succeeded! mbedtls_ssl_tls13_handshake_server_step
[08:26:34.002] Handshake null?:0 -State: MBEDTLS_SSL_SERVER_KEY_EXCHANGE -EDS:MBEDTLS_SSL_EARLY_DATA_STATE_IDLE
[08:26:35.725] Verifying mbedtls_ssl_tls13_handshake_server_step ...
[08:26:35.730] Simulating mbedtls_ssl_tls13_handshake_server_step ...
[08:26:35.746] Checking proof obligations mbedtls_ssl_tls13_handshake_server_step ...
Calling Yices to check sat
Running check sat
Calling Yices to check sat
Running check sat
[08:26:35.769] Proof succeeded! mbedtls_ssl_tls13_handshake_server_step
[08:26:35.769] Handshake null?:0 -State: MBEDTLS_SSL_SERVER_KEY_EXCHANGE -EDS:MBEDTLS_SSL_EARLY_DATA_STATE_NO_IND_SENT
[08:26:37.506] Verifying mbedtls_ssl_tls13_handshake_server_step ...
[08:26:37.512] Simulating mbedtls_ssl_tls13_handshake_server_step ...
[08:26:37.527] Checking proof obligations mbedtls_ssl_tls13_handshake_server_step ...
Calling Yices to check sat
Running check sat
Calling Yices to check sat
Running check sat
[08:26:37.550] Proof succeeded! mbedtls_ssl_tls13_handshake_server_step
[08:26:37.550] Handshake null?:0 -State: MBEDTLS_SSL_SERVER_KEY_EXCHANGE -EDS:MBEDTLS_SSL_EARLY_DATA_STATE_IND_SENT
[08:26:39.102] Verifying mbedtls_ssl_tls13_handshake_server_step ...
[08:26:39.108] Simulating mbedtls_ssl_tls13_handshake_server_step ...
[08:26:39.122] Checking proof obligations mbedtls_ssl_tls13_handshake_server_step ...
Calling Yices to check sat
Running check sat
Calling Yices to check sat
Running check sat
[08:26:39.145] Proof succeeded! mbedtls_ssl_tls13_handshake_server_step
[08:26:39.145] Handshake null?:0 -State: MBEDTLS_SSL_SERVER_KEY_EXCHANGE -EDS:MBEDTLS_SSL_EARLY_DATA_STATE_CAN_WRITE
[08:26:40.888] Verifying mbedtls_ssl_tls13_handshake_server_step ...
[08:26:40.894] Simulating mbedtls_ssl_tls13_handshake_server_step ...
[08:26:40.909] Checking proof obligations mbedtls_ssl_tls13_handshake_server_step ...
Calling Yices to check sat
Running check sat
Calling Yices to check sat
Running check sat
[08:26:40.931] Proof succeeded! mbedtls_ssl_tls13_handshake_server_step
[08:26:40.931] Handshake null?:0 -State: MBEDTLS_SSL_SERVER_KEY_EXCHANGE -EDS:MBEDTLS_SSL_EARLY_DATA_STATE_ACCEPTED
[08:26:42.611] Verifying mbedtls_ssl_tls13_handshake_server_step ...
[08:26:42.617] Simulating mbedtls_ssl_tls13_handshake_server_step ...
[08:26:42.632] Checking proof obligations mbedtls_ssl_tls13_handshake_server_step ...
Calling Yices to check sat
Running check sat
Calling Yices to check sat
Running check sat
[08:26:42.653] Proof succeeded! mbedtls_ssl_tls13_handshake_server_step
[08:26:42.653] Handshake null?:0 -State: MBEDTLS_SSL_SERVER_KEY_EXCHANGE -EDS:MBEDTLS_SSL_EARLY_DATA_STATE_REJECTED
[08:26:44.412] Verifying mbedtls_ssl_tls13_handshake_server_step ...
[08:26:44.418] Simulating mbedtls_ssl_tls13_handshake_server_step ...
[08:26:44.433] Checking proof obligations mbedtls_ssl_tls13_handshake_server_step ...
Calling Yices to check sat
Running check sat
Calling Yices to check sat
Running check sat
[08:26:44.456] Proof succeeded! mbedtls_ssl_tls13_handshake_server_step
[08:26:44.456] Handshake null?:0 -State: MBEDTLS_SSL_SERVER_KEY_EXCHANGE -EDS:MBEDTLS_SSL_EARLY_DATA_STATE_SERVER_FINISHED_RECEIVED
[08:26:45.992] Verifying mbedtls_ssl_tls13_handshake_server_step ...
[08:26:45.998] Simulating mbedtls_ssl_tls13_handshake_server_step ...
[08:26:46.013] Checking proof obligations mbedtls_ssl_tls13_handshake_server_step ...
Calling Yices to check sat
Running check sat
Calling Yices to check sat
Running check sat
[08:26:46.037] Proof succeeded! mbedtls_ssl_tls13_handshake_server_step
[08:26:46.037] Handshake null?:0 -State: MBEDTLS_SSL_CERTIFICATE_REQUEST -EDS:MBEDTLS_SSL_EARLY_DATA_STATE_IDLE
[08:26:47.864] Verifying mbedtls_ssl_tls13_handshake_server_step ...
[08:26:47.870] Simulating mbedtls_ssl_tls13_handshake_server_step ...
[08:26:47.887] Checking proof obligations mbedtls_ssl_tls13_handshake_server_step ...
Calling Yices to check sat
Running check sat
Calling Yices to check sat
Running check sat
[08:26:47.910] Proof succeeded! mbedtls_ssl_tls13_handshake_server_step
[08:26:47.910] Handshake null?:0 -State: MBEDTLS_SSL_CERTIFICATE_REQUEST -EDS:MBEDTLS_SSL_EARLY_DATA_STATE_NO_IND_SENT
[08:26:49.466] Verifying mbedtls_ssl_tls13_handshake_server_step ...
[08:26:49.472] Simulating mbedtls_ssl_tls13_handshake_server_step ...
[08:26:49.491] Checking proof obligations mbedtls_ssl_tls13_handshake_server_step ...
Calling Yices to check sat
Running check sat
Calling Yices to check sat
Running check sat
[08:26:49.514] Proof succeeded! mbedtls_ssl_tls13_handshake_server_step
[08:26:49.515] Handshake null?:0 -State: MBEDTLS_SSL_CERTIFICATE_REQUEST -EDS:MBEDTLS_SSL_EARLY_DATA_STATE_IND_SENT
[08:26:51.052] Verifying mbedtls_ssl_tls13_handshake_server_step ...
[08:26:51.059] Simulating mbedtls_ssl_tls13_handshake_server_step ...
[08:26:51.079] Checking proof obligations mbedtls_ssl_tls13_handshake_server_step ...
Calling Yices to check sat
Running check sat
Calling Yices to check sat
Running check sat
[08:26:51.103] Proof succeeded! mbedtls_ssl_tls13_handshake_server_step
[08:26:51.103] Handshake null?:0 -State: MBEDTLS_SSL_CERTIFICATE_REQUEST -EDS:MBEDTLS_SSL_EARLY_DATA_STATE_CAN_WRITE
[08:26:52.697] Verifying mbedtls_ssl_tls13_handshake_server_step ...
[08:26:52.703] Simulating mbedtls_ssl_tls13_handshake_server_step ...
[08:26:52.723] Checking proof obligations mbedtls_ssl_tls13_handshake_server_step ...
Calling Yices to check sat
Running check sat
Calling Yices to check sat
Running check sat
[08:26:52.747] Proof succeeded! mbedtls_ssl_tls13_handshake_server_step
[08:26:52.747] Handshake null?:0 -State: MBEDTLS_SSL_CERTIFICATE_REQUEST -EDS:MBEDTLS_SSL_EARLY_DATA_STATE_ACCEPTED
[08:26:54.454] Verifying mbedtls_ssl_tls13_handshake_server_step ...
[08:26:54.461] Simulating mbedtls_ssl_tls13_handshake_server_step ...
[08:26:54.480] Checking proof obligations mbedtls_ssl_tls13_handshake_server_step ...
Calling Yices to check sat
Running check sat
Calling Yices to check sat
Running check sat
[08:26:54.504] Proof succeeded! mbedtls_ssl_tls13_handshake_server_step
[08:26:54.504] Handshake null?:0 -State: MBEDTLS_SSL_CERTIFICATE_REQUEST -EDS:MBEDTLS_SSL_EARLY_DATA_STATE_REJECTED
[08:26:56.314] Verifying mbedtls_ssl_tls13_handshake_server_step ...
[08:26:56.320] Simulating mbedtls_ssl_tls13_handshake_server_step ...
[08:26:56.340] Checking proof obligations mbedtls_ssl_tls13_handshake_server_step ...
Calling Yices to check sat
Running check sat
Calling Yices to check sat
Running check sat
[08:26:56.364] Proof succeeded! mbedtls_ssl_tls13_handshake_server_step
[08:26:56.364] Handshake null?:0 -State: MBEDTLS_SSL_CERTIFICATE_REQUEST -EDS:MBEDTLS_SSL_EARLY_DATA_STATE_SERVER_FINISHED_RECEIVED
[08:26:57.896] Verifying mbedtls_ssl_tls13_handshake_server_step ...
[08:26:57.902] Simulating mbedtls_ssl_tls13_handshake_server_step ...
[08:26:57.922] Checking proof obligations mbedtls_ssl_tls13_handshake_server_step ...
Calling Yices to check sat
Running check sat
Calling Yices to check sat
Running check sat
[08:26:57.946] Proof succeeded! mbedtls_ssl_tls13_handshake_server_step
[08:26:57.946] Handshake null?:0 -State: MBEDTLS_SSL_SERVER_HELLO_DONE -EDS:MBEDTLS_SSL_EARLY_DATA_STATE_IDLE
[08:26:59.577] Verifying mbedtls_ssl_tls13_handshake_server_step ...
[08:26:59.583] Simulating mbedtls_ssl_tls13_handshake_server_step ...
[08:26:59.599] Checking proof obligations mbedtls_ssl_tls13_handshake_server_step ...
Calling Yices to check sat
Running check sat
Calling Yices to check sat
Running check sat
[08:26:59.622] Proof succeeded! mbedtls_ssl_tls13_handshake_server_step
[08:26:59.622] Handshake null?:0 -State: MBEDTLS_SSL_SERVER_HELLO_DONE -EDS:MBEDTLS_SSL_EARLY_DATA_STATE_NO_IND_SENT
[08:27:01.188] Verifying mbedtls_ssl_tls13_handshake_server_step ...
[08:27:01.194] Simulating mbedtls_ssl_tls13_handshake_server_step ...
[08:27:01.209] Checking proof obligations mbedtls_ssl_tls13_handshake_server_step ...
Calling Yices to check sat
Running check sat
Calling Yices to check sat
Running check sat
[08:27:01.232] Proof succeeded! mbedtls_ssl_tls13_handshake_server_step
[08:27:01.232] Handshake null?:0 -State: MBEDTLS_SSL_SERVER_HELLO_DONE -EDS:MBEDTLS_SSL_EARLY_DATA_STATE_IND_SENT
[08:27:02.802] Verifying mbedtls_ssl_tls13_handshake_server_step ...
[08:27:02.809] Simulating mbedtls_ssl_tls13_handshake_server_step ...
[08:27:02.823] Checking proof obligations mbedtls_ssl_tls13_handshake_server_step ...
Calling Yices to check sat
Running check sat
Calling Yices to check sat
Running check sat
[08:27:02.845] Proof succeeded! mbedtls_ssl_tls13_handshake_server_step
[08:27:02.845] Handshake null?:0 -State: MBEDTLS_SSL_SERVER_HELLO_DONE -EDS:MBEDTLS_SSL_EARLY_DATA_STATE_CAN_WRITE
[08:27:04.741] Verifying mbedtls_ssl_tls13_handshake_server_step ...
[08:27:04.747] Simulating mbedtls_ssl_tls13_handshake_server_step ...
[08:27:04.762] Checking proof obligations mbedtls_ssl_tls13_handshake_server_step ...
Calling Yices to check sat
Running check sat
Calling Yices to check sat
Running check sat
[08:27:04.784] Proof succeeded! mbedtls_ssl_tls13_handshake_server_step
[08:27:04.784] Handshake null?:0 -State: MBEDTLS_SSL_SERVER_HELLO_DONE -EDS:MBEDTLS_SSL_EARLY_DATA_STATE_ACCEPTED
[08:27:06.402] Verifying mbedtls_ssl_tls13_handshake_server_step ...
[08:27:06.409] Simulating mbedtls_ssl_tls13_handshake_server_step ...
[08:27:06.423] Checking proof obligations mbedtls_ssl_tls13_handshake_server_step ...
Calling Yices to check sat
Running check sat
Calling Yices to check sat
Running check sat
[08:27:06.446] Proof succeeded! mbedtls_ssl_tls13_handshake_server_step
[08:27:06.446] Handshake null?:0 -State: MBEDTLS_SSL_SERVER_HELLO_DONE -EDS:MBEDTLS_SSL_EARLY_DATA_STATE_REJECTED
[08:27:08.036] Verifying mbedtls_ssl_tls13_handshake_server_step ...
[08:27:08.042] Simulating mbedtls_ssl_tls13_handshake_server_step ...
[08:27:08.056] Checking proof obligations mbedtls_ssl_tls13_handshake_server_step ...
Calling Yices to check sat
Running check sat
Calling Yices to check sat
Running check sat
[08:27:08.079] Proof succeeded! mbedtls_ssl_tls13_handshake_server_step
[08:27:08.079] Handshake null?:0 -State: MBEDTLS_SSL_SERVER_HELLO_DONE -EDS:MBEDTLS_SSL_EARLY_DATA_STATE_SERVER_FINISHED_RECEIVED
[08:27:09.692] Verifying mbedtls_ssl_tls13_handshake_server_step ...
[08:27:09.698] Simulating mbedtls_ssl_tls13_handshake_server_step ...
[08:27:09.714] Checking proof obligations mbedtls_ssl_tls13_handshake_server_step ...
Calling Yices to check sat
Running check sat
Calling Yices to check sat
Running check sat
[08:27:09.737] Proof succeeded! mbedtls_ssl_tls13_handshake_server_step
[08:27:09.737] Handshake null?:0 -State: MBEDTLS_SSL_CLIENT_CERTIFICATE -EDS:MBEDTLS_SSL_EARLY_DATA_STATE_IDLE
[08:27:11.505] Verifying mbedtls_ssl_tls13_handshake_server_step ...
[08:27:11.510] Simulating mbedtls_ssl_tls13_handshake_server_step ...
[08:27:11.527] Checking proof obligations mbedtls_ssl_tls13_handshake_server_step ...
Calling Yices to check sat
Running check sat
Calling Yices to check sat
Running check sat
[08:27:11.551] Proof succeeded! mbedtls_ssl_tls13_handshake_server_step
[08:27:13.219] Verifying mbedtls_ssl_tls13_handshake_server_step ...
[08:27:13.225] Simulating mbedtls_ssl_tls13_handshake_server_step ...
[08:27:13.243] Checking proof obligations mbedtls_ssl_tls13_handshake_server_step ...
Calling Yices to check sat
Running check sat
Calling Yices to check sat
Running check sat
[08:27:13.267] Proof succeeded! mbedtls_ssl_tls13_handshake_server_step
[08:27:13.268] Handshake null?:0 -State: MBEDTLS_SSL_CLIENT_CERTIFICATE -EDS:MBEDTLS_SSL_EARLY_DATA_STATE_NO_IND_SENT
[08:27:15.210] Verifying mbedtls_ssl_tls13_handshake_server_step ...
[08:27:15.215] Simulating mbedtls_ssl_tls13_handshake_server_step ...
[08:27:15.232] Checking proof obligations mbedtls_ssl_tls13_handshake_server_step ...
Calling Yices to check sat
Running check sat
Calling Yices to check sat
Running check sat
[08:27:15.255] Proof succeeded! mbedtls_ssl_tls13_handshake_server_step
[08:27:16.834] Verifying mbedtls_ssl_tls13_handshake_server_step ...
[08:27:16.840] Simulating mbedtls_ssl_tls13_handshake_server_step ...
[08:27:16.856] Checking proof obligations mbedtls_ssl_tls13_handshake_server_step ...
Calling Yices to check sat
Running check sat
Calling Yices to check sat
Running check sat
[08:27:16.879] Proof succeeded! mbedtls_ssl_tls13_handshake_server_step
[08:27:16.879] Handshake null?:0 -State: MBEDTLS_SSL_CLIENT_CERTIFICATE -EDS:MBEDTLS_SSL_EARLY_DATA_STATE_IND_SENT
[08:27:18.461] Verifying mbedtls_ssl_tls13_handshake_server_step ...
[08:27:18.467] Simulating mbedtls_ssl_tls13_handshake_server_step ...
[08:27:18.484] Checking proof obligations mbedtls_ssl_tls13_handshake_server_step ...
Calling Yices to check sat
Running check sat
Calling Yices to check sat
Running check sat
[08:27:18.507] Proof succeeded! mbedtls_ssl_tls13_handshake_server_step
[08:27:20.041] Verifying mbedtls_ssl_tls13_handshake_server_step ...
[08:27:20.046] Simulating mbedtls_ssl_tls13_handshake_server_step ...
[08:27:20.064] Checking proof obligations mbedtls_ssl_tls13_handshake_server_step ...
Calling Yices to check sat
Running check sat
Calling Yices to check sat
Running check sat
[08:27:20.090] Proof succeeded! mbedtls_ssl_tls13_handshake_server_step
[08:27:20.090] Handshake null?:0 -State: MBEDTLS_SSL_CLIENT_CERTIFICATE -EDS:MBEDTLS_SSL_EARLY_DATA_STATE_CAN_WRITE
[08:27:21.718] Verifying mbedtls_ssl_tls13_handshake_server_step ...
[08:27:21.724] Simulating mbedtls_ssl_tls13_handshake_server_step ...
[08:27:21.740] Checking proof obligations mbedtls_ssl_tls13_handshake_server_step ...
Calling Yices to check sat
Running check sat
Calling Yices to check sat
Running check sat
[08:27:21.764] Proof succeeded! mbedtls_ssl_tls13_handshake_server_step
[08:27:23.203] Verifying mbedtls_ssl_tls13_handshake_server_step ...
[08:27:23.210] Simulating mbedtls_ssl_tls13_handshake_server_step ...
[08:27:23.227] Checking proof obligations mbedtls_ssl_tls13_handshake_server_step ...
Calling Yices to check sat
Running check sat
Calling Yices to check sat
Running check sat
[08:27:23.447] Proof succeeded! mbedtls_ssl_tls13_handshake_server_step
[08:27:23.447] Handshake null?:0 -State: MBEDTLS_SSL_CLIENT_CERTIFICATE -EDS:MBEDTLS_SSL_EARLY_DATA_STATE_ACCEPTED
[08:27:25.019] Verifying mbedtls_ssl_tls13_handshake_server_step ...
[08:27:25.024] Simulating mbedtls_ssl_tls13_handshake_server_step ...
[08:27:25.041] Checking proof obligations mbedtls_ssl_tls13_handshake_server_step ...
Calling Yices to check sat
Running check sat
Calling Yices to check sat
Running check sat
[08:27:25.064] Proof succeeded! mbedtls_ssl_tls13_handshake_server_step
[08:27:26.620] Verifying mbedtls_ssl_tls13_handshake_server_step ...
[08:27:26.626] Simulating mbedtls_ssl_tls13_handshake_server_step ...
[08:27:26.643] Checking proof obligations mbedtls_ssl_tls13_handshake_server_step ...
Calling Yices to check sat
Running check sat
Calling Yices to check sat
Running check sat
[08:27:26.667] Proof succeeded! mbedtls_ssl_tls13_handshake_server_step
[08:27:26.667] Handshake null?:0 -State: MBEDTLS_SSL_CLIENT_CERTIFICATE -EDS:MBEDTLS_SSL_EARLY_DATA_STATE_REJECTED
[08:27:28.332] Verifying mbedtls_ssl_tls13_handshake_server_step ...
[08:27:28.338] Simulating mbedtls_ssl_tls13_handshake_server_step ...
[08:27:28.355] Checking proof obligations mbedtls_ssl_tls13_handshake_server_step ...
Calling Yices to check sat
Running check sat
Calling Yices to check sat
Running check sat
[08:27:28.379] Proof succeeded! mbedtls_ssl_tls13_handshake_server_step
[08:27:29.846] Verifying mbedtls_ssl_tls13_handshake_server_step ...
[08:27:29.852] Simulating mbedtls_ssl_tls13_handshake_server_step ...
[08:27:29.870] Checking proof obligations mbedtls_ssl_tls13_handshake_server_step ...
Calling Yices to check sat
Running check sat
Calling Yices to check sat
Running check sat
[08:27:29.895] Proof succeeded! mbedtls_ssl_tls13_handshake_server_step
[08:27:29.895] Handshake null?:0 -State: MBEDTLS_SSL_CLIENT_CERTIFICATE -EDS:MBEDTLS_SSL_EARLY_DATA_STATE_SERVER_FINISHED_RECEIVED
[08:27:31.486] Verifying mbedtls_ssl_tls13_handshake_server_step ...
[08:27:31.492] Simulating mbedtls_ssl_tls13_handshake_server_step ...
[08:27:31.509] Checking proof obligations mbedtls_ssl_tls13_handshake_server_step ...
Calling Yices to check sat
Running check sat
Calling Yices to check sat
Running check sat
[08:27:31.533] Proof succeeded! mbedtls_ssl_tls13_handshake_server_step
[08:27:33.365] Verifying mbedtls_ssl_tls13_handshake_server_step ...
[08:27:33.370] Simulating mbedtls_ssl_tls13_handshake_server_step ...
[08:27:33.387] Checking proof obligations mbedtls_ssl_tls13_handshake_server_step ...
Calling Yices to check sat
Running check sat
Calling Yices to check sat
Running check sat
[08:27:33.410] Proof succeeded! mbedtls_ssl_tls13_handshake_server_step
[08:27:33.410] Handshake null?:0 -State: MBEDTLS_SSL_CLIENT_KEY_EXCHANGE -EDS:MBEDTLS_SSL_EARLY_DATA_STATE_IDLE
[08:27:35.116] Verifying mbedtls_ssl_tls13_handshake_server_step ...
[08:27:35.122] Simulating mbedtls_ssl_tls13_handshake_server_step ...
[08:27:35.137] Checking proof obligations mbedtls_ssl_tls13_handshake_server_step ...
Calling Yices to check sat
Running check sat
Calling Yices to check sat
Running check sat
[08:27:35.161] Proof succeeded! mbedtls_ssl_tls13_handshake_server_step
[08:27:35.161] Handshake null?:0 -State: MBEDTLS_SSL_CLIENT_KEY_EXCHANGE -EDS:MBEDTLS_SSL_EARLY_DATA_STATE_NO_IND_SENT
[08:27:36.817] Verifying mbedtls_ssl_tls13_handshake_server_step ...
[08:27:36.823] Simulating mbedtls_ssl_tls13_handshake_server_step ...
[08:27:36.838] Checking proof obligations mbedtls_ssl_tls13_handshake_server_step ...
Calling Yices to check sat
Running check sat
Calling Yices to check sat
Running check sat
[08:27:36.862] Proof succeeded! mbedtls_ssl_tls13_handshake_server_step
[08:27:36.862] Handshake null?:0 -State: MBEDTLS_SSL_CLIENT_KEY_EXCHANGE -EDS:MBEDTLS_SSL_EARLY_DATA_STATE_IND_SENT
[08:27:38.539] Verifying mbedtls_ssl_tls13_handshake_server_step ...
[08:27:38.545] Simulating mbedtls_ssl_tls13_handshake_server_step ...
[08:27:38.559] Checking proof obligations mbedtls_ssl_tls13_handshake_server_step ...
Calling Yices to check sat
Running check sat
Calling Yices to check sat
Running check sat
[08:27:38.581] Proof succeeded! mbedtls_ssl_tls13_handshake_server_step
[08:27:38.581] Handshake null?:0 -State: MBEDTLS_SSL_CLIENT_KEY_EXCHANGE -EDS:MBEDTLS_SSL_EARLY_DATA_STATE_CAN_WRITE
[08:27:40.125] Verifying mbedtls_ssl_tls13_handshake_server_step ...
[08:27:40.131] Simulating mbedtls_ssl_tls13_handshake_server_step ...
[08:27:40.145] Checking proof obligations mbedtls_ssl_tls13_handshake_server_step ...
Calling Yices to check sat
Running check sat
Calling Yices to check sat
Running check sat
[08:27:40.167] Proof succeeded! mbedtls_ssl_tls13_handshake_server_step
[08:27:40.167] Handshake null?:0 -State: MBEDTLS_SSL_CLIENT_KEY_EXCHANGE -EDS:MBEDTLS_SSL_EARLY_DATA_STATE_ACCEPTED
[08:27:41.974] Verifying mbedtls_ssl_tls13_handshake_server_step ...
[08:27:41.980] Simulating mbedtls_ssl_tls13_handshake_server_step ...
[08:27:41.994] Checking proof obligations mbedtls_ssl_tls13_handshake_server_step ...
Calling Yices to check sat
Running check sat
Calling Yices to check sat
Running check sat
[08:27:42.016] Proof succeeded! mbedtls_ssl_tls13_handshake_server_step
[08:27:42.016] Handshake null?:0 -State: MBEDTLS_SSL_CLIENT_KEY_EXCHANGE -EDS:MBEDTLS_SSL_EARLY_DATA_STATE_REJECTED
[08:27:43.855] Verifying mbedtls_ssl_tls13_handshake_server_step ...
[08:27:43.860] Simulating mbedtls_ssl_tls13_handshake_server_step ...
[08:27:43.874] Checking proof obligations mbedtls_ssl_tls13_handshake_server_step ...
Calling Yices to check sat
Running check sat
Calling Yices to check sat
Running check sat
[08:27:43.896] Proof succeeded! mbedtls_ssl_tls13_handshake_server_step
[08:27:43.897] Handshake null?:0 -State: MBEDTLS_SSL_CLIENT_KEY_EXCHANGE -EDS:MBEDTLS_SSL_EARLY_DATA_STATE_SERVER_FINISHED_RECEIVED
[08:27:45.484] Verifying mbedtls_ssl_tls13_handshake_server_step ...
[08:27:45.490] Simulating mbedtls_ssl_tls13_handshake_server_step ...
[08:27:45.504] Checking proof obligations mbedtls_ssl_tls13_handshake_server_step ...
Calling Yices to check sat
Running check sat
Calling Yices to check sat
Running check sat
[08:27:45.527] Proof succeeded! mbedtls_ssl_tls13_handshake_server_step
[08:27:45.527] Handshake null?:0 -State: MBEDTLS_SSL_CERTIFICATE_VERIFY -EDS:MBEDTLS_SSL_EARLY_DATA_STATE_IDLE
[08:27:47.158] Verifying mbedtls_ssl_tls13_handshake_server_step ...
[08:27:47.163] Simulating mbedtls_ssl_tls13_handshake_server_step ...
[08:27:47.182] Checking proof obligations mbedtls_ssl_tls13_handshake_server_step ...
Calling Yices to check sat
Running check sat
Calling Yices to check sat
Running check sat
[08:27:47.208] Proof succeeded! mbedtls_ssl_tls13_handshake_server_step
[08:27:47.208] Handshake null?:0 -State: MBEDTLS_SSL_CERTIFICATE_VERIFY -EDS:MBEDTLS_SSL_EARLY_DATA_STATE_NO_IND_SENT
[08:27:48.931] Verifying mbedtls_ssl_tls13_handshake_server_step ...
[08:27:48.937] Simulating mbedtls_ssl_tls13_handshake_server_step ...
[08:27:48.954] Checking proof obligations mbedtls_ssl_tls13_handshake_server_step ...
Calling Yices to check sat
Running check sat
Calling Yices to check sat
Running check sat
[08:27:48.977] Proof succeeded! mbedtls_ssl_tls13_handshake_server_step
[08:27:48.977] Handshake null?:0 -State: MBEDTLS_SSL_CERTIFICATE_VERIFY -EDS:MBEDTLS_SSL_EARLY_DATA_STATE_IND_SENT
[08:27:50.765] Verifying mbedtls_ssl_tls13_handshake_server_step ...
[08:27:50.771] Simulating mbedtls_ssl_tls13_handshake_server_step ...
[08:27:50.788] Checking proof obligations mbedtls_ssl_tls13_handshake_server_step ...
Calling Yices to check sat
Running check sat
Calling Yices to check sat
Running check sat
[08:27:50.812] Proof succeeded! mbedtls_ssl_tls13_handshake_server_step
[08:27:50.812] Handshake null?:0 -State: MBEDTLS_SSL_CERTIFICATE_VERIFY -EDS:MBEDTLS_SSL_EARLY_DATA_STATE_CAN_WRITE
[08:27:52.406] Verifying mbedtls_ssl_tls13_handshake_server_step ...
[08:27:52.412] Simulating mbedtls_ssl_tls13_handshake_server_step ...
[08:27:52.429] Checking proof obligations mbedtls_ssl_tls13_handshake_server_step ...
Calling Yices to check sat
Running check sat
Calling Yices to check sat
Running check sat
[08:27:52.700] Proof succeeded! mbedtls_ssl_tls13_handshake_server_step
[08:27:52.700] Handshake null?:0 -State: MBEDTLS_SSL_CERTIFICATE_VERIFY -EDS:MBEDTLS_SSL_EARLY_DATA_STATE_ACCEPTED
[08:27:54.271] Verifying mbedtls_ssl_tls13_handshake_server_step ...
[08:27:54.277] Simulating mbedtls_ssl_tls13_handshake_server_step ...
[08:27:54.294] Checking proof obligations mbedtls_ssl_tls13_handshake_server_step ...
Calling Yices to check sat
Running check sat
Calling Yices to check sat
Running check sat
[08:27:54.316] Proof succeeded! mbedtls_ssl_tls13_handshake_server_step
[08:27:54.316] Handshake null?:0 -State: MBEDTLS_SSL_CERTIFICATE_VERIFY -EDS:MBEDTLS_SSL_EARLY_DATA_STATE_REJECTED
[08:27:55.970] Verifying mbedtls_ssl_tls13_handshake_server_step ...
[08:27:55.976] Simulating mbedtls_ssl_tls13_handshake_server_step ...
[08:27:55.995] Checking proof obligations mbedtls_ssl_tls13_handshake_server_step ...
Calling Yices to check sat
Running check sat
Calling Yices to check sat
Running check sat
[08:27:56.021] Proof succeeded! mbedtls_ssl_tls13_handshake_server_step
[08:27:56.021] Handshake null?:0 -State: MBEDTLS_SSL_CERTIFICATE_VERIFY -EDS:MBEDTLS_SSL_EARLY_DATA_STATE_SERVER_FINISHED_RECEIVED
[08:27:57.758] Verifying mbedtls_ssl_tls13_handshake_server_step ...
[08:27:57.764] Simulating mbedtls_ssl_tls13_handshake_server_step ...
[08:27:57.781] Checking proof obligations mbedtls_ssl_tls13_handshake_server_step ...
Calling Yices to check sat
Running check sat
Calling Yices to check sat
Running check sat
[08:27:57.805] Proof succeeded! mbedtls_ssl_tls13_handshake_server_step
[08:27:57.805] Handshake null?:0 -State: MBEDTLS_SSL_CLIENT_CHANGE_CIPHER_SPEC -EDS:MBEDTLS_SSL_EARLY_DATA_STATE_IDLE
[08:27:59.452] Verifying mbedtls_ssl_tls13_handshake_server_step ...
[08:27:59.458] Simulating mbedtls_ssl_tls13_handshake_server_step ...
[08:27:59.473] Checking proof obligations mbedtls_ssl_tls13_handshake_server_step ...
Calling Yices to check sat
Running check sat
Calling Yices to check sat
Running check sat
[08:27:59.496] Proof succeeded! mbedtls_ssl_tls13_handshake_server_step
[08:27:59.496] Handshake null?:0 -State: MBEDTLS_SSL_CLIENT_CHANGE_CIPHER_SPEC -EDS:MBEDTLS_SSL_EARLY_DATA_STATE_NO_IND_SENT
[08:28:01.117] Verifying mbedtls_ssl_tls13_handshake_server_step ...
[08:28:01.123] Simulating mbedtls_ssl_tls13_handshake_server_step ...
[08:28:01.137] Checking proof obligations mbedtls_ssl_tls13_handshake_server_step ...
Calling Yices to check sat
Running check sat
Calling Yices to check sat
Running check sat
[08:28:01.161] Proof succeeded! mbedtls_ssl_tls13_handshake_server_step
[08:28:01.161] Handshake null?:0 -State: MBEDTLS_SSL_CLIENT_CHANGE_CIPHER_SPEC -EDS:MBEDTLS_SSL_EARLY_DATA_STATE_IND_SENT
[08:28:03.036] Verifying mbedtls_ssl_tls13_handshake_server_step ...
[08:28:03.042] Simulating mbedtls_ssl_tls13_handshake_server_step ...
[08:28:03.056] Checking proof obligations mbedtls_ssl_tls13_handshake_server_step ...
Calling Yices to check sat
Running check sat
Calling Yices to check sat
Running check sat
[08:28:03.078] Proof succeeded! mbedtls_ssl_tls13_handshake_server_step
[08:28:03.078] Handshake null?:0 -State: MBEDTLS_SSL_CLIENT_CHANGE_CIPHER_SPEC -EDS:MBEDTLS_SSL_EARLY_DATA_STATE_CAN_WRITE
[08:28:04.747] Verifying mbedtls_ssl_tls13_handshake_server_step ...
[08:28:04.754] Simulating mbedtls_ssl_tls13_handshake_server_step ...
[08:28:04.769] Checking proof obligations mbedtls_ssl_tls13_handshake_server_step ...
Calling Yices to check sat
Running check sat
Calling Yices to check sat
Running check sat
[08:28:04.792] Proof succeeded! mbedtls_ssl_tls13_handshake_server_step
[08:28:04.792] Handshake null?:0 -State: MBEDTLS_SSL_CLIENT_CHANGE_CIPHER_SPEC -EDS:MBEDTLS_SSL_EARLY_DATA_STATE_ACCEPTED
[08:28:06.495] Verifying mbedtls_ssl_tls13_handshake_server_step ...
[08:28:06.501] Simulating mbedtls_ssl_tls13_handshake_server_step ...
[08:28:06.516] Checking proof obligations mbedtls_ssl_tls13_handshake_server_step ...
Calling Yices to check sat
Running check sat
Calling Yices to check sat
Running check sat
[08:28:06.540] Proof succeeded! mbedtls_ssl_tls13_handshake_server_step
[08:28:06.540] Handshake null?:0 -State: MBEDTLS_SSL_CLIENT_CHANGE_CIPHER_SPEC -EDS:MBEDTLS_SSL_EARLY_DATA_STATE_REJECTED
[08:28:08.229] Verifying mbedtls_ssl_tls13_handshake_server_step ...
[08:28:08.235] Simulating mbedtls_ssl_tls13_handshake_server_step ...
[08:28:08.250] Checking proof obligations mbedtls_ssl_tls13_handshake_server_step ...
Calling Yices to check sat
Running check sat
Calling Yices to check sat
Running check sat
[08:28:08.272] Proof succeeded! mbedtls_ssl_tls13_handshake_server_step
[08:28:08.272] Handshake null?:0 -State: MBEDTLS_SSL_CLIENT_CHANGE_CIPHER_SPEC -EDS:MBEDTLS_SSL_EARLY_DATA_STATE_SERVER_FINISHED_RECEIVED
[08:28:09.988] Verifying mbedtls_ssl_tls13_handshake_server_step ...
[08:28:09.994] Simulating mbedtls_ssl_tls13_handshake_server_step ...
[08:28:10.009] Checking proof obligations mbedtls_ssl_tls13_handshake_server_step ...
Calling Yices to check sat
Running check sat
Calling Yices to check sat
Running check sat
[08:28:10.032] Proof succeeded! mbedtls_ssl_tls13_handshake_server_step
[08:28:10.032] Handshake null?:0 -State: MBEDTLS_SSL_CLIENT_FINISHED -EDS:MBEDTLS_SSL_EARLY_DATA_STATE_IDLE
[08:28:11.649] Verifying mbedtls_ssl_tls13_handshake_server_step ...
[08:28:11.655] Simulating mbedtls_ssl_tls13_handshake_server_step ...
[08:28:11.672] Checking proof obligations mbedtls_ssl_tls13_handshake_server_step ...
Calling Yices to check sat
Running check sat
Calling Yices to check sat
Running check sat
[08:28:11.695] Proof succeeded! mbedtls_ssl_tls13_handshake_server_step
[08:28:11.695] Handshake null?:0 -State: MBEDTLS_SSL_CLIENT_FINISHED -EDS:MBEDTLS_SSL_EARLY_DATA_STATE_NO_IND_SENT
[08:28:13.675] Verifying mbedtls_ssl_tls13_handshake_server_step ...
[08:28:13.681] Simulating mbedtls_ssl_tls13_handshake_server_step ...
[08:28:13.698] Checking proof obligations mbedtls_ssl_tls13_handshake_server_step ...
Calling Yices to check sat
Running check sat
Calling Yices to check sat
Running check sat
[08:28:13.722] Proof succeeded! mbedtls_ssl_tls13_handshake_server_step
[08:28:13.722] Handshake null?:0 -State: MBEDTLS_SSL_CLIENT_FINISHED -EDS:MBEDTLS_SSL_EARLY_DATA_STATE_IND_SENT
[08:28:15.435] Verifying mbedtls_ssl_tls13_handshake_server_step ...
[08:28:15.441] Simulating mbedtls_ssl_tls13_handshake_server_step ...
[08:28:15.458] Checking proof obligations mbedtls_ssl_tls13_handshake_server_step ...
Calling Yices to check sat
Running check sat
Calling Yices to check sat
Running check sat
[08:28:15.482] Proof succeeded! mbedtls_ssl_tls13_handshake_server_step
[08:28:15.482] Handshake null?:0 -State: MBEDTLS_SSL_CLIENT_FINISHED -EDS:MBEDTLS_SSL_EARLY_DATA_STATE_CAN_WRITE
[08:28:17.204] Verifying mbedtls_ssl_tls13_handshake_server_step ...
[08:28:17.210] Simulating mbedtls_ssl_tls13_handshake_server_step ...
[08:28:17.229] Checking proof obligations mbedtls_ssl_tls13_handshake_server_step ...
Calling Yices to check sat
Running check sat
Calling Yices to check sat
Running check sat
[08:28:17.254] Proof succeeded! mbedtls_ssl_tls13_handshake_server_step
[08:28:17.254] Handshake null?:0 -State: MBEDTLS_SSL_CLIENT_FINISHED -EDS:MBEDTLS_SSL_EARLY_DATA_STATE_ACCEPTED
[08:28:19.022] Verifying mbedtls_ssl_tls13_handshake_server_step ...
[08:28:19.028] Simulating mbedtls_ssl_tls13_handshake_server_step ...
[08:28:19.045] Checking proof obligations mbedtls_ssl_tls13_handshake_server_step ...
Calling Yices to check sat
Running check sat
Calling Yices to check sat
Running check sat
[08:28:19.070] Proof succeeded! mbedtls_ssl_tls13_handshake_server_step
[08:28:19.070] Handshake null?:0 -State: MBEDTLS_SSL_CLIENT_FINISHED -EDS:MBEDTLS_SSL_EARLY_DATA_STATE_REJECTED
[08:28:20.813] Verifying mbedtls_ssl_tls13_handshake_server_step ...
[08:28:20.819] Simulating mbedtls_ssl_tls13_handshake_server_step ...
[08:28:20.837] Checking proof obligations mbedtls_ssl_tls13_handshake_server_step ...
Calling Yices to check sat
Running check sat
Calling Yices to check sat
Running check sat
[08:28:20.861] Proof succeeded! mbedtls_ssl_tls13_handshake_server_step
[08:28:20.861] Handshake null?:0 -State: MBEDTLS_SSL_CLIENT_FINISHED -EDS:MBEDTLS_SSL_EARLY_DATA_STATE_SERVER_FINISHED_RECEIVED
[08:28:22.718] Verifying mbedtls_ssl_tls13_handshake_server_step ...
[08:28:22.725] Simulating mbedtls_ssl_tls13_handshake_server_step ...
[08:28:22.741] Checking proof obligations mbedtls_ssl_tls13_handshake_server_step ...
Calling Yices to check sat
Running check sat
Calling Yices to check sat
Running check sat
[08:28:22.765] Proof succeeded! mbedtls_ssl_tls13_handshake_server_step
[08:28:22.765] Handshake null?:0 -State: MBEDTLS_SSL_SERVER_CHANGE_CIPHER_SPEC -EDS:MBEDTLS_SSL_EARLY_DATA_STATE_IDLE
[08:28:24.772] Verifying mbedtls_ssl_tls13_handshake_server_step ...
[08:28:24.777] Simulating mbedtls_ssl_tls13_handshake_server_step ...
[08:28:24.793] Checking proof obligations mbedtls_ssl_tls13_handshake_server_step ...
Calling Yices to check sat
Running check sat
Calling Yices to check sat
Running check sat
[08:28:24.816] Proof succeeded! mbedtls_ssl_tls13_handshake_server_step
[08:28:24.816] Handshake null?:0 -State: MBEDTLS_SSL_SERVER_CHANGE_CIPHER_SPEC -EDS:MBEDTLS_SSL_EARLY_DATA_STATE_NO_IND_SENT
[08:28:26.545] Verifying mbedtls_ssl_tls13_handshake_server_step ...
[08:28:26.551] Simulating mbedtls_ssl_tls13_handshake_server_step ...
[08:28:26.565] Checking proof obligations mbedtls_ssl_tls13_handshake_server_step ...
Calling Yices to check sat
Running check sat
Calling Yices to check sat
Running check sat
[08:28:26.588] Proof succeeded! mbedtls_ssl_tls13_handshake_server_step
[08:28:26.588] Handshake null?:0 -State: MBEDTLS_SSL_SERVER_CHANGE_CIPHER_SPEC -EDS:MBEDTLS_SSL_EARLY_DATA_STATE_IND_SENT
[08:28:28.324] Verifying mbedtls_ssl_tls13_handshake_server_step ...
[08:28:28.330] Simulating mbedtls_ssl_tls13_handshake_server_step ...
[08:28:28.345] Checking proof obligations mbedtls_ssl_tls13_handshake_server_step ...
Calling Yices to check sat
Running check sat
Calling Yices to check sat
Running check sat
[08:28:28.368] Proof succeeded! mbedtls_ssl_tls13_handshake_server_step
[08:28:28.368] Handshake null?:0 -State: MBEDTLS_SSL_SERVER_CHANGE_CIPHER_SPEC -EDS:MBEDTLS_SSL_EARLY_DATA_STATE_CAN_WRITE
[08:28:30.101] Verifying mbedtls_ssl_tls13_handshake_server_step ...
[08:28:30.106] Simulating mbedtls_ssl_tls13_handshake_server_step ...
[08:28:30.121] Checking proof obligations mbedtls_ssl_tls13_handshake_server_step ...
Calling Yices to check sat
Running check sat
Calling Yices to check sat
Running check sat
[08:28:30.144] Proof succeeded! mbedtls_ssl_tls13_handshake_server_step
[08:28:30.144] Handshake null?:0 -State: MBEDTLS_SSL_SERVER_CHANGE_CIPHER_SPEC -EDS:MBEDTLS_SSL_EARLY_DATA_STATE_ACCEPTED
[08:28:31.827] Verifying mbedtls_ssl_tls13_handshake_server_step ...
[08:28:31.832] Simulating mbedtls_ssl_tls13_handshake_server_step ...
[08:28:31.846] Checking proof obligations mbedtls_ssl_tls13_handshake_server_step ...
Calling Yices to check sat
Running check sat
Calling Yices to check sat
Running check sat
[08:28:31.867] Proof succeeded! mbedtls_ssl_tls13_handshake_server_step
[08:28:31.867] Handshake null?:0 -State: MBEDTLS_SSL_SERVER_CHANGE_CIPHER_SPEC -EDS:MBEDTLS_SSL_EARLY_DATA_STATE_REJECTED
[08:28:33.670] Verifying mbedtls_ssl_tls13_handshake_server_step ...
[08:28:33.676] Simulating mbedtls_ssl_tls13_handshake_server_step ...
[08:28:33.691] Checking proof obligations mbedtls_ssl_tls13_handshake_server_step ...
Calling Yices to check sat
Running check sat
Calling Yices to check sat
Running check sat
[08:28:33.712] Proof succeeded! mbedtls_ssl_tls13_handshake_server_step
[08:28:33.713] Handshake null?:0 -State: MBEDTLS_SSL_SERVER_CHANGE_CIPHER_SPEC -EDS:MBEDTLS_SSL_EARLY_DATA_STATE_SERVER_FINISHED_RECEIVED
[08:28:35.993] Verifying mbedtls_ssl_tls13_handshake_server_step ...
[08:28:35.999] Simulating mbedtls_ssl_tls13_handshake_server_step ...
[08:28:36.014] Checking proof obligations mbedtls_ssl_tls13_handshake_server_step ...
Calling Yices to check sat
Running check sat
Calling Yices to check sat
Running check sat
[08:28:36.036] Proof succeeded! mbedtls_ssl_tls13_handshake_server_step
[08:28:36.036] Handshake null?:0 -State: MBEDTLS_SSL_SERVER_FINISHED -EDS:MBEDTLS_SSL_EARLY_DATA_STATE_IDLE
[08:28:37.789] Verifying mbedtls_ssl_tls13_handshake_server_step ...
[08:28:37.795] Simulating mbedtls_ssl_tls13_handshake_server_step ...
[08:28:37.818] Checking proof obligations mbedtls_ssl_tls13_handshake_server_step ...
Calling Yices to check sat
Running check sat
Calling Yices to check sat
Running check sat
[08:28:37.842] Proof succeeded! mbedtls_ssl_tls13_handshake_server_step
[08:28:37.842] Handshake null?:0 -State: MBEDTLS_SSL_SERVER_FINISHED -EDS:MBEDTLS_SSL_EARLY_DATA_STATE_NO_IND_SENT
[08:28:39.629] Verifying mbedtls_ssl_tls13_handshake_server_step ...
[08:28:39.636] Simulating mbedtls_ssl_tls13_handshake_server_step ...
[08:28:39.659] Checking proof obligations mbedtls_ssl_tls13_handshake_server_step ...
Calling Yices to check sat
Running check sat
Calling Yices to check sat
Running check sat
[08:28:39.683] Proof succeeded! mbedtls_ssl_tls13_handshake_server_step
[08:28:39.683] Handshake null?:0 -State: MBEDTLS_SSL_SERVER_FINISHED -EDS:MBEDTLS_SSL_EARLY_DATA_STATE_IND_SENT
[08:28:41.433] Verifying mbedtls_ssl_tls13_handshake_server_step ...
[08:28:41.439] Simulating mbedtls_ssl_tls13_handshake_server_step ...
[08:28:41.461] Checking proof obligations mbedtls_ssl_tls13_handshake_server_step ...
Calling Yices to check sat
Running check sat
Calling Yices to check sat
Running check sat
[08:28:41.483] Proof succeeded! mbedtls_ssl_tls13_handshake_server_step
[08:28:41.484] Handshake null?:0 -State: MBEDTLS_SSL_SERVER_FINISHED -EDS:MBEDTLS_SSL_EARLY_DATA_STATE_CAN_WRITE
[08:28:43.277] Verifying mbedtls_ssl_tls13_handshake_server_step ...
[08:28:43.283] Simulating mbedtls_ssl_tls13_handshake_server_step ...
[08:28:43.305] Checking proof obligations mbedtls_ssl_tls13_handshake_server_step ...
Calling Yices to check sat
Running check sat
Calling Yices to check sat
Running check sat
[08:28:43.328] Proof succeeded! mbedtls_ssl_tls13_handshake_server_step
[08:28:43.328] Handshake null?:0 -State: MBEDTLS_SSL_SERVER_FINISHED -EDS:MBEDTLS_SSL_EARLY_DATA_STATE_ACCEPTED
[08:28:45.202] Verifying mbedtls_ssl_tls13_handshake_server_step ...
[08:28:45.208] Simulating mbedtls_ssl_tls13_handshake_server_step ...
[08:28:45.230] Checking proof obligations mbedtls_ssl_tls13_handshake_server_step ...
Calling Yices to check sat
Running check sat
Calling Yices to check sat
Running check sat
[08:28:45.254] Proof succeeded! mbedtls_ssl_tls13_handshake_server_step
[08:28:45.254] Handshake null?:0 -State: MBEDTLS_SSL_SERVER_FINISHED -EDS:MBEDTLS_SSL_EARLY_DATA_STATE_REJECTED
[08:28:47.312] Verifying mbedtls_ssl_tls13_handshake_server_step ...
[08:28:47.318] Simulating mbedtls_ssl_tls13_handshake_server_step ...
[08:28:47.341] Checking proof obligations mbedtls_ssl_tls13_handshake_server_step ...
Calling Yices to check sat
Running check sat
Calling Yices to check sat
Running check sat
[08:28:47.365] Proof succeeded! mbedtls_ssl_tls13_handshake_server_step
[08:28:47.365] Handshake null?:0 -State: MBEDTLS_SSL_SERVER_FINISHED -EDS:MBEDTLS_SSL_EARLY_DATA_STATE_SERVER_FINISHED_RECEIVED
[08:28:49.179] Verifying mbedtls_ssl_tls13_handshake_server_step ...
[08:28:49.185] Simulating mbedtls_ssl_tls13_handshake_server_step ...
[08:28:49.208] Checking proof obligations mbedtls_ssl_tls13_handshake_server_step ...
Calling Yices to check sat
Running check sat
Calling Yices to check sat
Running check sat
[08:28:49.232] Proof succeeded! mbedtls_ssl_tls13_handshake_server_step
[08:28:49.232] Handshake null?:0 -State: MBEDTLS_SSL_FLUSH_BUFFERS -EDS:MBEDTLS_SSL_EARLY_DATA_STATE_IDLE
[08:28:50.991] Verifying mbedtls_ssl_tls13_handshake_server_step ...
[08:28:50.997] Simulating mbedtls_ssl_tls13_handshake_server_step ...
[08:28:51.013] Checking proof obligations mbedtls_ssl_tls13_handshake_server_step ...
Calling Yices to check sat
Running check sat
Calling Yices to check sat
Running check sat
[08:28:51.037] Proof succeeded! mbedtls_ssl_tls13_handshake_server_step
[08:28:51.037] Handshake null?:0 -State: MBEDTLS_SSL_FLUSH_BUFFERS -EDS:MBEDTLS_SSL_EARLY_DATA_STATE_NO_IND_SENT
[08:28:52.795] Verifying mbedtls_ssl_tls13_handshake_server_step ...
[08:28:52.802] Simulating mbedtls_ssl_tls13_handshake_server_step ...
[08:28:52.816] Checking proof obligations mbedtls_ssl_tls13_handshake_server_step ...
Calling Yices to check sat
Running check sat
Calling Yices to check sat
Running check sat
[08:28:52.838] Proof succeeded! mbedtls_ssl_tls13_handshake_server_step
[08:28:52.838] Handshake null?:0 -State: MBEDTLS_SSL_FLUSH_BUFFERS -EDS:MBEDTLS_SSL_EARLY_DATA_STATE_IND_SENT
[08:28:54.557] Verifying mbedtls_ssl_tls13_handshake_server_step ...
[08:28:54.563] Simulating mbedtls_ssl_tls13_handshake_server_step ...
[08:28:54.578] Checking proof obligations mbedtls_ssl_tls13_handshake_server_step ...
Calling Yices to check sat
Running check sat
Calling Yices to check sat
Running check sat
[08:28:54.601] Proof succeeded! mbedtls_ssl_tls13_handshake_server_step
[08:28:54.601] Handshake null?:0 -State: MBEDTLS_SSL_FLUSH_BUFFERS -EDS:MBEDTLS_SSL_EARLY_DATA_STATE_CAN_WRITE
[08:28:56.297] Verifying mbedtls_ssl_tls13_handshake_server_step ...
[08:28:56.303] Simulating mbedtls_ssl_tls13_handshake_server_step ...
[08:28:56.319] Checking proof obligations mbedtls_ssl_tls13_handshake_server_step ...
Calling Yices to check sat
Running check sat
Calling Yices to check sat
Running check sat
[08:28:56.342] Proof succeeded! mbedtls_ssl_tls13_handshake_server_step
[08:28:56.342] Handshake null?:0 -State: MBEDTLS_SSL_FLUSH_BUFFERS -EDS:MBEDTLS_SSL_EARLY_DATA_STATE_ACCEPTED
[08:28:58.106] Verifying mbedtls_ssl_tls13_handshake_server_step ...
[08:28:58.113] Simulating mbedtls_ssl_tls13_handshake_server_step ...
[08:28:58.127] Checking proof obligations mbedtls_ssl_tls13_handshake_server_step ...
Calling Yices to check sat
Running check sat
Calling Yices to check sat
Running check sat
[08:28:58.444] Proof succeeded! mbedtls_ssl_tls13_handshake_server_step
[08:28:58.444] Handshake null?:0 -State: MBEDTLS_SSL_FLUSH_BUFFERS -EDS:MBEDTLS_SSL_EARLY_DATA_STATE_REJECTED
[08:29:00.131] Verifying mbedtls_ssl_tls13_handshake_server_step ...
[08:29:00.137] Simulating mbedtls_ssl_tls13_handshake_server_step ...
[08:29:00.151] Checking proof obligations mbedtls_ssl_tls13_handshake_server_step ...
Calling Yices to check sat
Running check sat
Calling Yices to check sat
Running check sat
[08:29:00.173] Proof succeeded! mbedtls_ssl_tls13_handshake_server_step
[08:29:00.173] Handshake null?:0 -State: MBEDTLS_SSL_FLUSH_BUFFERS -EDS:MBEDTLS_SSL_EARLY_DATA_STATE_SERVER_FINISHED_RECEIVED
[08:29:02.006] Verifying mbedtls_ssl_tls13_handshake_server_step ...
[08:29:02.012] Simulating mbedtls_ssl_tls13_handshake_server_step ...
[08:29:02.027] Checking proof obligations mbedtls_ssl_tls13_handshake_server_step ...
Calling Yices to check sat
Running check sat
Calling Yices to check sat
Running check sat
[08:29:02.050] Proof succeeded! mbedtls_ssl_tls13_handshake_server_step
[08:29:02.050] Handshake null?:0 -State: MBEDTLS_SSL_HANDSHAKE_WRAPUP -EDS:MBEDTLS_SSL_EARLY_DATA_STATE_IDLE
[08:29:03.918] Verifying mbedtls_ssl_tls13_handshake_server_step ...
[08:29:03.923] Simulating mbedtls_ssl_tls13_handshake_server_step ...
[08:29:03.943] Checking proof obligations mbedtls_ssl_tls13_handshake_server_step ...
Calling Yices to check sat
Running check sat
Calling Yices to check sat
Running check sat
[08:29:03.967] Proof succeeded! mbedtls_ssl_tls13_handshake_server_step
[08:29:03.967] Handshake null?:0 -State: MBEDTLS_SSL_HANDSHAKE_WRAPUP -EDS:MBEDTLS_SSL_EARLY_DATA_STATE_NO_IND_SENT
[08:29:05.784] Verifying mbedtls_ssl_tls13_handshake_server_step ...
[08:29:05.790] Simulating mbedtls_ssl_tls13_handshake_server_step ...
[08:29:05.806] Checking proof obligations mbedtls_ssl_tls13_handshake_server_step ...
Calling Yices to check sat
Running check sat
Calling Yices to check sat
Running check sat
[08:29:05.829] Proof succeeded! mbedtls_ssl_tls13_handshake_server_step
[08:29:05.829] Handshake null?:0 -State: MBEDTLS_SSL_HANDSHAKE_WRAPUP -EDS:MBEDTLS_SSL_EARLY_DATA_STATE_IND_SENT
[08:29:07.541] Verifying mbedtls_ssl_tls13_handshake_server_step ...
[08:29:07.547] Simulating mbedtls_ssl_tls13_handshake_server_step ...
[08:29:07.566] Checking proof obligations mbedtls_ssl_tls13_handshake_server_step ...
Calling Yices to check sat
Running check sat
Calling Yices to check sat
Running check sat
[08:29:07.589] Proof succeeded! mbedtls_ssl_tls13_handshake_server_step
[08:29:07.590] Handshake null?:0 -State: MBEDTLS_SSL_HANDSHAKE_WRAPUP -EDS:MBEDTLS_SSL_EARLY_DATA_STATE_CAN_WRITE
[08:29:09.412] Verifying mbedtls_ssl_tls13_handshake_server_step ...
[08:29:09.418] Simulating mbedtls_ssl_tls13_handshake_server_step ...
[08:29:09.436] Checking proof obligations mbedtls_ssl_tls13_handshake_server_step ...
Calling Yices to check sat
Running check sat
Calling Yices to check sat
Running check sat
[08:29:09.460] Proof succeeded! mbedtls_ssl_tls13_handshake_server_step
[08:29:09.460] Handshake null?:0 -State: MBEDTLS_SSL_HANDSHAKE_WRAPUP -EDS:MBEDTLS_SSL_EARLY_DATA_STATE_ACCEPTED
[08:29:11.537] Verifying mbedtls_ssl_tls13_handshake_server_step ...
[08:29:11.543] Simulating mbedtls_ssl_tls13_handshake_server_step ...
[08:29:11.560] Checking proof obligations mbedtls_ssl_tls13_handshake_server_step ...
Calling Yices to check sat
Running check sat
Calling Yices to check sat
Running check sat
[08:29:11.583] Proof succeeded! mbedtls_ssl_tls13_handshake_server_step
[08:29:11.583] Handshake null?:0 -State: MBEDTLS_SSL_HANDSHAKE_WRAPUP -EDS:MBEDTLS_SSL_EARLY_DATA_STATE_REJECTED
[08:29:13.318] Verifying mbedtls_ssl_tls13_handshake_server_step ...
[08:29:13.324] Simulating mbedtls_ssl_tls13_handshake_server_step ...
[08:29:13.342] Checking proof obligations mbedtls_ssl_tls13_handshake_server_step ...
Calling Yices to check sat
Running check sat
Calling Yices to check sat
Running check sat
[08:29:13.365] Proof succeeded! mbedtls_ssl_tls13_handshake_server_step
[08:29:13.365] Handshake null?:0 -State: MBEDTLS_SSL_HANDSHAKE_WRAPUP -EDS:MBEDTLS_SSL_EARLY_DATA_STATE_SERVER_FINISHED_RECEIVED
[08:29:15.071] Verifying mbedtls_ssl_tls13_handshake_server_step ...
[08:29:15.077] Simulating mbedtls_ssl_tls13_handshake_server_step ...
[08:29:15.094] Checking proof obligations mbedtls_ssl_tls13_handshake_server_step ...
Calling Yices to check sat
Running check sat
Calling Yices to check sat
Running check sat
[08:29:15.116] Proof succeeded! mbedtls_ssl_tls13_handshake_server_step
[08:29:15.117] Handshake null?:0 -State: MBEDTLS_SSL_NEW_SESSION_TICKET -EDS:MBEDTLS_SSL_EARLY_DATA_STATE_IDLE
[08:29:16.885] Verifying mbedtls_ssl_tls13_handshake_server_step ...
[08:29:16.891] Simulating mbedtls_ssl_tls13_handshake_server_step ...
[08:29:16.904] Checking proof obligations mbedtls_ssl_tls13_handshake_server_step ...
Calling Yices to check sat
Running check sat
Calling Yices to check sat
Running check sat
[08:29:16.927] Proof succeeded! mbedtls_ssl_tls13_handshake_server_step
[08:29:16.927] Handshake null?:0 -State: MBEDTLS_SSL_NEW_SESSION_TICKET -EDS:MBEDTLS_SSL_EARLY_DATA_STATE_NO_IND_SENT
[08:29:18.763] Verifying mbedtls_ssl_tls13_handshake_server_step ...
[08:29:18.769] Simulating mbedtls_ssl_tls13_handshake_server_step ...
[08:29:18.785] Checking proof obligations mbedtls_ssl_tls13_handshake_server_step ...
Calling Yices to check sat
Running check sat
Calling Yices to check sat
Running check sat
[08:29:18.809] Proof succeeded! mbedtls_ssl_tls13_handshake_server_step
[08:29:18.810] Handshake null?:0 -State: MBEDTLS_SSL_NEW_SESSION_TICKET -EDS:MBEDTLS_SSL_EARLY_DATA_STATE_IND_SENT
[08:29:20.540] Verifying mbedtls_ssl_tls13_handshake_server_step ...
[08:29:20.546] Simulating mbedtls_ssl_tls13_handshake_server_step ...
[08:29:20.561] Checking proof obligations mbedtls_ssl_tls13_handshake_server_step ...
Calling Yices to check sat
Running check sat
Calling Yices to check sat
Running check sat
[08:29:20.584] Proof succeeded! mbedtls_ssl_tls13_handshake_server_step
[08:29:20.584] Handshake null?:0 -State: MBEDTLS_SSL_NEW_SESSION_TICKET -EDS:MBEDTLS_SSL_EARLY_DATA_STATE_CAN_WRITE
[08:29:22.647] Verifying mbedtls_ssl_tls13_handshake_server_step ...
[08:29:22.653] Simulating mbedtls_ssl_tls13_handshake_server_step ...
[08:29:22.667] Checking proof obligations mbedtls_ssl_tls13_handshake_server_step ...
Calling Yices to check sat
Running check sat
Calling Yices to check sat
Running check sat
[08:29:22.689] Proof succeeded! mbedtls_ssl_tls13_handshake_server_step
[08:29:22.689] Handshake null?:0 -State: MBEDTLS_SSL_NEW_SESSION_TICKET -EDS:MBEDTLS_SSL_EARLY_DATA_STATE_ACCEPTED
[08:29:24.442] Verifying mbedtls_ssl_tls13_handshake_server_step ...
[08:29:24.448] Simulating mbedtls_ssl_tls13_handshake_server_step ...
[08:29:24.462] Checking proof obligations mbedtls_ssl_tls13_handshake_server_step ...
Calling Yices to check sat
Running check sat
Calling Yices to check sat
Running check sat
[08:29:24.484] Proof succeeded! mbedtls_ssl_tls13_handshake_server_step
[08:29:24.484] Handshake null?:0 -State: MBEDTLS_SSL_NEW_SESSION_TICKET -EDS:MBEDTLS_SSL_EARLY_DATA_STATE_REJECTED
[08:29:26.307] Verifying mbedtls_ssl_tls13_handshake_server_step ...
[08:29:26.313] Simulating mbedtls_ssl_tls13_handshake_server_step ...
[08:29:26.328] Checking proof obligations mbedtls_ssl_tls13_handshake_server_step ...
Calling Yices to check sat
Running check sat
Calling Yices to check sat
Running check sat
[08:29:26.351] Proof succeeded! mbedtls_ssl_tls13_handshake_server_step
[08:29:26.351] Handshake null?:0 -State: MBEDTLS_SSL_NEW_SESSION_TICKET -EDS:MBEDTLS_SSL_EARLY_DATA_STATE_SERVER_FINISHED_RECEIVED
[08:29:28.177] Verifying mbedtls_ssl_tls13_handshake_server_step ...
[08:29:28.183] Simulating mbedtls_ssl_tls13_handshake_server_step ...
[08:29:28.197] Checking proof obligations mbedtls_ssl_tls13_handshake_server_step ...
Calling Yices to check sat
Running check sat
Calling Yices to check sat
Running check sat
[08:29:28.218] Proof succeeded! mbedtls_ssl_tls13_handshake_server_step
[08:29:28.218] Handshake null?:0 -State: MBEDTLS_SSL_SERVER_HELLO_VERIFY_REQUEST_SENT -EDS:MBEDTLS_SSL_EARLY_DATA_STATE_IDLE
[08:29:29.913] Verifying mbedtls_ssl_tls13_handshake_server_step ...
[08:29:29.919] Simulating mbedtls_ssl_tls13_handshake_server_step ...
[08:29:29.934] Checking proof obligations mbedtls_ssl_tls13_handshake_server_step ...
Calling Yices to check sat
Running check sat
Calling Yices to check sat
Running check sat
[08:29:29.957] Proof succeeded! mbedtls_ssl_tls13_handshake_server_step
[08:29:29.957] Handshake null?:0 -State: MBEDTLS_SSL_SERVER_HELLO_VERIFY_REQUEST_SENT -EDS:MBEDTLS_SSL_EARLY_DATA_STATE_NO_IND_SENT
[08:29:31.675] Verifying mbedtls_ssl_tls13_handshake_server_step ...
[08:29:31.681] Simulating mbedtls_ssl_tls13_handshake_server_step ...
[08:29:31.695] Checking proof obligations mbedtls_ssl_tls13_handshake_server_step ...
Calling Yices to check sat
Running check sat
Calling Yices to check sat
Running check sat
[08:29:31.718] Proof succeeded! mbedtls_ssl_tls13_handshake_server_step
[08:29:31.718] Handshake null?:0 -State: MBEDTLS_SSL_SERVER_HELLO_VERIFY_REQUEST_SENT -EDS:MBEDTLS_SSL_EARLY_DATA_STATE_IND_SENT
[08:29:33.485] Verifying mbedtls_ssl_tls13_handshake_server_step ...
[08:29:33.491] Simulating mbedtls_ssl_tls13_handshake_server_step ...
[08:29:33.505] Checking proof obligations mbedtls_ssl_tls13_handshake_server_step ...
Calling Yices to check sat
Running check sat
Calling Yices to check sat
Running check sat
[08:29:33.528] Proof succeeded! mbedtls_ssl_tls13_handshake_server_step
[08:29:33.528] Handshake null?:0 -State: MBEDTLS_SSL_SERVER_HELLO_VERIFY_REQUEST_SENT -EDS:MBEDTLS_SSL_EARLY_DATA_STATE_CAN_WRITE
[08:29:35.709] Verifying mbedtls_ssl_tls13_handshake_server_step ...
[08:29:35.715] Simulating mbedtls_ssl_tls13_handshake_server_step ...
[08:29:35.729] Checking proof obligations mbedtls_ssl_tls13_handshake_server_step ...
Calling Yices to check sat
Running check sat
Calling Yices to check sat
Running check sat
[08:29:35.753] Proof succeeded! mbedtls_ssl_tls13_handshake_server_step
[08:29:35.753] Handshake null?:0 -State: MBEDTLS_SSL_SERVER_HELLO_VERIFY_REQUEST_SENT -EDS:MBEDTLS_SSL_EARLY_DATA_STATE_ACCEPTED
[08:29:37.623] Verifying mbedtls_ssl_tls13_handshake_server_step ...
[08:29:37.629] Simulating mbedtls_ssl_tls13_handshake_server_step ...
[08:29:37.643] Checking proof obligations mbedtls_ssl_tls13_handshake_server_step ...
Calling Yices to check sat
Running check sat
Calling Yices to check sat
Running check sat
[08:29:37.665] Proof succeeded! mbedtls_ssl_tls13_handshake_server_step
[08:29:37.665] Handshake null?:0 -State: MBEDTLS_SSL_SERVER_HELLO_VERIFY_REQUEST_SENT -EDS:MBEDTLS_SSL_EARLY_DATA_STATE_REJECTED
[08:29:39.511] Verifying mbedtls_ssl_tls13_handshake_server_step ...
[08:29:39.516] Simulating mbedtls_ssl_tls13_handshake_server_step ...
[08:29:39.531] Checking proof obligations mbedtls_ssl_tls13_handshake_server_step ...
Calling Yices to check sat
Running check sat
Calling Yices to check sat
Running check sat
[08:29:39.554] Proof succeeded! mbedtls_ssl_tls13_handshake_server_step
[08:29:39.554] Handshake null?:0 -State: MBEDTLS_SSL_SERVER_HELLO_VERIFY_REQUEST_SENT -EDS:MBEDTLS_SSL_EARLY_DATA_STATE_SERVER_FINISHED_RECEIVED
[08:29:41.365] Verifying mbedtls_ssl_tls13_handshake_server_step ...
[08:29:41.371] Simulating mbedtls_ssl_tls13_handshake_server_step ...
[08:29:41.385] Checking proof obligations mbedtls_ssl_tls13_handshake_server_step ...
Calling Yices to check sat
Running check sat
Calling Yices to check sat
Running check sat
[08:29:41.407] Proof succeeded! mbedtls_ssl_tls13_handshake_server_step
[08:29:41.407] Handshake null?:0 -State: MBEDTLS_SSL_HELLO_RETRY_REQUEST -EDS:MBEDTLS_SSL_EARLY_DATA_STATE_IDLE
[08:29:43.260] Verifying mbedtls_ssl_tls13_handshake_server_step ...
[08:29:43.266] Simulating mbedtls_ssl_tls13_handshake_server_step ...
[08:29:43.283] Checking proof obligations mbedtls_ssl_tls13_handshake_server_step ...
Calling Yices to check sat
Running check sat
Calling Yices to check sat
Running check sat
[08:29:43.307] Proof succeeded! mbedtls_ssl_tls13_handshake_server_step
[08:29:43.307] Handshake null?:0 -State: MBEDTLS_SSL_HELLO_RETRY_REQUEST -EDS:MBEDTLS_SSL_EARLY_DATA_STATE_NO_IND_SENT
[08:29:45.158] Verifying mbedtls_ssl_tls13_handshake_server_step ...
[08:29:45.164] Simulating mbedtls_ssl_tls13_handshake_server_step ...
[08:29:45.184] Checking proof obligations mbedtls_ssl_tls13_handshake_server_step ...
Calling Yices to check sat
Running check sat
Calling Yices to check sat
Running check sat
[08:29:45.208] Proof succeeded! mbedtls_ssl_tls13_handshake_server_step
[08:29:45.208] Handshake null?:0 -State: MBEDTLS_SSL_HELLO_RETRY_REQUEST -EDS:MBEDTLS_SSL_EARLY_DATA_STATE_IND_SENT
[08:29:47.097] Verifying mbedtls_ssl_tls13_handshake_server_step ...
[08:29:47.103] Simulating mbedtls_ssl_tls13_handshake_server_step ...
[08:29:47.120] Checking proof obligations mbedtls_ssl_tls13_handshake_server_step ...
Calling Yices to check sat
Running check sat
Calling Yices to check sat
Running check sat
[08:29:47.143] Proof succeeded! mbedtls_ssl_tls13_handshake_server_step
[08:29:47.143] Handshake null?:0 -State: MBEDTLS_SSL_HELLO_RETRY_REQUEST -EDS:MBEDTLS_SSL_EARLY_DATA_STATE_CAN_WRITE
[08:29:49.399] Verifying mbedtls_ssl_tls13_handshake_server_step ...
[08:29:49.405] Simulating mbedtls_ssl_tls13_handshake_server_step ...
[08:29:49.422] Checking proof obligations mbedtls_ssl_tls13_handshake_server_step ...
Calling Yices to check sat
Running check sat
Calling Yices to check sat
Running check sat
[08:29:49.446] Proof succeeded! mbedtls_ssl_tls13_handshake_server_step
[08:29:49.446] Handshake null?:0 -State: MBEDTLS_SSL_HELLO_RETRY_REQUEST -EDS:MBEDTLS_SSL_EARLY_DATA_STATE_ACCEPTED
[08:29:51.325] Verifying mbedtls_ssl_tls13_handshake_server_step ...
[08:29:51.331] Simulating mbedtls_ssl_tls13_handshake_server_step ...
[08:29:51.350] Checking proof obligations mbedtls_ssl_tls13_handshake_server_step ...
Calling Yices to check sat
Running check sat
Calling Yices to check sat
Running check sat
[08:29:51.374] Proof succeeded! mbedtls_ssl_tls13_handshake_server_step
[08:29:51.374] Handshake null?:0 -State: MBEDTLS_SSL_HELLO_RETRY_REQUEST -EDS:MBEDTLS_SSL_EARLY_DATA_STATE_REJECTED
[08:29:53.230] Verifying mbedtls_ssl_tls13_handshake_server_step ...
[08:29:53.236] Simulating mbedtls_ssl_tls13_handshake_server_step ...
[08:29:53.256] Checking proof obligations mbedtls_ssl_tls13_handshake_server_step ...
Calling Yices to check sat
Running check sat
Calling Yices to check sat
Running check sat
[08:29:53.281] Proof succeeded! mbedtls_ssl_tls13_handshake_server_step
[08:29:53.281] Handshake null?:0 -State: MBEDTLS_SSL_HELLO_RETRY_REQUEST -EDS:MBEDTLS_SSL_EARLY_DATA_STATE_SERVER_FINISHED_RECEIVED
[08:29:55.152] Verifying mbedtls_ssl_tls13_handshake_server_step ...
[08:29:55.158] Simulating mbedtls_ssl_tls13_handshake_server_step ...
[08:29:55.177] Checking proof obligations mbedtls_ssl_tls13_handshake_server_step ...
Calling Yices to check sat
Running check sat
Calling Yices to check sat
Running check sat
[08:29:55.201] Proof succeeded! mbedtls_ssl_tls13_handshake_server_step
[08:29:55.201] Handshake null?:0 -State: MBEDTLS_SSL_ENCRYPTED_EXTENSIONS -EDS:MBEDTLS_SSL_EARLY_DATA_STATE_IDLE
[08:29:56.993] Verifying mbedtls_ssl_tls13_handshake_server_step ...
[08:29:56.998] Simulating mbedtls_ssl_tls13_handshake_server_step ...
[08:29:57.019] Checking proof obligations mbedtls_ssl_tls13_handshake_server_step ...
Calling Yices to check sat
Running check sat
Calling Yices to check sat
Running check sat
[08:29:57.043] Proof succeeded! mbedtls_ssl_tls13_handshake_server_step
[08:29:57.043] Handshake null?:0 -State: MBEDTLS_SSL_ENCRYPTED_EXTENSIONS -EDS:MBEDTLS_SSL_EARLY_DATA_STATE_NO_IND_SENT
[08:29:58.899] Verifying mbedtls_ssl_tls13_handshake_server_step ...
[08:29:58.904] Simulating mbedtls_ssl_tls13_handshake_server_step ...
[08:29:58.923] Checking proof obligations mbedtls_ssl_tls13_handshake_server_step ...
Calling Yices to check sat
Running check sat
Calling Yices to check sat
Running check sat
[08:29:58.948] Proof succeeded! mbedtls_ssl_tls13_handshake_server_step
[08:29:58.948] Handshake null?:0 -State: MBEDTLS_SSL_ENCRYPTED_EXTENSIONS -EDS:MBEDTLS_SSL_EARLY_DATA_STATE_IND_SENT
[08:30:01.177] Verifying mbedtls_ssl_tls13_handshake_server_step ...
[08:30:01.183] Simulating mbedtls_ssl_tls13_handshake_server_step ...
[08:30:01.203] Checking proof obligations mbedtls_ssl_tls13_handshake_server_step ...
Calling Yices to check sat
Running check sat
Calling Yices to check sat
Running check sat
[08:30:01.227] Proof succeeded! mbedtls_ssl_tls13_handshake_server_step
[08:30:01.227] Handshake null?:0 -State: MBEDTLS_SSL_ENCRYPTED_EXTENSIONS -EDS:MBEDTLS_SSL_EARLY_DATA_STATE_CAN_WRITE
[08:30:03.232] Verifying mbedtls_ssl_tls13_handshake_server_step ...
[08:30:03.237] Simulating mbedtls_ssl_tls13_handshake_server_step ...
[08:30:03.259] Checking proof obligations mbedtls_ssl_tls13_handshake_server_step ...
Calling Yices to check sat
Running check sat
Calling Yices to check sat
Running check sat
[08:30:03.285] Proof succeeded! mbedtls_ssl_tls13_handshake_server_step
[08:30:03.286] Handshake null?:0 -State: MBEDTLS_SSL_ENCRYPTED_EXTENSIONS -EDS:MBEDTLS_SSL_EARLY_DATA_STATE_ACCEPTED
[08:30:05.267] Verifying mbedtls_ssl_tls13_handshake_server_step ...
[08:30:05.273] Simulating mbedtls_ssl_tls13_handshake_server_step ...
[08:30:05.294] Checking proof obligations mbedtls_ssl_tls13_handshake_server_step ...
Calling Yices to check sat
Running check sat
Calling Yices to check sat
Running check sat
[08:30:05.320] Proof succeeded! mbedtls_ssl_tls13_handshake_server_step
[08:30:05.320] Handshake null?:0 -State: MBEDTLS_SSL_ENCRYPTED_EXTENSIONS -EDS:MBEDTLS_SSL_EARLY_DATA_STATE_REJECTED
[08:30:07.155] Verifying mbedtls_ssl_tls13_handshake_server_step ...
[08:30:07.161] Simulating mbedtls_ssl_tls13_handshake_server_step ...
[08:30:07.179] Checking proof obligations mbedtls_ssl_tls13_handshake_server_step ...
Calling Yices to check sat
Running check sat
Calling Yices to check sat
Running check sat
[08:30:07.203] Proof succeeded! mbedtls_ssl_tls13_handshake_server_step
[08:30:07.204] Handshake null?:0 -State: MBEDTLS_SSL_ENCRYPTED_EXTENSIONS -EDS:MBEDTLS_SSL_EARLY_DATA_STATE_SERVER_FINISHED_RECEIVED
[08:30:09.090] Verifying mbedtls_ssl_tls13_handshake_server_step ...
[08:30:09.097] Simulating mbedtls_ssl_tls13_handshake_server_step ...
[08:30:09.116] Checking proof obligations mbedtls_ssl_tls13_handshake_server_step ...
Calling Yices to check sat
Running check sat
Calling Yices to check sat
Running check sat
[08:30:09.141] Proof succeeded! mbedtls_ssl_tls13_handshake_server_step
[08:30:09.141] Handshake null?:0 -State: MBEDTLS_SSL_END_OF_EARLY_DATA -EDS:MBEDTLS_SSL_EARLY_DATA_STATE_IDLE
[08:30:11.000] Verifying mbedtls_ssl_tls13_handshake_server_step ...
[08:30:11.007] Simulating mbedtls_ssl_tls13_handshake_server_step ...
[08:30:11.017] LLVM bitcode translation warning @ssl_tls13_process_end_of_early_data ssl_tls13_server.c:3041:24 dbg intrinsic def/use violation for: %4
[08:30:11.017] LLVM bitcode translation warning @ssl_tls13_process_end_of_early_data ssl_tls13_server.c:3042:16 dbg intrinsic def/use violation for: %5
[08:30:11.028] Checking proof obligations mbedtls_ssl_tls13_handshake_server_step ...
Calling Yices to check sat
Running check sat
Calling Yices to check sat
Running check sat
[08:30:11.051] Proof succeeded! mbedtls_ssl_tls13_handshake_server_step
[08:30:11.051] Handshake null?:0 -State: MBEDTLS_SSL_END_OF_EARLY_DATA -EDS:MBEDTLS_SSL_EARLY_DATA_STATE_NO_IND_SENT
[08:30:12.816] Verifying mbedtls_ssl_tls13_handshake_server_step ...
[08:30:12.822] Simulating mbedtls_ssl_tls13_handshake_server_step ...
[08:30:12.843] Checking proof obligations mbedtls_ssl_tls13_handshake_server_step ...
Calling Yices to check sat
Running check sat
Calling Yices to check sat
Running check sat
[08:30:12.866] Proof succeeded! mbedtls_ssl_tls13_handshake_server_step
[08:30:12.866] Handshake null?:0 -State: MBEDTLS_SSL_END_OF_EARLY_DATA -EDS:MBEDTLS_SSL_EARLY_DATA_STATE_IND_SENT
[08:30:15.123] Verifying mbedtls_ssl_tls13_handshake_server_step ...
[08:30:15.129] Simulating mbedtls_ssl_tls13_handshake_server_step ...
[08:30:15.147] Checking proof obligations mbedtls_ssl_tls13_handshake_server_step ...
Calling Yices to check sat
Running check sat
Calling Yices to check sat
Running check sat
[08:30:15.170] Proof succeeded! mbedtls_ssl_tls13_handshake_server_step
[08:30:15.170] Handshake null?:0 -State: MBEDTLS_SSL_END_OF_EARLY_DATA -EDS:MBEDTLS_SSL_EARLY_DATA_STATE_CAN_WRITE
[08:30:17.100] Verifying mbedtls_ssl_tls13_handshake_server_step ...
[08:30:17.106] Simulating mbedtls_ssl_tls13_handshake_server_step ...
[08:30:17.125] Checking proof obligations mbedtls_ssl_tls13_handshake_server_step ...
Calling Yices to check sat
Running check sat
Calling Yices to check sat
Running check sat
[08:30:17.147] Proof succeeded! mbedtls_ssl_tls13_handshake_server_step
[08:30:17.147] Handshake null?:0 -State: MBEDTLS_SSL_END_OF_EARLY_DATA -EDS:MBEDTLS_SSL_EARLY_DATA_STATE_ACCEPTED
[08:30:19.124] Verifying mbedtls_ssl_tls13_handshake_server_step ...
[08:30:19.130] Simulating mbedtls_ssl_tls13_handshake_server_step ...
[08:30:19.148] Checking proof obligations mbedtls_ssl_tls13_handshake_server_step ...
Calling Yices to check sat
Running check sat
Calling Yices to check sat
Running check sat
[08:30:19.171] Proof succeeded! mbedtls_ssl_tls13_handshake_server_step
[08:30:19.172] Handshake null?:0 -State: MBEDTLS_SSL_END_OF_EARLY_DATA -EDS:MBEDTLS_SSL_EARLY_DATA_STATE_REJECTED
[08:30:21.003] Verifying mbedtls_ssl_tls13_handshake_server_step ...
[08:30:21.009] Simulating mbedtls_ssl_tls13_handshake_server_step ...
[08:30:21.029] Checking proof obligations mbedtls_ssl_tls13_handshake_server_step ...
Calling Yices to check sat
Running check sat
Calling Yices to check sat
Running check sat
[08:30:21.053] Proof succeeded! mbedtls_ssl_tls13_handshake_server_step
[08:30:21.053] Handshake null?:0 -State: MBEDTLS_SSL_END_OF_EARLY_DATA -EDS:MBEDTLS_SSL_EARLY_DATA_STATE_SERVER_FINISHED_RECEIVED
[08:30:23.034] Verifying mbedtls_ssl_tls13_handshake_server_step ...
[08:30:23.040] Simulating mbedtls_ssl_tls13_handshake_server_step ...
[08:30:23.061] Checking proof obligations mbedtls_ssl_tls13_handshake_server_step ...
Calling Yices to check sat
Running check sat
Calling Yices to check sat
Running check sat
[08:30:23.086] Proof succeeded! mbedtls_ssl_tls13_handshake_server_step
[08:30:23.086] Handshake null?:0 -State: MBEDTLS_SSL_CLIENT_CERTIFICATE_VERIFY -EDS:MBEDTLS_SSL_EARLY_DATA_STATE_IDLE
[08:30:24.996] Verifying mbedtls_ssl_tls13_handshake_server_step ...
[08:30:25.002] Simulating mbedtls_ssl_tls13_handshake_server_step ...
[08:30:25.018] Checking proof obligations mbedtls_ssl_tls13_handshake_server_step ...
Calling Yices to check sat
Running check sat
Calling Yices to check sat
Running check sat
[08:30:25.043] Proof succeeded! mbedtls_ssl_tls13_handshake_server_step
[08:30:25.043] Handshake null?:0 -State: MBEDTLS_SSL_CLIENT_CERTIFICATE_VERIFY -EDS:MBEDTLS_SSL_EARLY_DATA_STATE_NO_IND_SENT
[08:30:27.191] Verifying mbedtls_ssl_tls13_handshake_server_step ...
[08:30:27.197] Simulating mbedtls_ssl_tls13_handshake_server_step ...
[08:30:27.216] Checking proof obligations mbedtls_ssl_tls13_handshake_server_step ...
Calling Yices to check sat
Running check sat
Calling Yices to check sat
Running check sat
[08:30:27.240] Proof succeeded! mbedtls_ssl_tls13_handshake_server_step
[08:30:27.240] Handshake null?:0 -State: MBEDTLS_SSL_CLIENT_CERTIFICATE_VERIFY -EDS:MBEDTLS_SSL_EARLY_DATA_STATE_IND_SENT
[08:30:29.647] Verifying mbedtls_ssl_tls13_handshake_server_step ...
[08:30:29.653] Simulating mbedtls_ssl_tls13_handshake_server_step ...
[08:30:29.673] Checking proof obligations mbedtls_ssl_tls13_handshake_server_step ...
Calling Yices to check sat
Running check sat
Calling Yices to check sat
Running check sat
[08:30:29.699] Proof succeeded! mbedtls_ssl_tls13_handshake_server_step
[08:30:29.699] Handshake null?:0 -State: MBEDTLS_SSL_CLIENT_CERTIFICATE_VERIFY -EDS:MBEDTLS_SSL_EARLY_DATA_STATE_CAN_WRITE
[08:30:31.549] Verifying mbedtls_ssl_tls13_handshake_server_step ...
[08:30:31.555] Simulating mbedtls_ssl_tls13_handshake_server_step ...
[08:30:31.572] Checking proof obligations mbedtls_ssl_tls13_handshake_server_step ...
Calling Yices to check sat
Running check sat
Calling Yices to check sat
Running check sat
[08:30:31.595] Proof succeeded! mbedtls_ssl_tls13_handshake_server_step
[08:30:31.595] Handshake null?:0 -State: MBEDTLS_SSL_CLIENT_CERTIFICATE_VERIFY -EDS:MBEDTLS_SSL_EARLY_DATA_STATE_ACCEPTED
[08:30:33.476] Verifying mbedtls_ssl_tls13_handshake_server_step ...
[08:30:33.482] Simulating mbedtls_ssl_tls13_handshake_server_step ...
[08:30:33.500] Checking proof obligations mbedtls_ssl_tls13_handshake_server_step ...
Calling Yices to check sat
Running check sat
Calling Yices to check sat
Running check sat
[08:30:33.524] Proof succeeded! mbedtls_ssl_tls13_handshake_server_step
[08:30:33.524] Handshake null?:0 -State: MBEDTLS_SSL_CLIENT_CERTIFICATE_VERIFY -EDS:MBEDTLS_SSL_EARLY_DATA_STATE_REJECTED
[08:30:35.433] Verifying mbedtls_ssl_tls13_handshake_server_step ...
[08:30:35.439] Simulating mbedtls_ssl_tls13_handshake_server_step ...
[08:30:35.460] Checking proof obligations mbedtls_ssl_tls13_handshake_server_step ...
Calling Yices to check sat
Running check sat
Calling Yices to check sat
Running check sat
[08:30:35.486] Proof succeeded! mbedtls_ssl_tls13_handshake_server_step
[08:30:35.486] Handshake null?:0 -State: MBEDTLS_SSL_CLIENT_CERTIFICATE_VERIFY -EDS:MBEDTLS_SSL_EARLY_DATA_STATE_SERVER_FINISHED_RECEIVED
[08:30:37.456] Verifying mbedtls_ssl_tls13_handshake_server_step ...
[08:30:37.462] Simulating mbedtls_ssl_tls13_handshake_server_step ...
[08:30:37.482] Checking proof obligations mbedtls_ssl_tls13_handshake_server_step ...
Calling Yices to check sat
Running check sat
Calling Yices to check sat
Running check sat
[08:30:37.507] Proof succeeded! mbedtls_ssl_tls13_handshake_server_step
[08:30:37.507] Handshake null?:0 -State: MBEDTLS_SSL_CLIENT_CCS_AFTER_SERVER_FINISHED -EDS:MBEDTLS_SSL_EARLY_DATA_STATE_IDLE
[08:30:39.541] Verifying mbedtls_ssl_tls13_handshake_server_step ...
[08:30:39.547] Simulating mbedtls_ssl_tls13_handshake_server_step ...
[08:30:39.560] Checking proof obligations mbedtls_ssl_tls13_handshake_server_step ...
Calling Yices to check sat
Running check sat
Calling Yices to check sat
Running check sat
[08:30:39.582] Proof succeeded! mbedtls_ssl_tls13_handshake_server_step
[08:30:39.582] Handshake null?:0 -State: MBEDTLS_SSL_CLIENT_CCS_AFTER_SERVER_FINISHED -EDS:MBEDTLS_SSL_EARLY_DATA_STATE_NO_IND_SENT
[08:30:41.856] Verifying mbedtls_ssl_tls13_handshake_server_step ...
[08:30:41.862] Simulating mbedtls_ssl_tls13_handshake_server_step ...
[08:30:41.878] Checking proof obligations mbedtls_ssl_tls13_handshake_server_step ...
Calling Yices to check sat
Running check sat
Calling Yices to check sat
Running check sat
[08:30:41.902] Proof succeeded! mbedtls_ssl_tls13_handshake_server_step
[08:30:41.903] Handshake null?:0 -State: MBEDTLS_SSL_CLIENT_CCS_AFTER_SERVER_FINISHED -EDS:MBEDTLS_SSL_EARLY_DATA_STATE_IND_SENT
[08:30:44.583] Verifying mbedtls_ssl_tls13_handshake_server_step ...
[08:30:44.588] Simulating mbedtls_ssl_tls13_handshake_server_step ...
[08:30:44.603] Checking proof obligations mbedtls_ssl_tls13_handshake_server_step ...
Calling Yices to check sat
Running check sat
Calling Yices to check sat
Running check sat
[08:30:44.626] Proof succeeded! mbedtls_ssl_tls13_handshake_server_step
[08:30:44.626] Handshake null?:0 -State: MBEDTLS_SSL_CLIENT_CCS_AFTER_SERVER_FINISHED -EDS:MBEDTLS_SSL_EARLY_DATA_STATE_CAN_WRITE
[08:30:46.538] Verifying mbedtls_ssl_tls13_handshake_server_step ...
[08:30:46.544] Simulating mbedtls_ssl_tls13_handshake_server_step ...
[08:30:46.560] Checking proof obligations mbedtls_ssl_tls13_handshake_server_step ...
Calling Yices to check sat
Running check sat
Calling Yices to check sat
Running check sat
[08:30:46.581] Proof succeeded! mbedtls_ssl_tls13_handshake_server_step
[08:30:46.581] Handshake null?:0 -State: MBEDTLS_SSL_CLIENT_CCS_AFTER_SERVER_FINISHED -EDS:MBEDTLS_SSL_EARLY_DATA_STATE_ACCEPTED
[08:30:48.479] Verifying mbedtls_ssl_tls13_handshake_server_step ...
[08:30:48.485] Simulating mbedtls_ssl_tls13_handshake_server_step ...
[08:30:48.500] Checking proof obligations mbedtls_ssl_tls13_handshake_server_step ...
Calling Yices to check sat
Running check sat
Calling Yices to check sat
Running check sat
[08:30:48.522] Proof succeeded! mbedtls_ssl_tls13_handshake_server_step
[08:30:48.522] Handshake null?:0 -State: MBEDTLS_SSL_CLIENT_CCS_AFTER_SERVER_FINISHED -EDS:MBEDTLS_SSL_EARLY_DATA_STATE_REJECTED
[08:30:50.459] Verifying mbedtls_ssl_tls13_handshake_server_step ...
[08:30:50.465] Simulating mbedtls_ssl_tls13_handshake_server_step ...
[08:30:50.479] Checking proof obligations mbedtls_ssl_tls13_handshake_server_step ...
Calling Yices to check sat
Running check sat
Calling Yices to check sat
Running check sat
[08:30:50.502] Proof succeeded! mbedtls_ssl_tls13_handshake_server_step
[08:30:50.502] Handshake null?:0 -State: MBEDTLS_SSL_CLIENT_CCS_AFTER_SERVER_FINISHED -EDS:MBEDTLS_SSL_EARLY_DATA_STATE_SERVER_FINISHED_RECEIVED
[08:30:52.365] Verifying mbedtls_ssl_tls13_handshake_server_step ...
[08:30:52.371] Simulating mbedtls_ssl_tls13_handshake_server_step ...
[08:30:52.386] Checking proof obligations mbedtls_ssl_tls13_handshake_server_step ...
Calling Yices to check sat
Running check sat
Calling Yices to check sat
Running check sat
[08:30:52.408] Proof succeeded! mbedtls_ssl_tls13_handshake_server_step
[08:30:52.409] Handshake null?:0 -State: MBEDTLS_SSL_CLIENT_CCS_BEFORE_2ND_CLIENT_HELLO -EDS:MBEDTLS_SSL_EARLY_DATA_STATE_IDLE
[08:30:54.360] Verifying mbedtls_ssl_tls13_handshake_server_step ...
[08:30:54.366] Simulating mbedtls_ssl_tls13_handshake_server_step ...
[08:30:54.379] Checking proof obligations mbedtls_ssl_tls13_handshake_server_step ...
Calling Yices to check sat
Running check sat
Calling Yices to check sat
Running check sat
[08:30:54.402] Proof succeeded! mbedtls_ssl_tls13_handshake_server_step
[08:30:54.402] Handshake null?:0 -State: MBEDTLS_SSL_CLIENT_CCS_BEFORE_2ND_CLIENT_HELLO -EDS:MBEDTLS_SSL_EARLY_DATA_STATE_NO_IND_SENT
[08:30:56.403] Verifying mbedtls_ssl_tls13_handshake_server_step ...
[08:30:56.409] Simulating mbedtls_ssl_tls13_handshake_server_step ...
[08:30:56.425] Checking proof obligations mbedtls_ssl_tls13_handshake_server_step ...
Calling Yices to check sat
Running check sat
Calling Yices to check sat
Running check sat
[08:30:56.448] Proof succeeded! mbedtls_ssl_tls13_handshake_server_step
[08:30:56.448] Handshake null?:0 -State: MBEDTLS_SSL_CLIENT_CCS_BEFORE_2ND_CLIENT_HELLO -EDS:MBEDTLS_SSL_EARLY_DATA_STATE_IND_SENT
[08:30:58.307] Verifying mbedtls_ssl_tls13_handshake_server_step ...
[08:30:58.313] Simulating mbedtls_ssl_tls13_handshake_server_step ...
[08:30:58.327] Checking proof obligations mbedtls_ssl_tls13_handshake_server_step ...
Calling Yices to check sat
Running check sat
Calling Yices to check sat
Running check sat
[08:30:58.349] Proof succeeded! mbedtls_ssl_tls13_handshake_server_step
[08:30:58.349] Handshake null?:0 -State: MBEDTLS_SSL_CLIENT_CCS_BEFORE_2ND_CLIENT_HELLO -EDS:MBEDTLS_SSL_EARLY_DATA_STATE_CAN_WRITE
[08:31:00.701] Verifying mbedtls_ssl_tls13_handshake_server_step ...
[08:31:00.707] Simulating mbedtls_ssl_tls13_handshake_server_step ...
[08:31:00.721] Checking proof obligations mbedtls_ssl_tls13_handshake_server_step ...
Calling Yices to check sat
Running check sat
Calling Yices to check sat
Running check sat
[08:31:00.743] Proof succeeded! mbedtls_ssl_tls13_handshake_server_step
[08:31:00.743] Handshake null?:0 -State: MBEDTLS_SSL_CLIENT_CCS_BEFORE_2ND_CLIENT_HELLO -EDS:MBEDTLS_SSL_EARLY_DATA_STATE_ACCEPTED
[08:31:02.621] Verifying mbedtls_ssl_tls13_handshake_server_step ...
[08:31:02.627] Simulating mbedtls_ssl_tls13_handshake_server_step ...
[08:31:02.643] Checking proof obligations mbedtls_ssl_tls13_handshake_server_step ...
Calling Yices to check sat
Running check sat
Calling Yices to check sat
Running check sat
[08:31:02.666] Proof succeeded! mbedtls_ssl_tls13_handshake_server_step
[08:31:02.666] Handshake null?:0 -State: MBEDTLS_SSL_CLIENT_CCS_BEFORE_2ND_CLIENT_HELLO -EDS:MBEDTLS_SSL_EARLY_DATA_STATE_REJECTED
[08:31:04.532] Verifying mbedtls_ssl_tls13_handshake_server_step ...
[08:31:04.538] Simulating mbedtls_ssl_tls13_handshake_server_step ...
[08:31:04.554] Checking proof obligations mbedtls_ssl_tls13_handshake_server_step ...
Calling Yices to check sat
Running check sat
Calling Yices to check sat
Running check sat
[08:31:04.577] Proof succeeded! mbedtls_ssl_tls13_handshake_server_step
[08:31:04.577] Handshake null?:0 -State: MBEDTLS_SSL_CLIENT_CCS_BEFORE_2ND_CLIENT_HELLO -EDS:MBEDTLS_SSL_EARLY_DATA_STATE_SERVER_FINISHED_RECEIVED
[08:31:06.556] Verifying mbedtls_ssl_tls13_handshake_server_step ...
[08:31:06.562] Simulating mbedtls_ssl_tls13_handshake_server_step ...
[08:31:06.576] Checking proof obligations mbedtls_ssl_tls13_handshake_server_step ...
Calling Yices to check sat
Running check sat
Calling Yices to check sat
Running check sat
[08:31:06.598] Proof succeeded! mbedtls_ssl_tls13_handshake_server_step
[08:31:06.598] Handshake null?:0 -State: MBEDTLS_SSL_SERVER_CCS_AFTER_SERVER_HELLO -EDS:MBEDTLS_SSL_EARLY_DATA_STATE_IDLE
[08:31:08.653] Verifying mbedtls_ssl_tls13_handshake_server_step ...
[08:31:08.659] Simulating mbedtls_ssl_tls13_handshake_server_step ...
[08:31:08.675] Checking proof obligations mbedtls_ssl_tls13_handshake_server_step ...
Calling Yices to check sat
Running check sat
Calling Yices to check sat
Running check sat
[08:31:08.700] Proof succeeded! mbedtls_ssl_tls13_handshake_server_step
[08:31:08.700] Handshake null?:0 -State: MBEDTLS_SSL_SERVER_CCS_AFTER_SERVER_HELLO -EDS:MBEDTLS_SSL_EARLY_DATA_STATE_NO_IND_SENT
[08:31:10.541] Verifying mbedtls_ssl_tls13_handshake_server_step ...
[08:31:10.547] Simulating mbedtls_ssl_tls13_handshake_server_step ...
[08:31:10.568] Checking proof obligations mbedtls_ssl_tls13_handshake_server_step ...
Calling Yices to check sat
Running check sat
Calling Yices to check sat
Running check sat
[08:31:10.595] Proof succeeded! mbedtls_ssl_tls13_handshake_server_step
[08:31:10.595] Handshake null?:0 -State: MBEDTLS_SSL_SERVER_CCS_AFTER_SERVER_HELLO -EDS:MBEDTLS_SSL_EARLY_DATA_STATE_IND_SENT
[08:31:12.414] Verifying mbedtls_ssl_tls13_handshake_server_step ...
[08:31:12.420] Simulating mbedtls_ssl_tls13_handshake_server_step ...
[08:31:12.440] Checking proof obligations mbedtls_ssl_tls13_handshake_server_step ...
Calling Yices to check sat
Running check sat
Calling Yices to check sat
Running check sat
[08:31:12.468] Proof succeeded! mbedtls_ssl_tls13_handshake_server_step
[08:31:12.468] Handshake null?:0 -State: MBEDTLS_SSL_SERVER_CCS_AFTER_SERVER_HELLO -EDS:MBEDTLS_SSL_EARLY_DATA_STATE_CAN_WRITE
[08:31:14.914] Verifying mbedtls_ssl_tls13_handshake_server_step ...
[08:31:14.920] Simulating mbedtls_ssl_tls13_handshake_server_step ...
[08:31:14.940] Checking proof obligations mbedtls_ssl_tls13_handshake_server_step ...
Calling Yices to check sat
Running check sat
Calling Yices to check sat
Running check sat
[08:31:14.968] Proof succeeded! mbedtls_ssl_tls13_handshake_server_step
[08:31:14.968] Handshake null?:0 -State: MBEDTLS_SSL_SERVER_CCS_AFTER_SERVER_HELLO -EDS:MBEDTLS_SSL_EARLY_DATA_STATE_ACCEPTED
[08:31:16.986] Verifying mbedtls_ssl_tls13_handshake_server_step ...
[08:31:16.992] Simulating mbedtls_ssl_tls13_handshake_server_step ...
[08:31:17.012] Checking proof obligations mbedtls_ssl_tls13_handshake_server_step ...
Calling Yices to check sat
Running check sat
Calling Yices to check sat
Running check sat
[08:31:17.039] Proof succeeded! mbedtls_ssl_tls13_handshake_server_step
[08:31:17.039] Handshake null?:0 -State: MBEDTLS_SSL_SERVER_CCS_AFTER_SERVER_HELLO -EDS:MBEDTLS_SSL_EARLY_DATA_STATE_REJECTED
[08:31:18.919] Verifying mbedtls_ssl_tls13_handshake_server_step ...
[08:31:18.925] Simulating mbedtls_ssl_tls13_handshake_server_step ...
[08:31:18.945] Checking proof obligations mbedtls_ssl_tls13_handshake_server_step ...
Calling Yices to check sat
Running check sat
Calling Yices to check sat
Running check sat
[08:31:18.973] Proof succeeded! mbedtls_ssl_tls13_handshake_server_step
[08:31:18.973] Handshake null?:0 -State: MBEDTLS_SSL_SERVER_CCS_AFTER_SERVER_HELLO -EDS:MBEDTLS_SSL_EARLY_DATA_STATE_SERVER_FINISHED_RECEIVED
[08:31:20.968] Verifying mbedtls_ssl_tls13_handshake_server_step ...
[08:31:20.974] Simulating mbedtls_ssl_tls13_handshake_server_step ...
[08:31:20.993] Checking proof obligations mbedtls_ssl_tls13_handshake_server_step ...
Calling Yices to check sat
Running check sat
Calling Yices to check sat
Running check sat
[08:31:21.020] Proof succeeded! mbedtls_ssl_tls13_handshake_server_step
[08:31:21.020] Handshake null?:0 -State: MBEDTLS_SSL_CLIENT_CCS_AFTER_CLIENT_HELLO -EDS:MBEDTLS_SSL_EARLY_DATA_STATE_IDLE
[08:31:23.017] Verifying mbedtls_ssl_tls13_handshake_server_step ...
[08:31:23.023] Simulating mbedtls_ssl_tls13_handshake_server_step ...
[08:31:23.038] Checking proof obligations mbedtls_ssl_tls13_handshake_server_step ...
Calling Yices to check sat
Running check sat
Calling Yices to check sat
Running check sat
[08:31:23.059] Proof succeeded! mbedtls_ssl_tls13_handshake_server_step
[08:31:23.059] Handshake null?:0 -State: MBEDTLS_SSL_CLIENT_CCS_AFTER_CLIENT_HELLO -EDS:MBEDTLS_SSL_EARLY_DATA_STATE_NO_IND_SENT
[08:31:25.055] Verifying mbedtls_ssl_tls13_handshake_server_step ...
[08:31:25.061] Simulating mbedtls_ssl_tls13_handshake_server_step ...
[08:31:25.075] Checking proof obligations mbedtls_ssl_tls13_handshake_server_step ...
Calling Yices to check sat
Running check sat
Calling Yices to check sat
Running check sat
[08:31:25.097] Proof succeeded! mbedtls_ssl_tls13_handshake_server_step
[08:31:25.097] Handshake null?:0 -State: MBEDTLS_SSL_CLIENT_CCS_AFTER_CLIENT_HELLO -EDS:MBEDTLS_SSL_EARLY_DATA_STATE_IND_SENT
[08:31:26.983] Verifying mbedtls_ssl_tls13_handshake_server_step ...
[08:31:26.989] Simulating mbedtls_ssl_tls13_handshake_server_step ...
[08:31:27.002] Checking proof obligations mbedtls_ssl_tls13_handshake_server_step ...
Calling Yices to check sat
Running check sat
Calling Yices to check sat
Running check sat
[08:31:27.024] Proof succeeded! mbedtls_ssl_tls13_handshake_server_step
[08:31:27.024] Handshake null?:0 -State: MBEDTLS_SSL_CLIENT_CCS_AFTER_CLIENT_HELLO -EDS:MBEDTLS_SSL_EARLY_DATA_STATE_CAN_WRITE
[08:31:29.535] Verifying mbedtls_ssl_tls13_handshake_server_step ...
[08:31:29.541] Simulating mbedtls_ssl_tls13_handshake_server_step ...
[08:31:29.555] Checking proof obligations mbedtls_ssl_tls13_handshake_server_step ...
Calling Yices to check sat
Running check sat
Calling Yices to check sat
Running check sat
[08:31:29.577] Proof succeeded! mbedtls_ssl_tls13_handshake_server_step
[08:31:29.577] Handshake null?:0 -State: MBEDTLS_SSL_CLIENT_CCS_AFTER_CLIENT_HELLO -EDS:MBEDTLS_SSL_EARLY_DATA_STATE_ACCEPTED
[08:31:31.560] Verifying mbedtls_ssl_tls13_handshake_server_step ...
[08:31:31.565] Simulating mbedtls_ssl_tls13_handshake_server_step ...
[08:31:31.579] Checking proof obligations mbedtls_ssl_tls13_handshake_server_step ...
Calling Yices to check sat
Running check sat
Calling Yices to check sat
Running check sat
[08:31:31.602] Proof succeeded! mbedtls_ssl_tls13_handshake_server_step
[08:31:31.602] Handshake null?:0 -State: MBEDTLS_SSL_CLIENT_CCS_AFTER_CLIENT_HELLO -EDS:MBEDTLS_SSL_EARLY_DATA_STATE_REJECTED
[08:31:33.526] Verifying mbedtls_ssl_tls13_handshake_server_step ...
[08:31:33.532] Simulating mbedtls_ssl_tls13_handshake_server_step ...
[08:31:33.546] Checking proof obligations mbedtls_ssl_tls13_handshake_server_step ...
Calling Yices to check sat
Running check sat
Calling Yices to check sat
Running check sat
[08:31:33.568] Proof succeeded! mbedtls_ssl_tls13_handshake_server_step
[08:31:33.568] Handshake null?:0 -State: MBEDTLS_SSL_CLIENT_CCS_AFTER_CLIENT_HELLO -EDS:MBEDTLS_SSL_EARLY_DATA_STATE_SERVER_FINISHED_RECEIVED
[08:31:35.572] Verifying mbedtls_ssl_tls13_handshake_server_step ...
[08:31:35.578] Simulating mbedtls_ssl_tls13_handshake_server_step ...
[08:31:35.592] Checking proof obligations mbedtls_ssl_tls13_handshake_server_step ...
Calling Yices to check sat
Running check sat
Calling Yices to check sat
Running check sat
[08:31:35.615] Proof succeeded! mbedtls_ssl_tls13_handshake_server_step
[08:31:35.615] Handshake null?:0 -State: MBEDTLS_SSL_SERVER_CCS_AFTER_HELLO_RETRY_REQUEST -EDS:MBEDTLS_SSL_EARLY_DATA_STATE_IDLE
[08:31:37.528] Verifying mbedtls_ssl_tls13_handshake_server_step ...
[08:31:37.534] Simulating mbedtls_ssl_tls13_handshake_server_step ...
[08:31:37.553] Checking proof obligations mbedtls_ssl_tls13_handshake_server_step ...
Calling Yices to check sat
Running check sat
Calling Yices to check sat
Running check sat
[08:31:37.579] Proof succeeded! mbedtls_ssl_tls13_handshake_server_step
[08:31:37.579] Handshake null?:0 -State: MBEDTLS_SSL_SERVER_CCS_AFTER_HELLO_RETRY_REQUEST -EDS:MBEDTLS_SSL_EARLY_DATA_STATE_NO_IND_SENT
[08:31:39.506] Verifying mbedtls_ssl_tls13_handshake_server_step ...
[08:31:39.512] Simulating mbedtls_ssl_tls13_handshake_server_step ...
[08:31:39.530] Checking proof obligations mbedtls_ssl_tls13_handshake_server_step ...
Calling Yices to check sat
Running check sat
Calling Yices to check sat
Running check sat
[08:31:39.556] Proof succeeded! mbedtls_ssl_tls13_handshake_server_step
[08:31:39.556] Handshake null?:0 -State: MBEDTLS_SSL_SERVER_CCS_AFTER_HELLO_RETRY_REQUEST -EDS:MBEDTLS_SSL_EARLY_DATA_STATE_IND_SENT
[08:31:41.573] Verifying mbedtls_ssl_tls13_handshake_server_step ...
[08:31:41.580] Simulating mbedtls_ssl_tls13_handshake_server_step ...
[08:31:41.597] Checking proof obligations mbedtls_ssl_tls13_handshake_server_step ...
Calling Yices to check sat
Running check sat
Calling Yices to check sat
Running check sat
[08:31:41.623] Proof succeeded! mbedtls_ssl_tls13_handshake_server_step
[08:31:41.623] Handshake null?:0 -State: MBEDTLS_SSL_SERVER_CCS_AFTER_HELLO_RETRY_REQUEST -EDS:MBEDTLS_SSL_EARLY_DATA_STATE_CAN_WRITE
[08:31:43.494] Verifying mbedtls_ssl_tls13_handshake_server_step ...
[08:31:43.500] Simulating mbedtls_ssl_tls13_handshake_server_step ...
[08:31:43.517] Checking proof obligations mbedtls_ssl_tls13_handshake_server_step ...
Calling Yices to check sat
Running check sat
Calling Yices to check sat
Running check sat
[08:31:43.542] Proof succeeded! mbedtls_ssl_tls13_handshake_server_step
[08:31:43.542] Handshake null?:0 -State: MBEDTLS_SSL_SERVER_CCS_AFTER_HELLO_RETRY_REQUEST -EDS:MBEDTLS_SSL_EARLY_DATA_STATE_ACCEPTED
[08:31:46.132] Verifying mbedtls_ssl_tls13_handshake_server_step ...
[08:31:46.138] Simulating mbedtls_ssl_tls13_handshake_server_step ...
[08:31:46.159] Checking proof obligations mbedtls_ssl_tls13_handshake_server_step ...
Calling Yices to check sat
Running check sat
Calling Yices to check sat
Running check sat
[08:31:46.186] Proof succeeded! mbedtls_ssl_tls13_handshake_server_step
[08:31:46.186] Handshake null?:0 -State: MBEDTLS_SSL_SERVER_CCS_AFTER_HELLO_RETRY_REQUEST -EDS:MBEDTLS_SSL_EARLY_DATA_STATE_REJECTED
[08:31:48.216] Verifying mbedtls_ssl_tls13_handshake_server_step ...
[08:31:48.223] Simulating mbedtls_ssl_tls13_handshake_server_step ...
[08:31:48.239] Checking proof obligations mbedtls_ssl_tls13_handshake_server_step ...
Calling Yices to check sat
Running check sat
Calling Yices to check sat
Running check sat
[08:31:48.265] Proof succeeded! mbedtls_ssl_tls13_handshake_server_step
[08:31:48.265] Handshake null?:0 -State: MBEDTLS_SSL_SERVER_CCS_AFTER_HELLO_RETRY_REQUEST -EDS:MBEDTLS_SSL_EARLY_DATA_STATE_SERVER_FINISHED_RECEIVED
[08:31:50.182] Verifying mbedtls_ssl_tls13_handshake_server_step ...
[08:31:50.188] Simulating mbedtls_ssl_tls13_handshake_server_step ...
[08:31:50.207] Checking proof obligations mbedtls_ssl_tls13_handshake_server_step ...
Calling Yices to check sat
Running check sat
Calling Yices to check sat
Running check sat
[08:31:50.233] Proof succeeded! mbedtls_ssl_tls13_handshake_server_step
[08:31:50.233] Handshake null?:0 -State: MBEDTLS_SSL_HANDSHAKE_OVER -EDS:MBEDTLS_SSL_EARLY_DATA_STATE_IDLE
[08:31:52.294] Verifying mbedtls_ssl_tls13_handshake_server_step ...
[08:31:52.300] Simulating mbedtls_ssl_tls13_handshake_server_step ...
[08:31:52.314] Checking proof obligations mbedtls_ssl_tls13_handshake_server_step ...
Calling Yices to check sat
Running check sat
Calling Yices to check sat
Running check sat
[08:31:52.336] Proof succeeded! mbedtls_ssl_tls13_handshake_server_step
[08:31:52.336] Handshake null?:0 -State: MBEDTLS_SSL_HANDSHAKE_OVER -EDS:MBEDTLS_SSL_EARLY_DATA_STATE_NO_IND_SENT
[08:31:54.419] Verifying mbedtls_ssl_tls13_handshake_server_step ...
[08:31:54.425] Simulating mbedtls_ssl_tls13_handshake_server_step ...
[08:31:54.440] Checking proof obligations mbedtls_ssl_tls13_handshake_server_step ...
Calling Yices to check sat
Running check sat
Calling Yices to check sat
Running check sat
[08:31:54.474] Proof succeeded! mbedtls_ssl_tls13_handshake_server_step
[08:31:54.474] Handshake null?:0 -State: MBEDTLS_SSL_HANDSHAKE_OVER -EDS:MBEDTLS_SSL_EARLY_DATA_STATE_IND_SENT
[08:31:56.567] Verifying mbedtls_ssl_tls13_handshake_server_step ...
[08:31:56.573] Simulating mbedtls_ssl_tls13_handshake_server_step ...
[08:31:56.587] Checking proof obligations mbedtls_ssl_tls13_handshake_server_step ...
Calling Yices to check sat
Running check sat
Calling Yices to check sat
Running check sat
[08:31:56.609] Proof succeeded! mbedtls_ssl_tls13_handshake_server_step
[08:31:56.609] Handshake null?:0 -State: MBEDTLS_SSL_HANDSHAKE_OVER -EDS:MBEDTLS_SSL_EARLY_DATA_STATE_CAN_WRITE
[08:31:58.623] Verifying mbedtls_ssl_tls13_handshake_server_step ...
[08:31:58.628] Simulating mbedtls_ssl_tls13_handshake_server_step ...
[08:31:58.642] Checking proof obligations mbedtls_ssl_tls13_handshake_server_step ...
Calling Yices to check sat
Running check sat
Calling Yices to check sat
Running check sat
[08:31:58.663] Proof succeeded! mbedtls_ssl_tls13_handshake_server_step
[08:31:58.663] Handshake null?:0 -State: MBEDTLS_SSL_HANDSHAKE_OVER -EDS:MBEDTLS_SSL_EARLY_DATA_STATE_ACCEPTED
[08:32:00.635] Verifying mbedtls_ssl_tls13_handshake_server_step ...
[08:32:00.641] Simulating mbedtls_ssl_tls13_handshake_server_step ...
[08:32:00.655] Checking proof obligations mbedtls_ssl_tls13_handshake_server_step ...
Calling Yices to check sat
Running check sat
Calling Yices to check sat
Running check sat
[08:32:00.675] Proof succeeded! mbedtls_ssl_tls13_handshake_server_step
[08:32:00.675] Handshake null?:0 -State: MBEDTLS_SSL_HANDSHAKE_OVER -EDS:MBEDTLS_SSL_EARLY_DATA_STATE_REJECTED
[08:32:03.166] Verifying mbedtls_ssl_tls13_handshake_server_step ...
[08:32:03.172] Simulating mbedtls_ssl_tls13_handshake_server_step ...
[08:32:03.186] Checking proof obligations mbedtls_ssl_tls13_handshake_server_step ...
Calling Yices to check sat
Running check sat
Calling Yices to check sat
Running check sat
[08:32:03.206] Proof succeeded! mbedtls_ssl_tls13_handshake_server_step
[08:32:03.206] Handshake null?:0 -State: MBEDTLS_SSL_HANDSHAKE_OVER -EDS:MBEDTLS_SSL_EARLY_DATA_STATE_SERVER_FINISHED_RECEIVED
[08:32:05.131] Verifying mbedtls_ssl_tls13_handshake_server_step ...
[08:32:05.137] Simulating mbedtls_ssl_tls13_handshake_server_step ...
[08:32:05.151] Checking proof obligations mbedtls_ssl_tls13_handshake_server_step ...
Calling Yices to check sat
Running check sat
Calling Yices to check sat
Running check sat
[08:32:05.174] Proof succeeded! mbedtls_ssl_tls13_handshake_server_step
[08:32:05.174] Handshake null?:0 -State: MBEDTLS_SSL_TLS1_3_NEW_SESSION_TICKET -EDS:MBEDTLS_SSL_EARLY_DATA_STATE_IDLE
[08:32:07.185] Verifying mbedtls_ssl_tls13_handshake_server_step ...
[08:32:07.191] Simulating mbedtls_ssl_tls13_handshake_server_step ...
[08:32:07.208] Checking proof obligations mbedtls_ssl_tls13_handshake_server_step ...
Calling Yices to check sat
Running check sat
Calling Yices to check sat
Running check sat
[08:32:07.230] Proof succeeded! mbedtls_ssl_tls13_handshake_server_step
[08:32:09.189] Verifying mbedtls_ssl_tls13_handshake_server_step ...
[08:32:09.195] Simulating mbedtls_ssl_tls13_handshake_server_step ...
[08:32:09.217] Checking proof obligations mbedtls_ssl_tls13_handshake_server_step ...
Calling Yices to check sat
Running check sat
Calling Yices to check sat
Running check sat
[08:32:09.242] Proof succeeded! mbedtls_ssl_tls13_handshake_server_step
[08:32:09.242] Handshake null?:0 -State: MBEDTLS_SSL_TLS1_3_NEW_SESSION_TICKET -EDS:MBEDTLS_SSL_EARLY_DATA_STATE_NO_IND_SENT
[08:32:11.238] Verifying mbedtls_ssl_tls13_handshake_server_step ...
[08:32:11.244] Simulating mbedtls_ssl_tls13_handshake_server_step ...
[08:32:11.261] Checking proof obligations mbedtls_ssl_tls13_handshake_server_step ...
Calling Yices to check sat
Running check sat
Calling Yices to check sat
Running check sat
[08:32:11.283] Proof succeeded! mbedtls_ssl_tls13_handshake_server_step
[08:32:13.325] Verifying mbedtls_ssl_tls13_handshake_server_step ...
[08:32:13.329] Simulating mbedtls_ssl_tls13_handshake_server_step ...
[08:32:13.349] Checking proof obligations mbedtls_ssl_tls13_handshake_server_step ...
Calling Yices to check sat
Running check sat
Calling Yices to check sat
Running check sat
[08:32:13.373] Proof succeeded! mbedtls_ssl_tls13_handshake_server_step
[08:32:13.373] Handshake null?:0 -State: MBEDTLS_SSL_TLS1_3_NEW_SESSION_TICKET -EDS:MBEDTLS_SSL_EARLY_DATA_STATE_IND_SENT
[08:32:15.363] Verifying mbedtls_ssl_tls13_handshake_server_step ...
[08:32:15.369] Simulating mbedtls_ssl_tls13_handshake_server_step ...
[08:32:15.385] Checking proof obligations mbedtls_ssl_tls13_handshake_server_step ...
Calling Yices to check sat
Running check sat
Calling Yices to check sat
Running check sat
[08:32:15.406] Proof succeeded! mbedtls_ssl_tls13_handshake_server_step
[08:32:17.367] Verifying mbedtls_ssl_tls13_handshake_server_step ...
[08:32:17.373] Simulating mbedtls_ssl_tls13_handshake_server_step ...
[08:32:17.392] Checking proof obligations mbedtls_ssl_tls13_handshake_server_step ...
Calling Yices to check sat
Running check sat
Calling Yices to check sat
Running check sat
[08:32:17.415] Proof succeeded! mbedtls_ssl_tls13_handshake_server_step
[08:32:17.415] Handshake null?:0 -State: MBEDTLS_SSL_TLS1_3_NEW_SESSION_TICKET -EDS:MBEDTLS_SSL_EARLY_DATA_STATE_CAN_WRITE
[08:32:19.950] Verifying mbedtls_ssl_tls13_handshake_server_step ...
[08:32:19.956] Simulating mbedtls_ssl_tls13_handshake_server_step ...
[08:32:19.973] Checking proof obligations mbedtls_ssl_tls13_handshake_server_step ...
Calling Yices to check sat
Running check sat
Calling Yices to check sat
Running check sat
[08:32:19.994] Proof succeeded! mbedtls_ssl_tls13_handshake_server_step
[08:32:21.948] Verifying mbedtls_ssl_tls13_handshake_server_step ...
[08:32:21.953] Simulating mbedtls_ssl_tls13_handshake_server_step ...
[08:32:21.973] Checking proof obligations mbedtls_ssl_tls13_handshake_server_step ...
Calling Yices to check sat
Running check sat
Calling Yices to check sat
Running check sat
[08:32:21.997] Proof succeeded! mbedtls_ssl_tls13_handshake_server_step
[08:32:21.997] Handshake null?:0 -State: MBEDTLS_SSL_TLS1_3_NEW_SESSION_TICKET -EDS:MBEDTLS_SSL_EARLY_DATA_STATE_ACCEPTED
[08:32:23.954] Verifying mbedtls_ssl_tls13_handshake_server_step ...
[08:32:23.960] Simulating mbedtls_ssl_tls13_handshake_server_step ...
[08:32:23.976] Checking proof obligations mbedtls_ssl_tls13_handshake_server_step ...
Calling Yices to check sat
Running check sat
Calling Yices to check sat
Running check sat
[08:32:23.999] Proof succeeded! mbedtls_ssl_tls13_handshake_server_step
[08:32:25.937] Verifying mbedtls_ssl_tls13_handshake_server_step ...
[08:32:25.942] Simulating mbedtls_ssl_tls13_handshake_server_step ...
[08:32:25.963] Checking proof obligations mbedtls_ssl_tls13_handshake_server_step ...
Calling Yices to check sat
Running check sat
Calling Yices to check sat
Running check sat
[08:32:25.987] Proof succeeded! mbedtls_ssl_tls13_handshake_server_step
[08:32:25.987] Handshake null?:0 -State: MBEDTLS_SSL_TLS1_3_NEW_SESSION_TICKET -EDS:MBEDTLS_SSL_EARLY_DATA_STATE_REJECTED
[08:32:27.996] Verifying mbedtls_ssl_tls13_handshake_server_step ...
[08:32:28.002] Simulating mbedtls_ssl_tls13_handshake_server_step ...
[08:32:28.019] Checking proof obligations mbedtls_ssl_tls13_handshake_server_step ...
Calling Yices to check sat
Running check sat
Calling Yices to check sat
Running check sat
[08:32:28.040] Proof succeeded! mbedtls_ssl_tls13_handshake_server_step
[08:32:30.084] Verifying mbedtls_ssl_tls13_handshake_server_step ...
[08:32:30.089] Simulating mbedtls_ssl_tls13_handshake_server_step ...
[08:32:30.110] Checking proof obligations mbedtls_ssl_tls13_handshake_server_step ...
Calling Yices to check sat
Running check sat
Calling Yices to check sat
Running check sat
[08:32:30.134] Proof succeeded! mbedtls_ssl_tls13_handshake_server_step
[08:32:30.134] Handshake null?:0 -State: MBEDTLS_SSL_TLS1_3_NEW_SESSION_TICKET -EDS:MBEDTLS_SSL_EARLY_DATA_STATE_SERVER_FINISHED_RECEIVED
[08:32:32.071] Verifying mbedtls_ssl_tls13_handshake_server_step ...
[08:32:32.077] Simulating mbedtls_ssl_tls13_handshake_server_step ...
[08:32:32.095] Checking proof obligations mbedtls_ssl_tls13_handshake_server_step ...
Calling Yices to check sat
Running check sat
Calling Yices to check sat
Running check sat
[08:32:32.117] Proof succeeded! mbedtls_ssl_tls13_handshake_server_step
[08:32:34.038] Verifying mbedtls_ssl_tls13_handshake_server_step ...
[08:32:34.043] Simulating mbedtls_ssl_tls13_handshake_server_step ...
[08:32:34.063] Checking proof obligations mbedtls_ssl_tls13_handshake_server_step ...
Calling Yices to check sat
Running check sat
Calling Yices to check sat
Running check sat
[08:32:34.087] Proof succeeded! mbedtls_ssl_tls13_handshake_server_step
[08:32:34.087] Handshake null?:0 -State: MBEDTLS_SSL_TLS1_3_NEW_SESSION_TICKET_FLUSH -EDS:MBEDTLS_SSL_EARLY_DATA_STATE_IDLE
[08:32:36.709] Verifying mbedtls_ssl_tls13_handshake_server_step ...
[08:32:36.715] Simulating mbedtls_ssl_tls13_handshake_server_step ...
[08:32:36.732] Checking proof obligations mbedtls_ssl_tls13_handshake_server_step ...
Calling Yices to check sat
Running check sat
Calling Yices to check sat
Running check sat
[08:32:36.756] Proof succeeded! mbedtls_ssl_tls13_handshake_server_step
[08:32:36.756] Handshake null?:0 -State: MBEDTLS_SSL_TLS1_3_NEW_SESSION_TICKET_FLUSH -EDS:MBEDTLS_SSL_EARLY_DATA_STATE_NO_IND_SENT
[08:32:38.741] Verifying mbedtls_ssl_tls13_handshake_server_step ...
[08:32:38.748] Simulating mbedtls_ssl_tls13_handshake_server_step ...
[08:32:38.764] Checking proof obligations mbedtls_ssl_tls13_handshake_server_step ...
Calling Yices to check sat
Running check sat
Calling Yices to check sat
Running check sat
[08:32:38.788] Proof succeeded! mbedtls_ssl_tls13_handshake_server_step
[08:32:38.788] Handshake null?:0 -State: MBEDTLS_SSL_TLS1_3_NEW_SESSION_TICKET_FLUSH -EDS:MBEDTLS_SSL_EARLY_DATA_STATE_IND_SENT
[08:32:40.806] Verifying mbedtls_ssl_tls13_handshake_server_step ...
[08:32:40.812] Simulating mbedtls_ssl_tls13_handshake_server_step ...
[08:32:40.829] Checking proof obligations mbedtls_ssl_tls13_handshake_server_step ...
Calling Yices to check sat
Running check sat
Calling Yices to check sat
Running check sat
[08:32:40.855] Proof succeeded! mbedtls_ssl_tls13_handshake_server_step
[08:32:40.855] Handshake null?:0 -State: MBEDTLS_SSL_TLS1_3_NEW_SESSION_TICKET_FLUSH -EDS:MBEDTLS_SSL_EARLY_DATA_STATE_CAN_WRITE
[08:32:42.945] Verifying mbedtls_ssl_tls13_handshake_server_step ...
[08:32:42.952] Simulating mbedtls_ssl_tls13_handshake_server_step ...
[08:32:42.969] Checking proof obligations mbedtls_ssl_tls13_handshake_server_step ...
Calling Yices to check sat
Running check sat
Calling Yices to check sat
Running check sat
[08:32:42.994] Proof succeeded! mbedtls_ssl_tls13_handshake_server_step
[08:32:42.994] Handshake null?:0 -State: MBEDTLS_SSL_TLS1_3_NEW_SESSION_TICKET_FLUSH -EDS:MBEDTLS_SSL_EARLY_DATA_STATE_ACCEPTED
[08:32:44.990] Verifying mbedtls_ssl_tls13_handshake_server_step ...
[08:32:44.995] Simulating mbedtls_ssl_tls13_handshake_server_step ...
[08:32:45.012] Checking proof obligations mbedtls_ssl_tls13_handshake_server_step ...
Calling Yices to check sat
Running check sat
Calling Yices to check sat
Running check sat
[08:32:45.036] Proof succeeded! mbedtls_ssl_tls13_handshake_server_step
[08:32:45.037] Handshake null?:0 -State: MBEDTLS_SSL_TLS1_3_NEW_SESSION_TICKET_FLUSH -EDS:MBEDTLS_SSL_EARLY_DATA_STATE_REJECTED
[08:32:47.133] Verifying mbedtls_ssl_tls13_handshake_server_step ...
[08:32:47.139] Simulating mbedtls_ssl_tls13_handshake_server_step ...
[08:32:47.155] Checking proof obligations mbedtls_ssl_tls13_handshake_server_step ...
Calling Yices to check sat
Running check sat
Calling Yices to check sat
Running check sat
[08:32:47.178] Proof succeeded! mbedtls_ssl_tls13_handshake_server_step
[08:32:47.178] Handshake null?:0 -State: MBEDTLS_SSL_TLS1_3_NEW_SESSION_TICKET_FLUSH -EDS:MBEDTLS_SSL_EARLY_DATA_STATE_SERVER_FINISHED_RECEIVED
[08:32:49.315] Verifying mbedtls_ssl_tls13_handshake_server_step ...
[08:32:49.321] Simulating mbedtls_ssl_tls13_handshake_server_step ...
[08:32:49.339] Checking proof obligations mbedtls_ssl_tls13_handshake_server_step ...
Calling Yices to check sat
Running check sat
Calling Yices to check sat
Running check sat
[08:32:49.363] Proof succeeded! mbedtls_ssl_tls13_handshake_server_step
[08:32:49.363] Handshake null?:1 -State: MBEDTLS_SSL_HELLO_REQUEST -EDS:MBEDTLS_SSL_EARLY_DATA_STATE_IDLE
[08:32:51.451] Verifying mbedtls_ssl_tls13_handshake_server_step ...
[08:32:51.457] Simulating mbedtls_ssl_tls13_handshake_server_step ...
[08:32:51.471] Checking proof obligations mbedtls_ssl_tls13_handshake_server_step ...
Calling Yices to check sat
Running check sat
Calling Yices to check sat
Running check sat
[08:32:51.491] Proof succeeded! mbedtls_ssl_tls13_handshake_server_step
[08:32:51.491] Handshake null?:1 -State: MBEDTLS_SSL_HELLO_REQUEST -EDS:MBEDTLS_SSL_EARLY_DATA_STATE_NO_IND_SENT
[08:32:54.210] Verifying mbedtls_ssl_tls13_handshake_server_step ...
[08:32:54.215] Simulating mbedtls_ssl_tls13_handshake_server_step ...
[08:32:54.231] Checking proof obligations mbedtls_ssl_tls13_handshake_server_step ...
Calling Yices to check sat
Running check sat
Calling Yices to check sat
Running check sat
[08:32:54.252] Proof succeeded! mbedtls_ssl_tls13_handshake_server_step
[08:32:54.252] Handshake null?:1 -State: MBEDTLS_SSL_HELLO_REQUEST -EDS:MBEDTLS_SSL_EARLY_DATA_STATE_IND_SENT
[08:32:56.340] Verifying mbedtls_ssl_tls13_handshake_server_step ...
[08:32:56.346] Simulating mbedtls_ssl_tls13_handshake_server_step ...
[08:32:56.360] Checking proof obligations mbedtls_ssl_tls13_handshake_server_step ...
Calling Yices to check sat
Running check sat
Calling Yices to check sat
Running check sat
[08:32:56.380] Proof succeeded! mbedtls_ssl_tls13_handshake_server_step
[08:32:56.380] Handshake null?:1 -State: MBEDTLS_SSL_HELLO_REQUEST -EDS:MBEDTLS_SSL_EARLY_DATA_STATE_CAN_WRITE
[08:32:58.558] Verifying mbedtls_ssl_tls13_handshake_server_step ...
[08:32:58.563] Simulating mbedtls_ssl_tls13_handshake_server_step ...
[08:32:58.579] Checking proof obligations mbedtls_ssl_tls13_handshake_server_step ...
Calling Yices to check sat
Running check sat
Calling Yices to check sat
Running check sat
[08:32:58.602] Proof succeeded! mbedtls_ssl_tls13_handshake_server_step
[08:32:58.602] Handshake null?:1 -State: MBEDTLS_SSL_HELLO_REQUEST -EDS:MBEDTLS_SSL_EARLY_DATA_STATE_ACCEPTED
[08:33:00.605] Verifying mbedtls_ssl_tls13_handshake_server_step ...
[08:33:00.611] Simulating mbedtls_ssl_tls13_handshake_server_step ...
[08:33:00.627] Checking proof obligations mbedtls_ssl_tls13_handshake_server_step ...
Calling Yices to check sat
Running check sat
Calling Yices to check sat
Running check sat
[08:33:00.648] Proof succeeded! mbedtls_ssl_tls13_handshake_server_step
[08:33:00.648] Handshake null?:1 -State: MBEDTLS_SSL_HELLO_REQUEST -EDS:MBEDTLS_SSL_EARLY_DATA_STATE_REJECTED
[08:33:02.698] Verifying mbedtls_ssl_tls13_handshake_server_step ...
[08:33:02.704] Simulating mbedtls_ssl_tls13_handshake_server_step ...
[08:33:02.720] Checking proof obligations mbedtls_ssl_tls13_handshake_server_step ...
Calling Yices to check sat
Running check sat
Calling Yices to check sat
Running check sat
[08:33:02.742] Proof succeeded! mbedtls_ssl_tls13_handshake_server_step
[08:33:02.743] Handshake null?:1 -State: MBEDTLS_SSL_HELLO_REQUEST -EDS:MBEDTLS_SSL_EARLY_DATA_STATE_SERVER_FINISHED_RECEIVED
[08:33:04.973] Verifying mbedtls_ssl_tls13_handshake_server_step ...
[08:33:04.979] Simulating mbedtls_ssl_tls13_handshake_server_step ...
[08:33:04.995] Checking proof obligations mbedtls_ssl_tls13_handshake_server_step ...
Calling Yices to check sat
Running check sat
Calling Yices to check sat
Running check sat
[08:33:05.015] Proof succeeded! mbedtls_ssl_tls13_handshake_server_step
[08:33:05.015] Handshake null?:1 -State: MBEDTLS_SSL_CLIENT_HELLO -EDS:MBEDTLS_SSL_EARLY_DATA_STATE_IDLE
[08:33:07.117] Verifying mbedtls_ssl_tls13_handshake_server_step ...
[08:33:07.123] Simulating mbedtls_ssl_tls13_handshake_server_step ...
[08:33:07.143] Checking proof obligations mbedtls_ssl_tls13_handshake_server_step ...
Calling Yices to check sat
Running check sat
Calling Yices to check sat
Running check sat
[08:33:07.164] Proof succeeded! mbedtls_ssl_tls13_handshake_server_step
[08:33:07.164] Handshake null?:1 -State: MBEDTLS_SSL_CLIENT_HELLO -EDS:MBEDTLS_SSL_EARLY_DATA_STATE_NO_IND_SENT
[08:33:09.292] Verifying mbedtls_ssl_tls13_handshake_server_step ...
[08:33:09.298] Simulating mbedtls_ssl_tls13_handshake_server_step ...
[08:33:09.318] Checking proof obligations mbedtls_ssl_tls13_handshake_server_step ...
Calling Yices to check sat
Running check sat
Calling Yices to check sat
Running check sat
[08:33:09.339] Proof succeeded! mbedtls_ssl_tls13_handshake_server_step
[08:33:09.339] Handshake null?:1 -State: MBEDTLS_SSL_CLIENT_HELLO -EDS:MBEDTLS_SSL_EARLY_DATA_STATE_IND_SENT
[08:33:11.477] Verifying mbedtls_ssl_tls13_handshake_server_step ...
[08:33:11.482] Simulating mbedtls_ssl_tls13_handshake_server_step ...
[08:33:11.502] Checking proof obligations mbedtls_ssl_tls13_handshake_server_step ...
Calling Yices to check sat
Running check sat
Calling Yices to check sat
Running check sat
[08:33:11.524] Proof succeeded! mbedtls_ssl_tls13_handshake_server_step
[08:33:11.524] Handshake null?:1 -State: MBEDTLS_SSL_CLIENT_HELLO -EDS:MBEDTLS_SSL_EARLY_DATA_STATE_CAN_WRITE
[08:33:14.316] Verifying mbedtls_ssl_tls13_handshake_server_step ...
[08:33:14.322] Simulating mbedtls_ssl_tls13_handshake_server_step ...
[08:33:14.342] Checking proof obligations mbedtls_ssl_tls13_handshake_server_step ...
Calling Yices to check sat
Running check sat
Calling Yices to check sat
Running check sat
[08:33:14.363] Proof succeeded! mbedtls_ssl_tls13_handshake_server_step
[08:33:14.363] Handshake null?:1 -State: MBEDTLS_SSL_CLIENT_HELLO -EDS:MBEDTLS_SSL_EARLY_DATA_STATE_ACCEPTED
[08:33:16.448] Verifying mbedtls_ssl_tls13_handshake_server_step ...
[08:33:16.454] Simulating mbedtls_ssl_tls13_handshake_server_step ...
[08:33:16.474] Checking proof obligations mbedtls_ssl_tls13_handshake_server_step ...
Calling Yices to check sat
Running check sat
Calling Yices to check sat
Running check sat
[08:33:16.495] Proof succeeded! mbedtls_ssl_tls13_handshake_server_step
[08:33:16.495] Handshake null?:1 -State: MBEDTLS_SSL_CLIENT_HELLO -EDS:MBEDTLS_SSL_EARLY_DATA_STATE_REJECTED
[08:33:18.580] Verifying mbedtls_ssl_tls13_handshake_server_step ...
[08:33:18.585] Simulating mbedtls_ssl_tls13_handshake_server_step ...
[08:33:18.606] Checking proof obligations mbedtls_ssl_tls13_handshake_server_step ...
Calling Yices to check sat
Running check sat
Calling Yices to check sat
Running check sat
[08:33:18.628] Proof succeeded! mbedtls_ssl_tls13_handshake_server_step
[08:33:18.628] Handshake null?:1 -State: MBEDTLS_SSL_CLIENT_HELLO -EDS:MBEDTLS_SSL_EARLY_DATA_STATE_SERVER_FINISHED_RECEIVED
[08:33:20.667] Verifying mbedtls_ssl_tls13_handshake_server_step ...
[08:33:20.673] Simulating mbedtls_ssl_tls13_handshake_server_step ...
[08:33:20.693] Checking proof obligations mbedtls_ssl_tls13_handshake_server_step ...
Calling Yices to check sat
Running check sat
Calling Yices to check sat
Running check sat
[08:33:20.714] Proof succeeded! mbedtls_ssl_tls13_handshake_server_step
[08:33:20.714] Handshake null?:1 -State: MBEDTLS_SSL_SERVER_HELLO -EDS:MBEDTLS_SSL_EARLY_DATA_STATE_IDLE
[08:33:22.825] Verifying mbedtls_ssl_tls13_handshake_server_step ...
[08:33:22.831] Simulating mbedtls_ssl_tls13_handshake_server_step ...
[08:33:22.847] Checking proof obligations mbedtls_ssl_tls13_handshake_server_step ...
Calling Yices to check sat
Running check sat
Calling Yices to check sat
Running check sat
[08:33:22.871] Proof succeeded! mbedtls_ssl_tls13_handshake_server_step
[08:33:22.871] Handshake null?:1 -State: MBEDTLS_SSL_SERVER_HELLO -EDS:MBEDTLS_SSL_EARLY_DATA_STATE_NO_IND_SENT
[08:33:25.076] Verifying mbedtls_ssl_tls13_handshake_server_step ...
[08:33:25.082] Simulating mbedtls_ssl_tls13_handshake_server_step ...
[08:33:25.100] Checking proof obligations mbedtls_ssl_tls13_handshake_server_step ...
Calling Yices to check sat
Running check sat
Calling Yices to check sat
Running check sat
[08:33:25.123] Proof succeeded! mbedtls_ssl_tls13_handshake_server_step
[08:33:25.123] Handshake null?:1 -State: MBEDTLS_SSL_SERVER_HELLO -EDS:MBEDTLS_SSL_EARLY_DATA_STATE_IND_SENT
[08:33:27.265] Verifying mbedtls_ssl_tls13_handshake_server_step ...
[08:33:27.271] Simulating mbedtls_ssl_tls13_handshake_server_step ...
[08:33:27.287] Checking proof obligations mbedtls_ssl_tls13_handshake_server_step ...
Calling Yices to check sat
Running check sat
Calling Yices to check sat
Running check sat
[08:33:27.311] Proof succeeded! mbedtls_ssl_tls13_handshake_server_step
[08:33:27.311] Handshake null?:1 -State: MBEDTLS_SSL_SERVER_HELLO -EDS:MBEDTLS_SSL_EARLY_DATA_STATE_CAN_WRITE
[08:33:29.458] Verifying mbedtls_ssl_tls13_handshake_server_step ...
[08:33:29.464] Simulating mbedtls_ssl_tls13_handshake_server_step ...
[08:33:29.479] Checking proof obligations mbedtls_ssl_tls13_handshake_server_step ...
Calling Yices to check sat
Running check sat
Calling Yices to check sat
Running check sat
[08:33:29.502] Proof succeeded! mbedtls_ssl_tls13_handshake_server_step
[08:33:29.502] Handshake null?:1 -State: MBEDTLS_SSL_SERVER_HELLO -EDS:MBEDTLS_SSL_EARLY_DATA_STATE_ACCEPTED
[08:33:32.419] Verifying mbedtls_ssl_tls13_handshake_server_step ...
[08:33:32.424] Simulating mbedtls_ssl_tls13_handshake_server_step ...
[08:33:32.441] Checking proof obligations mbedtls_ssl_tls13_handshake_server_step ...
Calling Yices to check sat
Running check sat
Calling Yices to check sat
Running check sat
[08:33:32.466] Proof succeeded! mbedtls_ssl_tls13_handshake_server_step
[08:33:32.466] Handshake null?:1 -State: MBEDTLS_SSL_SERVER_HELLO -EDS:MBEDTLS_SSL_EARLY_DATA_STATE_REJECTED
[08:33:34.647] Verifying mbedtls_ssl_tls13_handshake_server_step ...
[08:33:34.653] Simulating mbedtls_ssl_tls13_handshake_server_step ...
[08:33:34.669] Checking proof obligations mbedtls_ssl_tls13_handshake_server_step ...
Calling Yices to check sat
Running check sat
Calling Yices to check sat
Running check sat
[08:33:34.693] Proof succeeded! mbedtls_ssl_tls13_handshake_server_step
[08:33:34.693] Handshake null?:1 -State: MBEDTLS_SSL_SERVER_HELLO -EDS:MBEDTLS_SSL_EARLY_DATA_STATE_SERVER_FINISHED_RECEIVED
[08:33:36.919] Verifying mbedtls_ssl_tls13_handshake_server_step ...
[08:33:36.925] Simulating mbedtls_ssl_tls13_handshake_server_step ...
[08:33:36.942] Checking proof obligations mbedtls_ssl_tls13_handshake_server_step ...
Calling Yices to check sat
Running check sat
Calling Yices to check sat
Running check sat
[08:33:36.965] Proof succeeded! mbedtls_ssl_tls13_handshake_server_step
[08:33:36.966] Handshake null?:1 -State: MBEDTLS_SSL_SERVER_CERTIFICATE -EDS:MBEDTLS_SSL_EARLY_DATA_STATE_IDLE
[08:33:39.102] Verifying mbedtls_ssl_tls13_handshake_server_step ...
[08:33:39.108] Simulating mbedtls_ssl_tls13_handshake_server_step ...
[08:33:39.127] Checking proof obligations mbedtls_ssl_tls13_handshake_server_step ...
Calling Yices to check sat
Running check sat
Calling Yices to check sat
Running check sat
[08:33:39.152] Proof succeeded! mbedtls_ssl_tls13_handshake_server_step
[08:33:39.152] Handshake null?:1 -State: MBEDTLS_SSL_SERVER_CERTIFICATE -EDS:MBEDTLS_SSL_EARLY_DATA_STATE_NO_IND_SENT
[08:33:41.251] Verifying mbedtls_ssl_tls13_handshake_server_step ...
[08:33:41.257] Simulating mbedtls_ssl_tls13_handshake_server_step ...
[08:33:41.277] Checking proof obligations mbedtls_ssl_tls13_handshake_server_step ...
Calling Yices to check sat
Running check sat
Calling Yices to check sat
Running check sat
[08:33:41.304] Proof succeeded! mbedtls_ssl_tls13_handshake_server_step
[08:33:41.304] Handshake null?:1 -State: MBEDTLS_SSL_SERVER_CERTIFICATE -EDS:MBEDTLS_SSL_EARLY_DATA_STATE_IND_SENT
[08:33:43.504] Verifying mbedtls_ssl_tls13_handshake_server_step ...
[08:33:43.510] Simulating mbedtls_ssl_tls13_handshake_server_step ...
[08:33:43.527] Checking proof obligations mbedtls_ssl_tls13_handshake_server_step ...
Calling Yices to check sat
Running check sat
Calling Yices to check sat
Running check sat
[08:33:43.552] Proof succeeded! mbedtls_ssl_tls13_handshake_server_step
[08:33:43.552] Handshake null?:1 -State: MBEDTLS_SSL_SERVER_CERTIFICATE -EDS:MBEDTLS_SSL_EARLY_DATA_STATE_CAN_WRITE
[08:33:45.722] Verifying mbedtls_ssl_tls13_handshake_server_step ...
[08:33:45.728] Simulating mbedtls_ssl_tls13_handshake_server_step ...
[08:33:45.748] Checking proof obligations mbedtls_ssl_tls13_handshake_server_step ...
Calling Yices to check sat
Running check sat
Calling Yices to check sat
Running check sat
[08:33:45.775] Proof succeeded! mbedtls_ssl_tls13_handshake_server_step
[08:33:45.775] Handshake null?:1 -State: MBEDTLS_SSL_SERVER_CERTIFICATE -EDS:MBEDTLS_SSL_EARLY_DATA_STATE_ACCEPTED
[08:33:47.893] Verifying mbedtls_ssl_tls13_handshake_server_step ...
[08:33:47.899] Simulating mbedtls_ssl_tls13_handshake_server_step ...
[08:33:47.918] Checking proof obligations mbedtls_ssl_tls13_handshake_server_step ...
Calling Yices to check sat
Running check sat
Calling Yices to check sat
Running check sat
[08:33:47.957] Proof succeeded! mbedtls_ssl_tls13_handshake_server_step
[08:33:47.958] Handshake null?:1 -State: MBEDTLS_SSL_SERVER_CERTIFICATE -EDS:MBEDTLS_SSL_EARLY_DATA_STATE_REJECTED
[08:33:50.127] Verifying mbedtls_ssl_tls13_handshake_server_step ...
[08:33:50.133] Simulating mbedtls_ssl_tls13_handshake_server_step ...
[08:33:50.152] Checking proof obligations mbedtls_ssl_tls13_handshake_server_step ...
Calling Yices to check sat
Running check sat
Calling Yices to check sat
Running check sat
[08:33:50.175] Proof succeeded! mbedtls_ssl_tls13_handshake_server_step
[08:33:50.175] Handshake null?:1 -State: MBEDTLS_SSL_SERVER_CERTIFICATE -EDS:MBEDTLS_SSL_EARLY_DATA_STATE_SERVER_FINISHED_RECEIVED
[08:33:53.093] Verifying mbedtls_ssl_tls13_handshake_server_step ...
[08:33:53.099] Simulating mbedtls_ssl_tls13_handshake_server_step ...
[08:33:53.118] Checking proof obligations mbedtls_ssl_tls13_handshake_server_step ...
Calling Yices to check sat
Running check sat
Calling Yices to check sat
Running check sat
[08:33:53.144] Proof succeeded! mbedtls_ssl_tls13_handshake_server_step
[08:33:53.144] Handshake null?:1 -State: MBEDTLS_SSL_SERVER_KEY_EXCHANGE -EDS:MBEDTLS_SSL_EARLY_DATA_STATE_IDLE
[08:33:55.356] Verifying mbedtls_ssl_tls13_handshake_server_step ...
[08:33:55.362] Simulating mbedtls_ssl_tls13_handshake_server_step ...
[08:33:55.376] Checking proof obligations mbedtls_ssl_tls13_handshake_server_step ...
Calling Yices to check sat
Running check sat
Calling Yices to check sat
Running check sat
[08:33:55.398] Proof succeeded! mbedtls_ssl_tls13_handshake_server_step
[08:33:55.398] Handshake null?:1 -State: MBEDTLS_SSL_SERVER_KEY_EXCHANGE -EDS:MBEDTLS_SSL_EARLY_DATA_STATE_NO_IND_SENT
[08:33:57.664] Verifying mbedtls_ssl_tls13_handshake_server_step ...
[08:33:57.669] Simulating mbedtls_ssl_tls13_handshake_server_step ...
[08:33:57.684] Checking proof obligations mbedtls_ssl_tls13_handshake_server_step ...
Calling Yices to check sat
Running check sat
Calling Yices to check sat
Running check sat
[08:33:57.705] Proof succeeded! mbedtls_ssl_tls13_handshake_server_step
[08:33:57.705] Handshake null?:1 -State: MBEDTLS_SSL_SERVER_KEY_EXCHANGE -EDS:MBEDTLS_SSL_EARLY_DATA_STATE_IND_SENT
[08:33:59.786] Verifying mbedtls_ssl_tls13_handshake_server_step ...
[08:33:59.792] Simulating mbedtls_ssl_tls13_handshake_server_step ...
[08:33:59.807] Checking proof obligations mbedtls_ssl_tls13_handshake_server_step ...
Calling Yices to check sat
Running check sat
Calling Yices to check sat
Running check sat
[08:33:59.830] Proof succeeded! mbedtls_ssl_tls13_handshake_server_step
[08:33:59.831] Handshake null?:1 -State: MBEDTLS_SSL_SERVER_KEY_EXCHANGE -EDS:MBEDTLS_SSL_EARLY_DATA_STATE_CAN_WRITE
[08:34:01.970] Verifying mbedtls_ssl_tls13_handshake_server_step ...
[08:34:01.976] Simulating mbedtls_ssl_tls13_handshake_server_step ...
[08:34:01.990] Checking proof obligations mbedtls_ssl_tls13_handshake_server_step ...
Calling Yices to check sat
Running check sat
Calling Yices to check sat
Running check sat
[08:34:02.013] Proof succeeded! mbedtls_ssl_tls13_handshake_server_step
[08:34:02.013] Handshake null?:1 -State: MBEDTLS_SSL_SERVER_KEY_EXCHANGE -EDS:MBEDTLS_SSL_EARLY_DATA_STATE_ACCEPTED
[08:34:04.151] Verifying mbedtls_ssl_tls13_handshake_server_step ...
[08:34:04.157] Simulating mbedtls_ssl_tls13_handshake_server_step ...
[08:34:04.171] Checking proof obligations mbedtls_ssl_tls13_handshake_server_step ...
Calling Yices to check sat
Running check sat
Calling Yices to check sat
Running check sat
[08:34:04.194] Proof succeeded! mbedtls_ssl_tls13_handshake_server_step
[08:34:04.195] Handshake null?:1 -State: MBEDTLS_SSL_SERVER_KEY_EXCHANGE -EDS:MBEDTLS_SSL_EARLY_DATA_STATE_REJECTED
[08:34:06.403] Verifying mbedtls_ssl_tls13_handshake_server_step ...
[08:34:06.408] Simulating mbedtls_ssl_tls13_handshake_server_step ...
[08:34:06.423] Checking proof obligations mbedtls_ssl_tls13_handshake_server_step ...
Calling Yices to check sat
Running check sat
Calling Yices to check sat
Running check sat
[08:34:06.447] Proof succeeded! mbedtls_ssl_tls13_handshake_server_step
[08:34:06.447] Handshake null?:1 -State: MBEDTLS_SSL_SERVER_KEY_EXCHANGE -EDS:MBEDTLS_SSL_EARLY_DATA_STATE_SERVER_FINISHED_RECEIVED
[08:34:08.569] Verifying mbedtls_ssl_tls13_handshake_server_step ...
[08:34:08.575] Simulating mbedtls_ssl_tls13_handshake_server_step ...
[08:34:08.590] Checking proof obligations mbedtls_ssl_tls13_handshake_server_step ...
Calling Yices to check sat
Running check sat
Calling Yices to check sat
Running check sat
[08:34:08.612] Proof succeeded! mbedtls_ssl_tls13_handshake_server_step
[08:34:08.612] Handshake null?:1 -State: MBEDTLS_SSL_CERTIFICATE_REQUEST -EDS:MBEDTLS_SSL_EARLY_DATA_STATE_IDLE
[08:34:11.693] Verifying mbedtls_ssl_tls13_handshake_server_step ...
[08:34:11.699] Simulating mbedtls_ssl_tls13_handshake_server_step ...
[08:34:11.717] Checking proof obligations mbedtls_ssl_tls13_handshake_server_step ...
Calling Yices to check sat
Running check sat
Calling Yices to check sat
Running check sat
[08:34:11.739] Proof succeeded! mbedtls_ssl_tls13_handshake_server_step
[08:34:11.739] Handshake null?:1 -State: MBEDTLS_SSL_CERTIFICATE_REQUEST -EDS:MBEDTLS_SSL_EARLY_DATA_STATE_NO_IND_SENT
[08:34:13.926] Verifying mbedtls_ssl_tls13_handshake_server_step ...
[08:34:13.932] Simulating mbedtls_ssl_tls13_handshake_server_step ...
[08:34:13.951] Checking proof obligations mbedtls_ssl_tls13_handshake_server_step ...
Calling Yices to check sat
Running check sat
Calling Yices to check sat
Running check sat
[08:34:13.973] Proof succeeded! mbedtls_ssl_tls13_handshake_server_step
[08:34:13.973] Handshake null?:1 -State: MBEDTLS_SSL_CERTIFICATE_REQUEST -EDS:MBEDTLS_SSL_EARLY_DATA_STATE_IND_SENT
[08:34:16.265] Verifying mbedtls_ssl_tls13_handshake_server_step ...
[08:34:16.270] Simulating mbedtls_ssl_tls13_handshake_server_step ...
[08:34:16.289] Checking proof obligations mbedtls_ssl_tls13_handshake_server_step ...
Calling Yices to check sat
Running check sat
Calling Yices to check sat
Running check sat
[08:34:16.312] Proof succeeded! mbedtls_ssl_tls13_handshake_server_step
[08:34:16.313] Handshake null?:1 -State: MBEDTLS_SSL_CERTIFICATE_REQUEST -EDS:MBEDTLS_SSL_EARLY_DATA_STATE_CAN_WRITE
[08:34:18.428] Verifying mbedtls_ssl_tls13_handshake_server_step ...
[08:34:18.434] Simulating mbedtls_ssl_tls13_handshake_server_step ...
[08:34:18.453] Checking proof obligations mbedtls_ssl_tls13_handshake_server_step ...
Calling Yices to check sat
Running check sat
Calling Yices to check sat
Running check sat
[08:34:18.476] Proof succeeded! mbedtls_ssl_tls13_handshake_server_step
[08:34:18.476] Handshake null?:1 -State: MBEDTLS_SSL_CERTIFICATE_REQUEST -EDS:MBEDTLS_SSL_EARLY_DATA_STATE_ACCEPTED
[08:34:20.690] Verifying mbedtls_ssl_tls13_handshake_server_step ...
[08:34:20.696] Simulating mbedtls_ssl_tls13_handshake_server_step ...
[08:34:20.712] Checking proof obligations mbedtls_ssl_tls13_handshake_server_step ...
Calling Yices to check sat
Running check sat
Calling Yices to check sat
Running check sat
[08:34:20.735] Proof succeeded! mbedtls_ssl_tls13_handshake_server_step
[08:34:20.735] Handshake null?:1 -State: MBEDTLS_SSL_CERTIFICATE_REQUEST -EDS:MBEDTLS_SSL_EARLY_DATA_STATE_REJECTED
[08:34:22.909] Verifying mbedtls_ssl_tls13_handshake_server_step ...
[08:34:22.915] Simulating mbedtls_ssl_tls13_handshake_server_step ...
[08:34:22.936] Checking proof obligations mbedtls_ssl_tls13_handshake_server_step ...
Calling Yices to check sat
Running check sat
Calling Yices to check sat
Running check sat
[08:34:22.960] Proof succeeded! mbedtls_ssl_tls13_handshake_server_step
[08:34:22.960] Handshake null?:1 -State: MBEDTLS_SSL_CERTIFICATE_REQUEST -EDS:MBEDTLS_SSL_EARLY_DATA_STATE_SERVER_FINISHED_RECEIVED
[08:34:25.278] Verifying mbedtls_ssl_tls13_handshake_server_step ...
[08:34:25.284] Simulating mbedtls_ssl_tls13_handshake_server_step ...
[08:34:25.303] Checking proof obligations mbedtls_ssl_tls13_handshake_server_step ...
Calling Yices to check sat
Running check sat
Calling Yices to check sat
Running check sat
[08:34:25.326] Proof succeeded! mbedtls_ssl_tls13_handshake_server_step
[08:34:25.326] Handshake null?:1 -State: MBEDTLS_SSL_SERVER_HELLO_DONE -EDS:MBEDTLS_SSL_EARLY_DATA_STATE_IDLE
[08:34:27.465] Verifying mbedtls_ssl_tls13_handshake_server_step ...
[08:34:27.471] Simulating mbedtls_ssl_tls13_handshake_server_step ...
[08:34:27.486] Checking proof obligations mbedtls_ssl_tls13_handshake_server_step ...
Calling Yices to check sat
Running check sat
Calling Yices to check sat
Running check sat
[08:34:27.509] Proof succeeded! mbedtls_ssl_tls13_handshake_server_step
[08:34:27.509] Handshake null?:1 -State: MBEDTLS_SSL_SERVER_HELLO_DONE -EDS:MBEDTLS_SSL_EARLY_DATA_STATE_NO_IND_SENT
[08:34:29.657] Verifying mbedtls_ssl_tls13_handshake_server_step ...
[08:34:29.663] Simulating mbedtls_ssl_tls13_handshake_server_step ...
[08:34:29.678] Checking proof obligations mbedtls_ssl_tls13_handshake_server_step ...
Calling Yices to check sat
Running check sat
Calling Yices to check sat
Running check sat
[08:34:29.701] Proof succeeded! mbedtls_ssl_tls13_handshake_server_step
[08:34:29.701] Handshake null?:1 -State: MBEDTLS_SSL_SERVER_HELLO_DONE -EDS:MBEDTLS_SSL_EARLY_DATA_STATE_IND_SENT
[08:34:32.643] Verifying mbedtls_ssl_tls13_handshake_server_step ...
[08:34:32.649] Simulating mbedtls_ssl_tls13_handshake_server_step ...
[08:34:32.662] Checking proof obligations mbedtls_ssl_tls13_handshake_server_step ...
Calling Yices to check sat
Running check sat
Calling Yices to check sat
Running check sat
[08:34:32.685] Proof succeeded! mbedtls_ssl_tls13_handshake_server_step
[08:34:32.685] Handshake null?:1 -State: MBEDTLS_SSL_SERVER_HELLO_DONE -EDS:MBEDTLS_SSL_EARLY_DATA_STATE_CAN_WRITE
[08:34:34.794] Verifying mbedtls_ssl_tls13_handshake_server_step ...
[08:34:34.800] Simulating mbedtls_ssl_tls13_handshake_server_step ...
[08:34:34.815] Checking proof obligations mbedtls_ssl_tls13_handshake_server_step ...
Calling Yices to check sat
Running check sat
Calling Yices to check sat
Running check sat
[08:34:34.837] Proof succeeded! mbedtls_ssl_tls13_handshake_server_step
[08:34:34.837] Handshake null?:1 -State: MBEDTLS_SSL_SERVER_HELLO_DONE -EDS:MBEDTLS_SSL_EARLY_DATA_STATE_ACCEPTED
[08:34:37.029] Verifying mbedtls_ssl_tls13_handshake_server_step ...
[08:34:37.034] Simulating mbedtls_ssl_tls13_handshake_server_step ...
[08:34:37.048] Checking proof obligations mbedtls_ssl_tls13_handshake_server_step ...
Calling Yices to check sat
Running check sat
Calling Yices to check sat
Running check sat
[08:34:37.071] Proof succeeded! mbedtls_ssl_tls13_handshake_server_step
[08:34:37.071] Handshake null?:1 -State: MBEDTLS_SSL_SERVER_HELLO_DONE -EDS:MBEDTLS_SSL_EARLY_DATA_STATE_REJECTED
[08:34:39.257] Verifying mbedtls_ssl_tls13_handshake_server_step ...
[08:34:39.263] Simulating mbedtls_ssl_tls13_handshake_server_step ...
[08:34:39.276] Checking proof obligations mbedtls_ssl_tls13_handshake_server_step ...
Calling Yices to check sat
Running check sat
Calling Yices to check sat
Running check sat
[08:34:39.298] Proof succeeded! mbedtls_ssl_tls13_handshake_server_step
[08:34:39.298] Handshake null?:1 -State: MBEDTLS_SSL_SERVER_HELLO_DONE -EDS:MBEDTLS_SSL_EARLY_DATA_STATE_SERVER_FINISHED_RECEIVED
[08:34:41.550] Verifying mbedtls_ssl_tls13_handshake_server_step ...
[08:34:41.555] Simulating mbedtls_ssl_tls13_handshake_server_step ...
[08:34:41.571] Checking proof obligations mbedtls_ssl_tls13_handshake_server_step ...
Calling Yices to check sat
Running check sat
Calling Yices to check sat
Running check sat
[08:34:41.594] Proof succeeded! mbedtls_ssl_tls13_handshake_server_step
[08:34:41.594] Handshake null?:1 -State: MBEDTLS_SSL_CLIENT_CERTIFICATE -EDS:MBEDTLS_SSL_EARLY_DATA_STATE_IDLE
[08:34:43.979] Verifying mbedtls_ssl_tls13_handshake_server_step ...
[08:34:43.985] Simulating mbedtls_ssl_tls13_handshake_server_step ...
[08:34:44.000] Checking proof obligations mbedtls_ssl_tls13_handshake_server_step ...
Calling Yices to check sat
Running check sat
Calling Yices to check sat
Running check sat
[08:34:44.025] Proof succeeded! mbedtls_ssl_tls13_handshake_server_step
[08:34:46.213] Verifying mbedtls_ssl_tls13_handshake_server_step ...
[08:34:46.219] Simulating mbedtls_ssl_tls13_handshake_server_step ...
[08:34:46.235] Checking proof obligations mbedtls_ssl_tls13_handshake_server_step ...
Calling Yices to check sat
Running check sat
Calling Yices to check sat
Running check sat
[08:34:46.259] Proof succeeded! mbedtls_ssl_tls13_handshake_server_step
[08:34:46.259] Handshake null?:1 -State: MBEDTLS_SSL_CLIENT_CERTIFICATE -EDS:MBEDTLS_SSL_EARLY_DATA_STATE_NO_IND_SENT
[08:34:48.513] Verifying mbedtls_ssl_tls13_handshake_server_step ...
[08:34:48.519] Simulating mbedtls_ssl_tls13_handshake_server_step ...
[08:34:48.536] Checking proof obligations mbedtls_ssl_tls13_handshake_server_step ...
Calling Yices to check sat
Running check sat
Calling Yices to check sat
Running check sat
[08:34:48.562] Proof succeeded! mbedtls_ssl_tls13_handshake_server_step
[08:34:50.576] Verifying mbedtls_ssl_tls13_handshake_server_step ...
[08:34:50.582] Simulating mbedtls_ssl_tls13_handshake_server_step ...
[08:34:50.599] Checking proof obligations mbedtls_ssl_tls13_handshake_server_step ...
Calling Yices to check sat
Running check sat
Calling Yices to check sat
Running check sat
[08:34:50.624] Proof succeeded! mbedtls_ssl_tls13_handshake_server_step
[08:34:50.624] Handshake null?:1 -State: MBEDTLS_SSL_CLIENT_CERTIFICATE -EDS:MBEDTLS_SSL_EARLY_DATA_STATE_IND_SENT
[08:34:53.836] Verifying mbedtls_ssl_tls13_handshake_server_step ...
[08:34:53.842] Simulating mbedtls_ssl_tls13_handshake_server_step ...
[08:34:53.858] Checking proof obligations mbedtls_ssl_tls13_handshake_server_step ...
Calling Yices to check sat
Running check sat
Calling Yices to check sat
Running check sat
[08:34:53.882] Proof succeeded! mbedtls_ssl_tls13_handshake_server_step
[08:34:55.856] Verifying mbedtls_ssl_tls13_handshake_server_step ...
[08:34:55.862] Simulating mbedtls_ssl_tls13_handshake_server_step ...
[08:34:55.876] Checking proof obligations mbedtls_ssl_tls13_handshake_server_step ...
Calling Yices to check sat
Running check sat
Calling Yices to check sat
Running check sat
[08:34:55.899] Proof succeeded! mbedtls_ssl_tls13_handshake_server_step
[08:34:55.899] Handshake null?:1 -State: MBEDTLS_SSL_CLIENT_CERTIFICATE -EDS:MBEDTLS_SSL_EARLY_DATA_STATE_CAN_WRITE
[08:34:58.006] Verifying mbedtls_ssl_tls13_handshake_server_step ...
[08:34:58.012] Simulating mbedtls_ssl_tls13_handshake_server_step ...
[08:34:58.029] Checking proof obligations mbedtls_ssl_tls13_handshake_server_step ...
Calling Yices to check sat
Running check sat
Calling Yices to check sat
Running check sat
[08:34:58.054] Proof succeeded! mbedtls_ssl_tls13_handshake_server_step
[08:35:00.037] Verifying mbedtls_ssl_tls13_handshake_server_step ...
[08:35:00.043] Simulating mbedtls_ssl_tls13_handshake_server_step ...
[08:35:00.060] Checking proof obligations mbedtls_ssl_tls13_handshake_server_step ...
Calling Yices to check sat
Running check sat
Calling Yices to check sat
Running check sat
[08:35:00.085] Proof succeeded! mbedtls_ssl_tls13_handshake_server_step
[08:35:00.085] Handshake null?:1 -State: MBEDTLS_SSL_CLIENT_CERTIFICATE -EDS:MBEDTLS_SSL_EARLY_DATA_STATE_ACCEPTED
[08:35:02.189] Verifying mbedtls_ssl_tls13_handshake_server_step ...
[08:35:02.195] Simulating mbedtls_ssl_tls13_handshake_server_step ...
[08:35:02.209] Checking proof obligations mbedtls_ssl_tls13_handshake_server_step ...
Calling Yices to check sat
Running check sat
Calling Yices to check sat
Running check sat
[08:35:02.232] Proof succeeded! mbedtls_ssl_tls13_handshake_server_step
[08:35:04.238] Verifying mbedtls_ssl_tls13_handshake_server_step ...
[08:35:04.243] Simulating mbedtls_ssl_tls13_handshake_server_step ...
[08:35:04.260] Checking proof obligations mbedtls_ssl_tls13_handshake_server_step ...
Calling Yices to check sat
Running check sat
Calling Yices to check sat
Running check sat
[08:35:04.284] Proof succeeded! mbedtls_ssl_tls13_handshake_server_step
[08:35:04.284] Handshake null?:1 -State: MBEDTLS_SSL_CLIENT_CERTIFICATE -EDS:MBEDTLS_SSL_EARLY_DATA_STATE_REJECTED
[08:35:06.507] Verifying mbedtls_ssl_tls13_handshake_server_step ...
[08:35:06.513] Simulating mbedtls_ssl_tls13_handshake_server_step ...
[08:35:06.531] Checking proof obligations mbedtls_ssl_tls13_handshake_server_step ...
Calling Yices to check sat
Running check sat
Calling Yices to check sat
Running check sat
[08:35:06.556] Proof succeeded! mbedtls_ssl_tls13_handshake_server_step
[08:35:08.534] Verifying mbedtls_ssl_tls13_handshake_server_step ...
[08:35:08.540] Simulating mbedtls_ssl_tls13_handshake_server_step ...
[08:35:08.556] Checking proof obligations mbedtls_ssl_tls13_handshake_server_step ...
Calling Yices to check sat
Running check sat
Calling Yices to check sat
Running check sat
[08:35:08.579] Proof succeeded! mbedtls_ssl_tls13_handshake_server_step
[08:35:08.580] Handshake null?:1 -State: MBEDTLS_SSL_CLIENT_CERTIFICATE -EDS:MBEDTLS_SSL_EARLY_DATA_STATE_SERVER_FINISHED_RECEIVED
[08:35:10.757] Verifying mbedtls_ssl_tls13_handshake_server_step ...
[08:35:10.762] Simulating mbedtls_ssl_tls13_handshake_server_step ...
[08:35:10.779] Checking proof obligations mbedtls_ssl_tls13_handshake_server_step ...
Calling Yices to check sat
Running check sat
Calling Yices to check sat
Running check sat
[08:35:10.804] Proof succeeded! mbedtls_ssl_tls13_handshake_server_step
[08:35:13.783] Verifying mbedtls_ssl_tls13_handshake_server_step ...
[08:35:13.789] Simulating mbedtls_ssl_tls13_handshake_server_step ...
[08:35:13.807] Checking proof obligations mbedtls_ssl_tls13_handshake_server_step ...
Calling Yices to check sat
Running check sat
Calling Yices to check sat
Running check sat
[08:35:13.832] Proof succeeded! mbedtls_ssl_tls13_handshake_server_step
[08:35:13.832] Handshake null?:1 -State: MBEDTLS_SSL_CLIENT_KEY_EXCHANGE -EDS:MBEDTLS_SSL_EARLY_DATA_STATE_IDLE
[08:35:16.292] Verifying mbedtls_ssl_tls13_handshake_server_step ...
[08:35:16.298] Simulating mbedtls_ssl_tls13_handshake_server_step ...
[08:35:16.312] Checking proof obligations mbedtls_ssl_tls13_handshake_server_step ...
Calling Yices to check sat
Running check sat
Calling Yices to check sat
Running check sat
[08:35:16.334] Proof succeeded! mbedtls_ssl_tls13_handshake_server_step
[08:35:16.334] Handshake null?:1 -State: MBEDTLS_SSL_CLIENT_KEY_EXCHANGE -EDS:MBEDTLS_SSL_EARLY_DATA_STATE_NO_IND_SENT
[08:35:18.536] Verifying mbedtls_ssl_tls13_handshake_server_step ...
[08:35:18.541] Simulating mbedtls_ssl_tls13_handshake_server_step ...
[08:35:18.555] Checking proof obligations mbedtls_ssl_tls13_handshake_server_step ...
Calling Yices to check sat
Running check sat
Calling Yices to check sat
Running check sat
[08:35:18.578] Proof succeeded! mbedtls_ssl_tls13_handshake_server_step
[08:35:18.578] Handshake null?:1 -State: MBEDTLS_SSL_CLIENT_KEY_EXCHANGE -EDS:MBEDTLS_SSL_EARLY_DATA_STATE_IND_SENT
[08:35:20.741] Verifying mbedtls_ssl_tls13_handshake_server_step ...
[08:35:20.747] Simulating mbedtls_ssl_tls13_handshake_server_step ...
[08:35:20.762] Checking proof obligations mbedtls_ssl_tls13_handshake_server_step ...
Calling Yices to check sat
Running check sat
Calling Yices to check sat
Running check sat
[08:35:20.785] Proof succeeded! mbedtls_ssl_tls13_handshake_server_step
[08:35:20.785] Handshake null?:1 -State: MBEDTLS_SSL_CLIENT_KEY_EXCHANGE -EDS:MBEDTLS_SSL_EARLY_DATA_STATE_CAN_WRITE
[08:35:23.027] Verifying mbedtls_ssl_tls13_handshake_server_step ...
[08:35:23.033] Simulating mbedtls_ssl_tls13_handshake_server_step ...
[08:35:23.047] Checking proof obligations mbedtls_ssl_tls13_handshake_server_step ...
Calling Yices to check sat
Running check sat
Calling Yices to check sat
Running check sat
[08:35:23.071] Proof succeeded! mbedtls_ssl_tls13_handshake_server_step
[08:35:23.071] Handshake null?:1 -State: MBEDTLS_SSL_CLIENT_KEY_EXCHANGE -EDS:MBEDTLS_SSL_EARLY_DATA_STATE_ACCEPTED
[08:35:25.428] Verifying mbedtls_ssl_tls13_handshake_server_step ...
[08:35:25.434] Simulating mbedtls_ssl_tls13_handshake_server_step ...
[08:35:25.449] Checking proof obligations mbedtls_ssl_tls13_handshake_server_step ...
Calling Yices to check sat
Running check sat
Calling Yices to check sat
Running check sat
[08:35:25.472] Proof succeeded! mbedtls_ssl_tls13_handshake_server_step
[08:35:25.472] Handshake null?:1 -State: MBEDTLS_SSL_CLIENT_KEY_EXCHANGE -EDS:MBEDTLS_SSL_EARLY_DATA_STATE_REJECTED
[08:35:27.835] Verifying mbedtls_ssl_tls13_handshake_server_step ...
[08:35:27.841] Simulating mbedtls_ssl_tls13_handshake_server_step ...
[08:35:27.857] Checking proof obligations mbedtls_ssl_tls13_handshake_server_step ...
Calling Yices to check sat
Running check sat
Calling Yices to check sat
Running check sat
[08:35:27.880] Proof succeeded! mbedtls_ssl_tls13_handshake_server_step
[08:35:27.880] Handshake null?:1 -State: MBEDTLS_SSL_CLIENT_KEY_EXCHANGE -EDS:MBEDTLS_SSL_EARLY_DATA_STATE_SERVER_FINISHED_RECEIVED
[08:35:30.168] Verifying mbedtls_ssl_tls13_handshake_server_step ...
[08:35:30.175] Simulating mbedtls_ssl_tls13_handshake_server_step ...
[08:35:30.188] Checking proof obligations mbedtls_ssl_tls13_handshake_server_step ...
Calling Yices to check sat
Running check sat
Calling Yices to check sat
Running check sat
[08:35:30.209] Proof succeeded! mbedtls_ssl_tls13_handshake_server_step
[08:35:30.209] Handshake null?:1 -State: MBEDTLS_SSL_CERTIFICATE_VERIFY -EDS:MBEDTLS_SSL_EARLY_DATA_STATE_IDLE
[08:35:32.393] Verifying mbedtls_ssl_tls13_handshake_server_step ...
[08:35:32.399] Simulating mbedtls_ssl_tls13_handshake_server_step ...
[08:35:32.415] Checking proof obligations mbedtls_ssl_tls13_handshake_server_step ...
Calling Yices to check sat
Running check sat
Calling Yices to check sat
Running check sat
[08:35:32.438] Proof succeeded! mbedtls_ssl_tls13_handshake_server_step
[08:35:32.438] Handshake null?:1 -State: MBEDTLS_SSL_CERTIFICATE_VERIFY -EDS:MBEDTLS_SSL_EARLY_DATA_STATE_NO_IND_SENT
[08:35:35.651] Verifying mbedtls_ssl_tls13_handshake_server_step ...
[08:35:35.657] Simulating mbedtls_ssl_tls13_handshake_server_step ...
[08:35:35.674] Checking proof obligations mbedtls_ssl_tls13_handshake_server_step ...
Calling Yices to check sat
Running check sat
Calling Yices to check sat
Running check sat
[08:35:35.697] Proof succeeded! mbedtls_ssl_tls13_handshake_server_step
[08:35:35.697] Handshake null?:1 -State: MBEDTLS_SSL_CERTIFICATE_VERIFY -EDS:MBEDTLS_SSL_EARLY_DATA_STATE_IND_SENT
[08:35:37.936] Verifying mbedtls_ssl_tls13_handshake_server_step ...
[08:35:37.942] Simulating mbedtls_ssl_tls13_handshake_server_step ...
[08:35:37.960] Checking proof obligations mbedtls_ssl_tls13_handshake_server_step ...
Calling Yices to check sat
Running check sat
Calling Yices to check sat
Running check sat
[08:35:37.985] Proof succeeded! mbedtls_ssl_tls13_handshake_server_step
[08:35:37.985] Handshake null?:1 -State: MBEDTLS_SSL_CERTIFICATE_VERIFY -EDS:MBEDTLS_SSL_EARLY_DATA_STATE_CAN_WRITE
[08:35:40.212] Verifying mbedtls_ssl_tls13_handshake_server_step ...
[08:35:40.218] Simulating mbedtls_ssl_tls13_handshake_server_step ...
[08:35:40.237] Checking proof obligations mbedtls_ssl_tls13_handshake_server_step ...
Calling Yices to check sat
Running check sat
Calling Yices to check sat
Running check sat
[08:35:40.261] Proof succeeded! mbedtls_ssl_tls13_handshake_server_step
[08:35:40.261] Handshake null?:1 -State: MBEDTLS_SSL_CERTIFICATE_VERIFY -EDS:MBEDTLS_SSL_EARLY_DATA_STATE_ACCEPTED
[08:35:42.509] Verifying mbedtls_ssl_tls13_handshake_server_step ...
[08:35:42.516] Simulating mbedtls_ssl_tls13_handshake_server_step ...
[08:35:42.532] Checking proof obligations mbedtls_ssl_tls13_handshake_server_step ...
Calling Yices to check sat
Running check sat
Calling Yices to check sat
Running check sat
[08:35:42.556] Proof succeeded! mbedtls_ssl_tls13_handshake_server_step
[08:35:42.556] Handshake null?:1 -State: MBEDTLS_SSL_CERTIFICATE_VERIFY -EDS:MBEDTLS_SSL_EARLY_DATA_STATE_REJECTED
[08:35:44.869] Verifying mbedtls_ssl_tls13_handshake_server_step ...
[08:35:44.876] Simulating mbedtls_ssl_tls13_handshake_server_step ...
[08:35:44.890] Checking proof obligations mbedtls_ssl_tls13_handshake_server_step ...
Calling Yices to check sat
Running check sat
Calling Yices to check sat
Running check sat
[08:35:44.914] Proof succeeded! mbedtls_ssl_tls13_handshake_server_step
[08:35:44.914] Handshake null?:1 -State: MBEDTLS_SSL_CERTIFICATE_VERIFY -EDS:MBEDTLS_SSL_EARLY_DATA_STATE_SERVER_FINISHED_RECEIVED
[08:35:47.131] Verifying mbedtls_ssl_tls13_handshake_server_step ...
[08:35:47.137] Simulating mbedtls_ssl_tls13_handshake_server_step ...
[08:35:47.156] Checking proof obligations mbedtls_ssl_tls13_handshake_server_step ...
Calling Yices to check sat
Running check sat
Calling Yices to check sat
Running check sat
[08:35:47.180] Proof succeeded! mbedtls_ssl_tls13_handshake_server_step
[08:35:47.180] Handshake null?:1 -State: MBEDTLS_SSL_CLIENT_CHANGE_CIPHER_SPEC -EDS:MBEDTLS_SSL_EARLY_DATA_STATE_IDLE
[08:35:49.374] Verifying mbedtls_ssl_tls13_handshake_server_step ...
[08:35:49.380] Simulating mbedtls_ssl_tls13_handshake_server_step ...
[08:35:49.394] Checking proof obligations mbedtls_ssl_tls13_handshake_server_step ...
Calling Yices to check sat
Running check sat
Calling Yices to check sat
Running check sat
[08:35:49.416] Proof succeeded! mbedtls_ssl_tls13_handshake_server_step
[08:35:49.416] Handshake null?:1 -State: MBEDTLS_SSL_CLIENT_CHANGE_CIPHER_SPEC -EDS:MBEDTLS_SSL_EARLY_DATA_STATE_NO_IND_SENT
[08:35:51.667] Verifying mbedtls_ssl_tls13_handshake_server_step ...
[08:35:51.673] Simulating mbedtls_ssl_tls13_handshake_server_step ...
[08:35:51.687] Checking proof obligations mbedtls_ssl_tls13_handshake_server_step ...
Calling Yices to check sat
Running check sat
Calling Yices to check sat
Running check sat
[08:35:51.709] Proof succeeded! mbedtls_ssl_tls13_handshake_server_step
[08:35:51.709] Handshake null?:1 -State: MBEDTLS_SSL_CLIENT_CHANGE_CIPHER_SPEC -EDS:MBEDTLS_SSL_EARLY_DATA_STATE_IND_SENT
[08:35:54.020] Verifying mbedtls_ssl_tls13_handshake_server_step ...
[08:35:54.026] Simulating mbedtls_ssl_tls13_handshake_server_step ...
[08:35:54.040] Checking proof obligations mbedtls_ssl_tls13_handshake_server_step ...
Calling Yices to check sat
Running check sat
Calling Yices to check sat
Running check sat
[08:35:54.062] Proof succeeded! mbedtls_ssl_tls13_handshake_server_step
[08:35:54.062] Handshake null?:1 -State: MBEDTLS_SSL_CLIENT_CHANGE_CIPHER_SPEC -EDS:MBEDTLS_SSL_EARLY_DATA_STATE_CAN_WRITE
[08:35:57.212] Verifying mbedtls_ssl_tls13_handshake_server_step ...
[08:35:57.218] Simulating mbedtls_ssl_tls13_handshake_server_step ...
[08:35:57.232] Checking proof obligations mbedtls_ssl_tls13_handshake_server_step ...
Calling Yices to check sat
Running check sat
Calling Yices to check sat
Running check sat
[08:35:57.255] Proof succeeded! mbedtls_ssl_tls13_handshake_server_step
[08:35:57.255] Handshake null?:1 -State: MBEDTLS_SSL_CLIENT_CHANGE_CIPHER_SPEC -EDS:MBEDTLS_SSL_EARLY_DATA_STATE_ACCEPTED
[08:35:59.682] Verifying mbedtls_ssl_tls13_handshake_server_step ...
[08:35:59.688] Simulating mbedtls_ssl_tls13_handshake_server_step ...
[08:35:59.702] Checking proof obligations mbedtls_ssl_tls13_handshake_server_step ...
Calling Yices to check sat
Running check sat
Calling Yices to check sat
Running check sat
[08:35:59.724] Proof succeeded! mbedtls_ssl_tls13_handshake_server_step
[08:35:59.724] Handshake null?:1 -State: MBEDTLS_SSL_CLIENT_CHANGE_CIPHER_SPEC -EDS:MBEDTLS_SSL_EARLY_DATA_STATE_REJECTED
[08:36:01.984] Verifying mbedtls_ssl_tls13_handshake_server_step ...
[08:36:01.990] Simulating mbedtls_ssl_tls13_handshake_server_step ...
[08:36:02.005] Checking proof obligations mbedtls_ssl_tls13_handshake_server_step ...
Calling Yices to check sat
Running check sat
Calling Yices to check sat
Running check sat
[08:36:02.029] Proof succeeded! mbedtls_ssl_tls13_handshake_server_step
[08:36:02.029] Handshake null?:1 -State: MBEDTLS_SSL_CLIENT_CHANGE_CIPHER_SPEC -EDS:MBEDTLS_SSL_EARLY_DATA_STATE_SERVER_FINISHED_RECEIVED
[08:36:04.314] Verifying mbedtls_ssl_tls13_handshake_server_step ...
[08:36:04.320] Simulating mbedtls_ssl_tls13_handshake_server_step ...
[08:36:04.333] Checking proof obligations mbedtls_ssl_tls13_handshake_server_step ...
Calling Yices to check sat
Running check sat
Calling Yices to check sat
Running check sat
[08:36:04.355] Proof succeeded! mbedtls_ssl_tls13_handshake_server_step
[08:36:04.355] Handshake null?:1 -State: MBEDTLS_SSL_CLIENT_FINISHED -EDS:MBEDTLS_SSL_EARLY_DATA_STATE_IDLE
[08:36:06.681] Verifying mbedtls_ssl_tls13_handshake_server_step ...
[08:36:06.687] Simulating mbedtls_ssl_tls13_handshake_server_step ...
[08:36:06.706] Checking proof obligations mbedtls_ssl_tls13_handshake_server_step ...
Calling Yices to check sat
Running check sat
Calling Yices to check sat
Running check sat
[08:36:06.731] Proof succeeded! mbedtls_ssl_tls13_handshake_server_step
[08:36:06.732] Handshake null?:1 -State: MBEDTLS_SSL_CLIENT_FINISHED -EDS:MBEDTLS_SSL_EARLY_DATA_STATE_NO_IND_SENT
[08:36:09.076] Verifying mbedtls_ssl_tls13_handshake_server_step ...
[08:36:09.082] Simulating mbedtls_ssl_tls13_handshake_server_step ...
[08:36:09.098] Checking proof obligations mbedtls_ssl_tls13_handshake_server_step ...
Calling Yices to check sat
Running check sat
Calling Yices to check sat
Running check sat
[08:36:09.122] Proof succeeded! mbedtls_ssl_tls13_handshake_server_step
[08:36:09.122] Handshake null?:1 -State: MBEDTLS_SSL_CLIENT_FINISHED -EDS:MBEDTLS_SSL_EARLY_DATA_STATE_IND_SENT
[08:36:11.588] Verifying mbedtls_ssl_tls13_handshake_server_step ...
[08:36:11.594] Simulating mbedtls_ssl_tls13_handshake_server_step ...
[08:36:11.609] Checking proof obligations mbedtls_ssl_tls13_handshake_server_step ...
Calling Yices to check sat
Running check sat
Calling Yices to check sat
Running check sat
[08:36:11.633] Proof succeeded! mbedtls_ssl_tls13_handshake_server_step
[08:36:11.633] Handshake null?:1 -State: MBEDTLS_SSL_CLIENT_FINISHED -EDS:MBEDTLS_SSL_EARLY_DATA_STATE_CAN_WRITE
[08:36:14.101] Verifying mbedtls_ssl_tls13_handshake_server_step ...
[08:36:14.107] Simulating mbedtls_ssl_tls13_handshake_server_step ...
[08:36:14.122] Checking proof obligations mbedtls_ssl_tls13_handshake_server_step ...
Calling Yices to check sat
Running check sat
Calling Yices to check sat
Running check sat
[08:36:14.147] Proof succeeded! mbedtls_ssl_tls13_handshake_server_step
[08:36:14.147] Handshake null?:1 -State: MBEDTLS_SSL_CLIENT_FINISHED -EDS:MBEDTLS_SSL_EARLY_DATA_STATE_ACCEPTED
[08:36:16.480] Verifying mbedtls_ssl_tls13_handshake_server_step ...
[08:36:16.486] Simulating mbedtls_ssl_tls13_handshake_server_step ...
[08:36:16.504] Checking proof obligations mbedtls_ssl_tls13_handshake_server_step ...
Calling Yices to check sat
Running check sat
Calling Yices to check sat
Running check sat
[08:36:16.528] Proof succeeded! mbedtls_ssl_tls13_handshake_server_step
[08:36:16.528] Handshake null?:1 -State: MBEDTLS_SSL_CLIENT_FINISHED -EDS:MBEDTLS_SSL_EARLY_DATA_STATE_REJECTED
[08:36:19.821] Verifying mbedtls_ssl_tls13_handshake_server_step ...
[08:36:19.827] Simulating mbedtls_ssl_tls13_handshake_server_step ...
[08:36:19.844] Checking proof obligations mbedtls_ssl_tls13_handshake_server_step ...
Calling Yices to check sat
Running check sat
Calling Yices to check sat
Running check sat
[08:36:19.868] Proof succeeded! mbedtls_ssl_tls13_handshake_server_step
[08:36:19.868] Handshake null?:1 -State: MBEDTLS_SSL_CLIENT_FINISHED -EDS:MBEDTLS_SSL_EARLY_DATA_STATE_SERVER_FINISHED_RECEIVED
[08:36:22.118] Verifying mbedtls_ssl_tls13_handshake_server_step ...
[08:36:22.123] Simulating mbedtls_ssl_tls13_handshake_server_step ...
[08:36:22.142] Checking proof obligations mbedtls_ssl_tls13_handshake_server_step ...
Calling Yices to check sat
Running check sat
Calling Yices to check sat
Running check sat
[08:36:22.166] Proof succeeded! mbedtls_ssl_tls13_handshake_server_step
[08:36:22.166] Handshake null?:1 -State: MBEDTLS_SSL_SERVER_CHANGE_CIPHER_SPEC -EDS:MBEDTLS_SSL_EARLY_DATA_STATE_IDLE
[08:36:24.519] Verifying mbedtls_ssl_tls13_handshake_server_step ...
[08:36:24.525] Simulating mbedtls_ssl_tls13_handshake_server_step ...
[08:36:24.540] Checking proof obligations mbedtls_ssl_tls13_handshake_server_step ...
Calling Yices to check sat
Running check sat
Calling Yices to check sat
Running check sat
[08:36:24.561] Proof succeeded! mbedtls_ssl_tls13_handshake_server_step
[08:36:24.562] Handshake null?:1 -State: MBEDTLS_SSL_SERVER_CHANGE_CIPHER_SPEC -EDS:MBEDTLS_SSL_EARLY_DATA_STATE_NO_IND_SENT
[08:36:26.898] Verifying mbedtls_ssl_tls13_handshake_server_step ...
[08:36:26.904] Simulating mbedtls_ssl_tls13_handshake_server_step ...
[08:36:26.918] Checking proof obligations mbedtls_ssl_tls13_handshake_server_step ...
Calling Yices to check sat
Running check sat
Calling Yices to check sat
Running check sat
[08:36:26.942] Proof succeeded! mbedtls_ssl_tls13_handshake_server_step
[08:36:26.942] Handshake null?:1 -State: MBEDTLS_SSL_SERVER_CHANGE_CIPHER_SPEC -EDS:MBEDTLS_SSL_EARLY_DATA_STATE_IND_SENT
[08:36:29.222] Verifying mbedtls_ssl_tls13_handshake_server_step ...
[08:36:29.228] Simulating mbedtls_ssl_tls13_handshake_server_step ...
[08:36:29.241] Checking proof obligations mbedtls_ssl_tls13_handshake_server_step ...
Calling Yices to check sat
Running check sat
Calling Yices to check sat
Running check sat
[08:36:29.263] Proof succeeded! mbedtls_ssl_tls13_handshake_server_step
[08:36:29.263] Handshake null?:1 -State: MBEDTLS_SSL_SERVER_CHANGE_CIPHER_SPEC -EDS:MBEDTLS_SSL_EARLY_DATA_STATE_CAN_WRITE
[08:36:31.679] Verifying mbedtls_ssl_tls13_handshake_server_step ...
[08:36:31.684] Simulating mbedtls_ssl_tls13_handshake_server_step ...
[08:36:31.700] Checking proof obligations mbedtls_ssl_tls13_handshake_server_step ...
Calling Yices to check sat
Running check sat
Calling Yices to check sat
Running check sat
[08:36:31.722] Proof succeeded! mbedtls_ssl_tls13_handshake_server_step
[08:36:31.722] Handshake null?:1 -State: MBEDTLS_SSL_SERVER_CHANGE_CIPHER_SPEC -EDS:MBEDTLS_SSL_EARLY_DATA_STATE_ACCEPTED
[08:36:34.058] Verifying mbedtls_ssl_tls13_handshake_server_step ...
[08:36:34.063] Simulating mbedtls_ssl_tls13_handshake_server_step ...
[08:36:34.078] Checking proof obligations mbedtls_ssl_tls13_handshake_server_step ...
Calling Yices to check sat
Running check sat
Calling Yices to check sat
Running check sat
[08:36:34.101] Proof succeeded! mbedtls_ssl_tls13_handshake_server_step
[08:36:34.101] Handshake null?:1 -State: MBEDTLS_SSL_SERVER_CHANGE_CIPHER_SPEC -EDS:MBEDTLS_SSL_EARLY_DATA_STATE_REJECTED
[08:36:36.451] Verifying mbedtls_ssl_tls13_handshake_server_step ...
[08:36:36.457] Simulating mbedtls_ssl_tls13_handshake_server_step ...
[08:36:36.472] Checking proof obligations mbedtls_ssl_tls13_handshake_server_step ...
Calling Yices to check sat
Running check sat
Calling Yices to check sat
Running check sat
[08:36:36.496] Proof succeeded! mbedtls_ssl_tls13_handshake_server_step
[08:36:36.496] Handshake null?:1 -State: MBEDTLS_SSL_SERVER_CHANGE_CIPHER_SPEC -EDS:MBEDTLS_SSL_EARLY_DATA_STATE_SERVER_FINISHED_RECEIVED
[08:36:38.938] Verifying mbedtls_ssl_tls13_handshake_server_step ...
[08:36:38.944] Simulating mbedtls_ssl_tls13_handshake_server_step ...
[08:36:38.957] Checking proof obligations mbedtls_ssl_tls13_handshake_server_step ...
Calling Yices to check sat
Running check sat
Calling Yices to check sat
Running check sat
[08:36:38.980] Proof succeeded! mbedtls_ssl_tls13_handshake_server_step
[08:36:38.980] Handshake null?:1 -State: MBEDTLS_SSL_SERVER_FINISHED -EDS:MBEDTLS_SSL_EARLY_DATA_STATE_IDLE
[08:36:42.392] Verifying mbedtls_ssl_tls13_handshake_server_step ...
[08:36:42.398] Simulating mbedtls_ssl_tls13_handshake_server_step ...
[08:36:42.419] Checking proof obligations mbedtls_ssl_tls13_handshake_server_step ...
Calling Yices to check sat
Running check sat
Calling Yices to check sat
Running check sat
[08:36:42.443] Proof succeeded! mbedtls_ssl_tls13_handshake_server_step
[08:36:42.443] Handshake null?:1 -State: MBEDTLS_SSL_SERVER_FINISHED -EDS:MBEDTLS_SSL_EARLY_DATA_STATE_NO_IND_SENT
[08:36:44.788] Verifying mbedtls_ssl_tls13_handshake_server_step ...
[08:36:44.794] Simulating mbedtls_ssl_tls13_handshake_server_step ...
[08:36:44.815] Checking proof obligations mbedtls_ssl_tls13_handshake_server_step ...
Calling Yices to check sat
Running check sat
Calling Yices to check sat
Running check sat
[08:36:44.840] Proof succeeded! mbedtls_ssl_tls13_handshake_server_step
[08:36:44.840] Handshake null?:1 -State: MBEDTLS_SSL_SERVER_FINISHED -EDS:MBEDTLS_SSL_EARLY_DATA_STATE_IND_SENT
[08:36:47.074] Verifying mbedtls_ssl_tls13_handshake_server_step ...
[08:36:47.080] Simulating mbedtls_ssl_tls13_handshake_server_step ...
[08:36:47.099] Checking proof obligations mbedtls_ssl_tls13_handshake_server_step ...
Calling Yices to check sat
Running check sat
Calling Yices to check sat
Running check sat
[08:36:47.122] Proof succeeded! mbedtls_ssl_tls13_handshake_server_step
[08:36:47.122] Handshake null?:1 -State: MBEDTLS_SSL_SERVER_FINISHED -EDS:MBEDTLS_SSL_EARLY_DATA_STATE_CAN_WRITE
[08:36:49.376] Verifying mbedtls_ssl_tls13_handshake_server_step ...
[08:36:49.381] Simulating mbedtls_ssl_tls13_handshake_server_step ...
[08:36:49.403] Checking proof obligations mbedtls_ssl_tls13_handshake_server_step ...
Calling Yices to check sat
Running check sat
Calling Yices to check sat
Running check sat
[08:36:49.427] Proof succeeded! mbedtls_ssl_tls13_handshake_server_step
[08:36:49.427] Handshake null?:1 -State: MBEDTLS_SSL_SERVER_FINISHED -EDS:MBEDTLS_SSL_EARLY_DATA_STATE_ACCEPTED
[08:36:51.694] Verifying mbedtls_ssl_tls13_handshake_server_step ...
[08:36:51.700] Simulating mbedtls_ssl_tls13_handshake_server_step ...
[08:36:51.719] Checking proof obligations mbedtls_ssl_tls13_handshake_server_step ...
Calling Yices to check sat
Running check sat
Calling Yices to check sat
Running check sat
[08:36:51.742] Proof succeeded! mbedtls_ssl_tls13_handshake_server_step
[08:36:51.742] Handshake null?:1 -State: MBEDTLS_SSL_SERVER_FINISHED -EDS:MBEDTLS_SSL_EARLY_DATA_STATE_REJECTED
[08:36:54.004] Verifying mbedtls_ssl_tls13_handshake_server_step ...
[08:36:54.010] Simulating mbedtls_ssl_tls13_handshake_server_step ...
[08:36:54.030] Checking proof obligations mbedtls_ssl_tls13_handshake_server_step ...
Calling Yices to check sat
Running check sat
Calling Yices to check sat
Running check sat
[08:36:54.054] Proof succeeded! mbedtls_ssl_tls13_handshake_server_step
[08:36:54.054] Handshake null?:1 -State: MBEDTLS_SSL_SERVER_FINISHED -EDS:MBEDTLS_SSL_EARLY_DATA_STATE_SERVER_FINISHED_RECEIVED
[08:36:56.392] Verifying mbedtls_ssl_tls13_handshake_server_step ...
[08:36:56.398] Simulating mbedtls_ssl_tls13_handshake_server_step ...
[08:36:56.420] Checking proof obligations mbedtls_ssl_tls13_handshake_server_step ...
Calling Yices to check sat
Running check sat
Calling Yices to check sat
Running check sat
[08:36:56.444] Proof succeeded! mbedtls_ssl_tls13_handshake_server_step
[08:36:56.444] Handshake null?:1 -State: MBEDTLS_SSL_FLUSH_BUFFERS -EDS:MBEDTLS_SSL_EARLY_DATA_STATE_IDLE
[08:36:58.959] Verifying mbedtls_ssl_tls13_handshake_server_step ...
[08:36:58.965] Simulating mbedtls_ssl_tls13_handshake_server_step ...
[08:36:58.979] Checking proof obligations mbedtls_ssl_tls13_handshake_server_step ...
Calling Yices to check sat
Running check sat
Calling Yices to check sat
Running check sat
[08:36:59.000] Proof succeeded! mbedtls_ssl_tls13_handshake_server_step
[08:36:59.000] Handshake null?:1 -State: MBEDTLS_SSL_FLUSH_BUFFERS -EDS:MBEDTLS_SSL_EARLY_DATA_STATE_NO_IND_SENT
[08:37:01.364] Verifying mbedtls_ssl_tls13_handshake_server_step ...
[08:37:01.370] Simulating mbedtls_ssl_tls13_handshake_server_step ...
[08:37:01.385] Checking proof obligations mbedtls_ssl_tls13_handshake_server_step ...
Calling Yices to check sat
Running check sat
Calling Yices to check sat
Running check sat
[08:37:01.409] Proof succeeded! mbedtls_ssl_tls13_handshake_server_step
[08:37:01.409] Handshake null?:1 -State: MBEDTLS_SSL_FLUSH_BUFFERS -EDS:MBEDTLS_SSL_EARLY_DATA_STATE_IND_SENT
[08:37:03.879] Verifying mbedtls_ssl_tls13_handshake_server_step ...
[08:37:03.885] Simulating mbedtls_ssl_tls13_handshake_server_step ...
[08:37:03.898] Checking proof obligations mbedtls_ssl_tls13_handshake_server_step ...
Calling Yices to check sat
Running check sat
Calling Yices to check sat
Running check sat
[08:37:03.919] Proof succeeded! mbedtls_ssl_tls13_handshake_server_step
[08:37:03.919] Handshake null?:1 -State: MBEDTLS_SSL_FLUSH_BUFFERS -EDS:MBEDTLS_SSL_EARLY_DATA_STATE_CAN_WRITE
[08:37:07.354] Verifying mbedtls_ssl_tls13_handshake_server_step ...
[08:37:07.363] Simulating mbedtls_ssl_tls13_handshake_server_step ...
[08:37:07.374] Checking proof obligations mbedtls_ssl_tls13_handshake_server_step ...
Calling Yices to check sat
Running check sat
Calling Yices to check sat
Running check sat
[08:37:07.394] Proof succeeded! mbedtls_ssl_tls13_handshake_server_step
[08:37:07.394] Handshake null?:1 -State: MBEDTLS_SSL_FLUSH_BUFFERS -EDS:MBEDTLS_SSL_EARLY_DATA_STATE_ACCEPTED
[08:37:09.914] Verifying mbedtls_ssl_tls13_handshake_server_step ...
[08:37:09.920] Simulating mbedtls_ssl_tls13_handshake_server_step ...
[08:37:09.935] Checking proof obligations mbedtls_ssl_tls13_handshake_server_step ...
Calling Yices to check sat
Running check sat
Calling Yices to check sat
Running check sat
[08:37:09.958] Proof succeeded! mbedtls_ssl_tls13_handshake_server_step
[08:37:09.959] Handshake null?:1 -State: MBEDTLS_SSL_FLUSH_BUFFERS -EDS:MBEDTLS_SSL_EARLY_DATA_STATE_REJECTED
[08:37:12.489] Verifying mbedtls_ssl_tls13_handshake_server_step ...
[08:37:12.495] Simulating mbedtls_ssl_tls13_handshake_server_step ...
[08:37:12.510] Checking proof obligations mbedtls_ssl_tls13_handshake_server_step ...
Calling Yices to check sat
Running check sat
Calling Yices to check sat
Running check sat
[08:37:12.533] Proof succeeded! mbedtls_ssl_tls13_handshake_server_step
[08:37:12.533] Handshake null?:1 -State: MBEDTLS_SSL_FLUSH_BUFFERS -EDS:MBEDTLS_SSL_EARLY_DATA_STATE_SERVER_FINISHED_RECEIVED
[08:37:15.137] Verifying mbedtls_ssl_tls13_handshake_server_step ...
[08:37:15.143] Simulating mbedtls_ssl_tls13_handshake_server_step ...
[08:37:15.156] Checking proof obligations mbedtls_ssl_tls13_handshake_server_step ...
Calling Yices to check sat
Running check sat
Calling Yices to check sat
Running check sat
[08:37:15.178] Proof succeeded! mbedtls_ssl_tls13_handshake_server_step
[08:37:15.178] Handshake null?:1 -State: MBEDTLS_SSL_HANDSHAKE_WRAPUP -EDS:MBEDTLS_SSL_EARLY_DATA_STATE_IDLE
[08:37:17.606] Verifying mbedtls_ssl_tls13_handshake_server_step ...
[08:37:17.614] Simulating mbedtls_ssl_tls13_handshake_server_step ...
[08:37:17.628] Checking proof obligations mbedtls_ssl_tls13_handshake_server_step ...
Calling Yices to check sat
Running check sat
Calling Yices to check sat
Running check sat
[08:37:17.649] Proof succeeded! mbedtls_ssl_tls13_handshake_server_step
[08:37:17.649] Handshake null?:1 -State: MBEDTLS_SSL_HANDSHAKE_WRAPUP -EDS:MBEDTLS_SSL_EARLY_DATA_STATE_NO_IND_SENT
[08:37:20.054] Verifying mbedtls_ssl_tls13_handshake_server_step ...
[08:37:20.059] Simulating mbedtls_ssl_tls13_handshake_server_step ...
[08:37:20.076] Checking proof obligations mbedtls_ssl_tls13_handshake_server_step ...
Calling Yices to check sat
Running check sat
Calling Yices to check sat
Running check sat
[08:37:20.099] Proof succeeded! mbedtls_ssl_tls13_handshake_server_step
[08:37:20.099] Handshake null?:1 -State: MBEDTLS_SSL_HANDSHAKE_WRAPUP -EDS:MBEDTLS_SSL_EARLY_DATA_STATE_IND_SENT
[08:37:22.477] Verifying mbedtls_ssl_tls13_handshake_server_step ...
[08:37:22.483] Simulating mbedtls_ssl_tls13_handshake_server_step ...
[08:37:22.498] Checking proof obligations mbedtls_ssl_tls13_handshake_server_step ...
Calling Yices to check sat
Running check sat
Calling Yices to check sat
Running check sat
[08:37:22.520] Proof succeeded! mbedtls_ssl_tls13_handshake_server_step
[08:37:22.521] Handshake null?:1 -State: MBEDTLS_SSL_HANDSHAKE_WRAPUP -EDS:MBEDTLS_SSL_EARLY_DATA_STATE_CAN_WRITE
[08:37:24.959] Verifying mbedtls_ssl_tls13_handshake_server_step ...
[08:37:24.965] Simulating mbedtls_ssl_tls13_handshake_server_step ...
[08:37:24.980] Checking proof obligations mbedtls_ssl_tls13_handshake_server_step ...
Calling Yices to check sat
Running check sat
Calling Yices to check sat
Running check sat
[08:37:25.002] Proof succeeded! mbedtls_ssl_tls13_handshake_server_step
[08:37:25.002] Handshake null?:1 -State: MBEDTLS_SSL_HANDSHAKE_WRAPUP -EDS:MBEDTLS_SSL_EARLY_DATA_STATE_ACCEPTED
[08:37:27.361] Verifying mbedtls_ssl_tls13_handshake_server_step ...
[08:37:27.367] Simulating mbedtls_ssl_tls13_handshake_server_step ...
[08:37:27.384] Checking proof obligations mbedtls_ssl_tls13_handshake_server_step ...
Calling Yices to check sat
Running check sat
Calling Yices to check sat
Running check sat
[08:37:27.407] Proof succeeded! mbedtls_ssl_tls13_handshake_server_step
[08:37:27.407] Handshake null?:1 -State: MBEDTLS_SSL_HANDSHAKE_WRAPUP -EDS:MBEDTLS_SSL_EARLY_DATA_STATE_REJECTED
[08:37:31.066] Verifying mbedtls_ssl_tls13_handshake_server_step ...
[08:37:31.074] Simulating mbedtls_ssl_tls13_handshake_server_step ...
[08:37:31.088] Checking proof obligations mbedtls_ssl_tls13_handshake_server_step ...
Calling Yices to check sat
Running check sat
Calling Yices to check sat
Running check sat
[08:37:31.110] Proof succeeded! mbedtls_ssl_tls13_handshake_server_step
[08:37:31.110] Handshake null?:1 -State: MBEDTLS_SSL_HANDSHAKE_WRAPUP -EDS:MBEDTLS_SSL_EARLY_DATA_STATE_SERVER_FINISHED_RECEIVED
[08:37:33.631] Verifying mbedtls_ssl_tls13_handshake_server_step ...
[08:37:33.637] Simulating mbedtls_ssl_tls13_handshake_server_step ...
[08:37:33.655] Checking proof obligations mbedtls_ssl_tls13_handshake_server_step ...
Calling Yices to check sat
Running check sat
Calling Yices to check sat
Running check sat
[08:37:33.679] Proof succeeded! mbedtls_ssl_tls13_handshake_server_step
[08:37:33.679] Handshake null?:1 -State: MBEDTLS_SSL_NEW_SESSION_TICKET -EDS:MBEDTLS_SSL_EARLY_DATA_STATE_IDLE
[08:37:36.087] Verifying mbedtls_ssl_tls13_handshake_server_step ...
[08:37:36.093] Simulating mbedtls_ssl_tls13_handshake_server_step ...
[08:37:36.106] Checking proof obligations mbedtls_ssl_tls13_handshake_server_step ...
Calling Yices to check sat
Running check sat
Calling Yices to check sat
Running check sat
[08:37:36.130] Proof succeeded! mbedtls_ssl_tls13_handshake_server_step
[08:37:36.130] Handshake null?:1 -State: MBEDTLS_SSL_NEW_SESSION_TICKET -EDS:MBEDTLS_SSL_EARLY_DATA_STATE_NO_IND_SENT
[08:37:38.558] Verifying mbedtls_ssl_tls13_handshake_server_step ...
[08:37:38.564] Simulating mbedtls_ssl_tls13_handshake_server_step ...
[08:37:38.577] Checking proof obligations mbedtls_ssl_tls13_handshake_server_step ...
Calling Yices to check sat
Running check sat
Calling Yices to check sat
Running check sat
[08:37:38.598] Proof succeeded! mbedtls_ssl_tls13_handshake_server_step
[08:37:38.598] Handshake null?:1 -State: MBEDTLS_SSL_NEW_SESSION_TICKET -EDS:MBEDTLS_SSL_EARLY_DATA_STATE_IND_SENT
[08:37:41.016] Verifying mbedtls_ssl_tls13_handshake_server_step ...
[08:37:41.022] Simulating mbedtls_ssl_tls13_handshake_server_step ...
[08:37:41.036] Checking proof obligations mbedtls_ssl_tls13_handshake_server_step ...
Calling Yices to check sat
Running check sat
Calling Yices to check sat
Running check sat
[08:37:41.057] Proof succeeded! mbedtls_ssl_tls13_handshake_server_step
[08:37:41.057] Handshake null?:1 -State: MBEDTLS_SSL_NEW_SESSION_TICKET -EDS:MBEDTLS_SSL_EARLY_DATA_STATE_CAN_WRITE
[08:37:43.441] Verifying mbedtls_ssl_tls13_handshake_server_step ...
[08:37:43.446] Simulating mbedtls_ssl_tls13_handshake_server_step ...
[08:37:43.462] Checking proof obligations mbedtls_ssl_tls13_handshake_server_step ...
Calling Yices to check sat
Running check sat
Calling Yices to check sat
Running check sat
[08:37:43.485] Proof succeeded! mbedtls_ssl_tls13_handshake_server_step
[08:37:43.485] Handshake null?:1 -State: MBEDTLS_SSL_NEW_SESSION_TICKET -EDS:MBEDTLS_SSL_EARLY_DATA_STATE_ACCEPTED
[08:37:45.919] Verifying mbedtls_ssl_tls13_handshake_server_step ...
[08:37:45.925] Simulating mbedtls_ssl_tls13_handshake_server_step ...
[08:37:45.938] Checking proof obligations mbedtls_ssl_tls13_handshake_server_step ...
Calling Yices to check sat
Running check sat
Calling Yices to check sat
Running check sat
[08:37:45.960] Proof succeeded! mbedtls_ssl_tls13_handshake_server_step
[08:37:45.960] Handshake null?:1 -State: MBEDTLS_SSL_NEW_SESSION_TICKET -EDS:MBEDTLS_SSL_EARLY_DATA_STATE_REJECTED
[08:37:48.356] Verifying mbedtls_ssl_tls13_handshake_server_step ...
[08:37:48.362] Simulating mbedtls_ssl_tls13_handshake_server_step ...
[08:37:48.375] Checking proof obligations mbedtls_ssl_tls13_handshake_server_step ...
Calling Yices to check sat
Running check sat
Calling Yices to check sat
Running check sat
[08:37:48.397] Proof succeeded! mbedtls_ssl_tls13_handshake_server_step
[08:37:48.397] Handshake null?:1 -State: MBEDTLS_SSL_NEW_SESSION_TICKET -EDS:MBEDTLS_SSL_EARLY_DATA_STATE_SERVER_FINISHED_RECEIVED
[08:37:50.825] Verifying mbedtls_ssl_tls13_handshake_server_step ...
[08:37:50.834] Simulating mbedtls_ssl_tls13_handshake_server_step ...
[08:37:50.845] Checking proof obligations mbedtls_ssl_tls13_handshake_server_step ...
Calling Yices to check sat
Running check sat
Calling Yices to check sat
Running check sat
[08:37:50.866] Proof succeeded! mbedtls_ssl_tls13_handshake_server_step
[08:37:50.866] Handshake null?:1 -State: MBEDTLS_SSL_SERVER_HELLO_VERIFY_REQUEST_SENT -EDS:MBEDTLS_SSL_EARLY_DATA_STATE_IDLE
[08:37:54.573] Verifying mbedtls_ssl_tls13_handshake_server_step ...
[08:37:54.579] Simulating mbedtls_ssl_tls13_handshake_server_step ...
[08:37:54.592] Checking proof obligations mbedtls_ssl_tls13_handshake_server_step ...
Calling Yices to check sat
Running check sat
Calling Yices to check sat
Running check sat
[08:37:54.614] Proof succeeded! mbedtls_ssl_tls13_handshake_server_step
[08:37:54.614] Handshake null?:1 -State: MBEDTLS_SSL_SERVER_HELLO_VERIFY_REQUEST_SENT -EDS:MBEDTLS_SSL_EARLY_DATA_STATE_NO_IND_SENT
[08:37:57.015] Verifying mbedtls_ssl_tls13_handshake_server_step ...
[08:37:57.021] Simulating mbedtls_ssl_tls13_handshake_server_step ...
[08:37:57.035] Checking proof obligations mbedtls_ssl_tls13_handshake_server_step ...
Calling Yices to check sat
Running check sat
Calling Yices to check sat
Running check sat
[08:37:57.058] Proof succeeded! mbedtls_ssl_tls13_handshake_server_step
[08:37:57.058] Handshake null?:1 -State: MBEDTLS_SSL_SERVER_HELLO_VERIFY_REQUEST_SENT -EDS:MBEDTLS_SSL_EARLY_DATA_STATE_IND_SENT
[08:37:59.451] Verifying mbedtls_ssl_tls13_handshake_server_step ...
[08:37:59.457] Simulating mbedtls_ssl_tls13_handshake_server_step ...
[08:37:59.469] Checking proof obligations mbedtls_ssl_tls13_handshake_server_step ...
Calling Yices to check sat
Running check sat
Calling Yices to check sat
Running check sat
[08:37:59.491] Proof succeeded! mbedtls_ssl_tls13_handshake_server_step
[08:37:59.491] Handshake null?:1 -State: MBEDTLS_SSL_SERVER_HELLO_VERIFY_REQUEST_SENT -EDS:MBEDTLS_SSL_EARLY_DATA_STATE_CAN_WRITE
[08:38:01.903] Verifying mbedtls_ssl_tls13_handshake_server_step ...
[08:38:01.914] Simulating mbedtls_ssl_tls13_handshake_server_step ...
[08:38:01.926] Checking proof obligations mbedtls_ssl_tls13_handshake_server_step ...
Calling Yices to check sat
Running check sat
Calling Yices to check sat
Running check sat
[08:38:01.947] Proof succeeded! mbedtls_ssl_tls13_handshake_server_step
[08:38:01.947] Handshake null?:1 -State: MBEDTLS_SSL_SERVER_HELLO_VERIFY_REQUEST_SENT -EDS:MBEDTLS_SSL_EARLY_DATA_STATE_ACCEPTED
[08:38:04.358] Verifying mbedtls_ssl_tls13_handshake_server_step ...
[08:38:04.364] Simulating mbedtls_ssl_tls13_handshake_server_step ...
[08:38:04.378] Checking proof obligations mbedtls_ssl_tls13_handshake_server_step ...
Calling Yices to check sat
Running check sat
Calling Yices to check sat
Running check sat
[08:38:04.401] Proof succeeded! mbedtls_ssl_tls13_handshake_server_step
[08:38:04.401] Handshake null?:1 -State: MBEDTLS_SSL_SERVER_HELLO_VERIFY_REQUEST_SENT -EDS:MBEDTLS_SSL_EARLY_DATA_STATE_REJECTED
[08:38:06.842] Verifying mbedtls_ssl_tls13_handshake_server_step ...
[08:38:06.851] Simulating mbedtls_ssl_tls13_handshake_server_step ...
[08:38:06.863] Checking proof obligations mbedtls_ssl_tls13_handshake_server_step ...
Calling Yices to check sat
Running check sat
Calling Yices to check sat
Running check sat
[08:38:06.884] Proof succeeded! mbedtls_ssl_tls13_handshake_server_step
[08:38:06.884] Handshake null?:1 -State: MBEDTLS_SSL_SERVER_HELLO_VERIFY_REQUEST_SENT -EDS:MBEDTLS_SSL_EARLY_DATA_STATE_SERVER_FINISHED_RECEIVED
[08:38:09.316] Verifying mbedtls_ssl_tls13_handshake_server_step ...
[08:38:09.322] Simulating mbedtls_ssl_tls13_handshake_server_step ...
[08:38:09.337] Checking proof obligations mbedtls_ssl_tls13_handshake_server_step ...
Calling Yices to check sat
Running check sat
Calling Yices to check sat
Running check sat
[08:38:09.361] Proof succeeded! mbedtls_ssl_tls13_handshake_server_step
[08:38:09.361] Handshake null?:1 -State: MBEDTLS_SSL_HELLO_RETRY_REQUEST -EDS:MBEDTLS_SSL_EARLY_DATA_STATE_IDLE
[08:38:11.691] Verifying mbedtls_ssl_tls13_handshake_server_step ...
[08:38:11.697] Simulating mbedtls_ssl_tls13_handshake_server_step ...
[08:38:11.713] Checking proof obligations mbedtls_ssl_tls13_handshake_server_step ...
Calling Yices to check sat
Running check sat
Calling Yices to check sat
Running check sat
[08:38:11.736] Proof succeeded! mbedtls_ssl_tls13_handshake_server_step
[08:38:11.736] Handshake null?:1 -State: MBEDTLS_SSL_HELLO_RETRY_REQUEST -EDS:MBEDTLS_SSL_EARLY_DATA_STATE_NO_IND_SENT
[08:38:14.203] Verifying mbedtls_ssl_tls13_handshake_server_step ...
[08:38:14.209] Simulating mbedtls_ssl_tls13_handshake_server_step ...
[08:38:14.225] Checking proof obligations mbedtls_ssl_tls13_handshake_server_step ...
Calling Yices to check sat
Running check sat
Calling Yices to check sat
Running check sat
[08:38:14.248] Proof succeeded! mbedtls_ssl_tls13_handshake_server_step
[08:38:14.248] Handshake null?:1 -State: MBEDTLS_SSL_HELLO_RETRY_REQUEST -EDS:MBEDTLS_SSL_EARLY_DATA_STATE_IND_SENT
[08:38:17.948] Verifying mbedtls_ssl_tls13_handshake_server_step ...
[08:38:17.954] Simulating mbedtls_ssl_tls13_handshake_server_step ...
[08:38:17.969] Checking proof obligations mbedtls_ssl_tls13_handshake_server_step ...
Calling Yices to check sat
Running check sat
Calling Yices to check sat
Running check sat
[08:38:17.993] Proof succeeded! mbedtls_ssl_tls13_handshake_server_step
[08:38:17.993] Handshake null?:1 -State: MBEDTLS_SSL_HELLO_RETRY_REQUEST -EDS:MBEDTLS_SSL_EARLY_DATA_STATE_CAN_WRITE
[08:38:20.423] Verifying mbedtls_ssl_tls13_handshake_server_step ...
[08:38:20.429] Simulating mbedtls_ssl_tls13_handshake_server_step ...
[08:38:20.447] Checking proof obligations mbedtls_ssl_tls13_handshake_server_step ...
Calling Yices to check sat
Running check sat
Calling Yices to check sat
Running check sat
[08:38:20.471] Proof succeeded! mbedtls_ssl_tls13_handshake_server_step
[08:38:20.471] Handshake null?:1 -State: MBEDTLS_SSL_HELLO_RETRY_REQUEST -EDS:MBEDTLS_SSL_EARLY_DATA_STATE_ACCEPTED
[08:38:22.885] Verifying mbedtls_ssl_tls13_handshake_server_step ...
[08:38:22.891] Simulating mbedtls_ssl_tls13_handshake_server_step ...
[08:38:22.909] Checking proof obligations mbedtls_ssl_tls13_handshake_server_step ...
Calling Yices to check sat
Running check sat
Calling Yices to check sat
Running check sat
[08:38:22.935] Proof succeeded! mbedtls_ssl_tls13_handshake_server_step
[08:38:22.935] Handshake null?:1 -State: MBEDTLS_SSL_HELLO_RETRY_REQUEST -EDS:MBEDTLS_SSL_EARLY_DATA_STATE_REJECTED
[08:38:25.362] Verifying mbedtls_ssl_tls13_handshake_server_step ...
[08:38:25.372] Simulating mbedtls_ssl_tls13_handshake_server_step ...
[08:38:25.388] Checking proof obligations mbedtls_ssl_tls13_handshake_server_step ...
Calling Yices to check sat
Running check sat
Calling Yices to check sat
Running check sat
[08:38:25.411] Proof succeeded! mbedtls_ssl_tls13_handshake_server_step
[08:38:25.411] Handshake null?:1 -State: MBEDTLS_SSL_HELLO_RETRY_REQUEST -EDS:MBEDTLS_SSL_EARLY_DATA_STATE_SERVER_FINISHED_RECEIVED
[08:38:27.817] Verifying mbedtls_ssl_tls13_handshake_server_step ...
[08:38:27.822] Simulating mbedtls_ssl_tls13_handshake_server_step ...
[08:38:27.842] Checking proof obligations mbedtls_ssl_tls13_handshake_server_step ...
Calling Yices to check sat
Running check sat
Calling Yices to check sat
Running check sat
[08:38:27.867] Proof succeeded! mbedtls_ssl_tls13_handshake_server_step
[08:38:27.867] Handshake null?:1 -State: MBEDTLS_SSL_ENCRYPTED_EXTENSIONS -EDS:MBEDTLS_SSL_EARLY_DATA_STATE_IDLE
[08:38:30.500] Verifying mbedtls_ssl_tls13_handshake_server_step ...
[08:38:30.509] Simulating mbedtls_ssl_tls13_handshake_server_step ...
[08:38:30.525] Checking proof obligations mbedtls_ssl_tls13_handshake_server_step ...
Calling Yices to check sat
Running check sat
Calling Yices to check sat
Running check sat
[08:38:30.548] Proof succeeded! mbedtls_ssl_tls13_handshake_server_step
[08:38:30.549] Handshake null?:1 -State: MBEDTLS_SSL_ENCRYPTED_EXTENSIONS -EDS:MBEDTLS_SSL_EARLY_DATA_STATE_NO_IND_SENT
[08:38:33.090] Verifying mbedtls_ssl_tls13_handshake_server_step ...
[08:38:33.100] Simulating mbedtls_ssl_tls13_handshake_server_step ...
[08:38:33.116] Checking proof obligations mbedtls_ssl_tls13_handshake_server_step ...
Calling Yices to check sat
Running check sat
Calling Yices to check sat
Running check sat
[08:38:33.140] Proof succeeded! mbedtls_ssl_tls13_handshake_server_step
[08:38:33.140] Handshake null?:1 -State: MBEDTLS_SSL_ENCRYPTED_EXTENSIONS -EDS:MBEDTLS_SSL_EARLY_DATA_STATE_IND_SENT
[08:38:35.632] Verifying mbedtls_ssl_tls13_handshake_server_step ...
[08:38:35.638] Simulating mbedtls_ssl_tls13_handshake_server_step ...
[08:38:35.658] Checking proof obligations mbedtls_ssl_tls13_handshake_server_step ...
Calling Yices to check sat
Running check sat
Calling Yices to check sat
Running check sat
[08:38:35.683] Proof succeeded! mbedtls_ssl_tls13_handshake_server_step
[08:38:35.683] Handshake null?:1 -State: MBEDTLS_SSL_ENCRYPTED_EXTENSIONS -EDS:MBEDTLS_SSL_EARLY_DATA_STATE_CAN_WRITE
[08:38:38.062] Verifying mbedtls_ssl_tls13_handshake_server_step ...
[08:38:38.068] Simulating mbedtls_ssl_tls13_handshake_server_step ...
[08:38:38.087] Checking proof obligations mbedtls_ssl_tls13_handshake_server_step ...
Calling Yices to check sat
Running check sat
Calling Yices to check sat
Running check sat
[08:38:38.112] Proof succeeded! mbedtls_ssl_tls13_handshake_server_step
[08:38:38.112] Handshake null?:1 -State: MBEDTLS_SSL_ENCRYPTED_EXTENSIONS -EDS:MBEDTLS_SSL_EARLY_DATA_STATE_ACCEPTED
[08:38:41.999] Verifying mbedtls_ssl_tls13_handshake_server_step ...
[08:38:42.009] Simulating mbedtls_ssl_tls13_handshake_server_step ...
[08:38:42.026] Checking proof obligations mbedtls_ssl_tls13_handshake_server_step ...
Calling Yices to check sat
Running check sat
Calling Yices to check sat
Running check sat
[08:38:42.050] Proof succeeded! mbedtls_ssl_tls13_handshake_server_step
[08:38:42.051] Handshake null?:1 -State: MBEDTLS_SSL_ENCRYPTED_EXTENSIONS -EDS:MBEDTLS_SSL_EARLY_DATA_STATE_REJECTED
[08:38:44.472] Verifying mbedtls_ssl_tls13_handshake_server_step ...
[08:38:44.478] Simulating mbedtls_ssl_tls13_handshake_server_step ...
[08:38:44.497] Checking proof obligations mbedtls_ssl_tls13_handshake_server_step ...
Calling Yices to check sat
Running check sat
Calling Yices to check sat
Running check sat
[08:38:44.522] Proof succeeded! mbedtls_ssl_tls13_handshake_server_step
[08:38:44.522] Handshake null?:1 -State: MBEDTLS_SSL_ENCRYPTED_EXTENSIONS -EDS:MBEDTLS_SSL_EARLY_DATA_STATE_SERVER_FINISHED_RECEIVED
[08:38:46.975] Verifying mbedtls_ssl_tls13_handshake_server_step ...
[08:38:46.986] Simulating mbedtls_ssl_tls13_handshake_server_step ...
[08:38:47.002] Checking proof obligations mbedtls_ssl_tls13_handshake_server_step ...
Calling Yices to check sat
Running check sat
Calling Yices to check sat
Running check sat
[08:38:47.027] Proof succeeded! mbedtls_ssl_tls13_handshake_server_step
[08:38:47.027] Handshake null?:1 -State: MBEDTLS_SSL_END_OF_EARLY_DATA -EDS:MBEDTLS_SSL_EARLY_DATA_STATE_IDLE
[08:38:49.418] Verifying mbedtls_ssl_tls13_handshake_server_step ...
[08:38:49.424] Simulating mbedtls_ssl_tls13_handshake_server_step ...
[08:38:49.441] Checking proof obligations mbedtls_ssl_tls13_handshake_server_step ...
Calling Yices to check sat
Running check sat
Calling Yices to check sat
Running check sat
[08:38:49.464] Proof succeeded! mbedtls_ssl_tls13_handshake_server_step
[08:38:49.464] Handshake null?:1 -State: MBEDTLS_SSL_END_OF_EARLY_DATA -EDS:MBEDTLS_SSL_EARLY_DATA_STATE_NO_IND_SENT
[08:38:51.930] Verifying mbedtls_ssl_tls13_handshake_server_step ...
[08:38:51.935] Simulating mbedtls_ssl_tls13_handshake_server_step ...
[08:38:51.956] Checking proof obligations mbedtls_ssl_tls13_handshake_server_step ...
Calling Yices to check sat
Running check sat
Calling Yices to check sat
Running check sat
[08:38:51.980] Proof succeeded! mbedtls_ssl_tls13_handshake_server_step
[08:38:51.980] Handshake null?:1 -State: MBEDTLS_SSL_END_OF_EARLY_DATA -EDS:MBEDTLS_SSL_EARLY_DATA_STATE_IND_SENT
[08:38:54.514] Verifying mbedtls_ssl_tls13_handshake_server_step ...
[08:38:54.519] Simulating mbedtls_ssl_tls13_handshake_server_step ...
[08:38:54.536] Checking proof obligations mbedtls_ssl_tls13_handshake_server_step ...
Calling Yices to check sat
Running check sat
Calling Yices to check sat
Running check sat
[08:38:54.559] Proof succeeded! mbedtls_ssl_tls13_handshake_server_step
[08:38:54.559] Handshake null?:1 -State: MBEDTLS_SSL_END_OF_EARLY_DATA -EDS:MBEDTLS_SSL_EARLY_DATA_STATE_CAN_WRITE
[08:38:56.971] Verifying mbedtls_ssl_tls13_handshake_server_step ...
[08:38:56.980] Simulating mbedtls_ssl_tls13_handshake_server_step ...
[08:38:56.996] Checking proof obligations mbedtls_ssl_tls13_handshake_server_step ...
Calling Yices to check sat
Running check sat
Calling Yices to check sat
Running check sat
[08:38:57.020] Proof succeeded! mbedtls_ssl_tls13_handshake_server_step
[08:38:57.020] Handshake null?:1 -State: MBEDTLS_SSL_END_OF_EARLY_DATA -EDS:MBEDTLS_SSL_EARLY_DATA_STATE_ACCEPTED
[08:38:59.512] Verifying mbedtls_ssl_tls13_handshake_server_step ...
[08:38:59.522] Simulating mbedtls_ssl_tls13_handshake_server_step ...
[08:38:59.538] Checking proof obligations mbedtls_ssl_tls13_handshake_server_step ...
Calling Yices to check sat
Running check sat
Calling Yices to check sat
Running check sat
[08:38:59.561] Proof succeeded! mbedtls_ssl_tls13_handshake_server_step
[08:38:59.561] Handshake null?:1 -State: MBEDTLS_SSL_END_OF_EARLY_DATA -EDS:MBEDTLS_SSL_EARLY_DATA_STATE_REJECTED
[08:39:02.057] Verifying mbedtls_ssl_tls13_handshake_server_step ...
[08:39:02.062] Simulating mbedtls_ssl_tls13_handshake_server_step ...
[08:39:02.079] Checking proof obligations mbedtls_ssl_tls13_handshake_server_step ...
Calling Yices to check sat
Running check sat
Calling Yices to check sat
Running check sat
[08:39:02.102] Proof succeeded! mbedtls_ssl_tls13_handshake_server_step
[08:39:02.102] Handshake null?:1 -State: MBEDTLS_SSL_END_OF_EARLY_DATA -EDS:MBEDTLS_SSL_EARLY_DATA_STATE_SERVER_FINISHED_RECEIVED
[08:39:05.969] Verifying mbedtls_ssl_tls13_handshake_server_step ...
[08:39:05.975] Simulating mbedtls_ssl_tls13_handshake_server_step ...
[08:39:05.994] Checking proof obligations mbedtls_ssl_tls13_handshake_server_step ...
Calling Yices to check sat
Running check sat
Calling Yices to check sat
Running check sat
[08:39:06.018] Proof succeeded! mbedtls_ssl_tls13_handshake_server_step
[08:39:06.018] Handshake null?:1 -State: MBEDTLS_SSL_CLIENT_CERTIFICATE_VERIFY -EDS:MBEDTLS_SSL_EARLY_DATA_STATE_IDLE
[08:39:08.563] Verifying mbedtls_ssl_tls13_handshake_server_step ...
[08:39:08.569] Simulating mbedtls_ssl_tls13_handshake_server_step ...
[08:39:08.587] Checking proof obligations mbedtls_ssl_tls13_handshake_server_step ...
Calling Yices to check sat
Running check sat
Calling Yices to check sat
Running check sat
[08:39:08.613] Proof succeeded! mbedtls_ssl_tls13_handshake_server_step
[08:39:08.613] Handshake null?:1 -State: MBEDTLS_SSL_CLIENT_CERTIFICATE_VERIFY -EDS:MBEDTLS_SSL_EARLY_DATA_STATE_NO_IND_SENT
[08:39:11.133] Verifying mbedtls_ssl_tls13_handshake_server_step ...
[08:39:11.139] Simulating mbedtls_ssl_tls13_handshake_server_step ...
[08:39:11.156] Checking proof obligations mbedtls_ssl_tls13_handshake_server_step ...
Calling Yices to check sat
Running check sat
Calling Yices to check sat
Running check sat
[08:39:11.182] Proof succeeded! mbedtls_ssl_tls13_handshake_server_step
[08:39:11.182] Handshake null?:1 -State: MBEDTLS_SSL_CLIENT_CERTIFICATE_VERIFY -EDS:MBEDTLS_SSL_EARLY_DATA_STATE_IND_SENT
[08:39:13.620] Verifying mbedtls_ssl_tls13_handshake_server_step ...
[08:39:13.626] Simulating mbedtls_ssl_tls13_handshake_server_step ...
[08:39:13.644] Checking proof obligations mbedtls_ssl_tls13_handshake_server_step ...
Calling Yices to check sat
Running check sat
Calling Yices to check sat
Running check sat
[08:39:13.670] Proof succeeded! mbedtls_ssl_tls13_handshake_server_step
[08:39:13.670] Handshake null?:1 -State: MBEDTLS_SSL_CLIENT_CERTIFICATE_VERIFY -EDS:MBEDTLS_SSL_EARLY_DATA_STATE_CAN_WRITE
[08:39:16.149] Verifying mbedtls_ssl_tls13_handshake_server_step ...
[08:39:16.155] Simulating mbedtls_ssl_tls13_handshake_server_step ...
[08:39:16.172] Checking proof obligations mbedtls_ssl_tls13_handshake_server_step ...
Calling Yices to check sat
Running check sat
Calling Yices to check sat
Running check sat
[08:39:16.196] Proof succeeded! mbedtls_ssl_tls13_handshake_server_step
[08:39:16.196] Handshake null?:1 -State: MBEDTLS_SSL_CLIENT_CERTIFICATE_VERIFY -EDS:MBEDTLS_SSL_EARLY_DATA_STATE_ACCEPTED
[08:39:18.802] Verifying mbedtls_ssl_tls13_handshake_server_step ...
[08:39:18.808] Simulating mbedtls_ssl_tls13_handshake_server_step ...
[08:39:18.824] Checking proof obligations mbedtls_ssl_tls13_handshake_server_step ...
Calling Yices to check sat
Running check sat
Calling Yices to check sat
Running check sat
[08:39:18.849] Proof succeeded! mbedtls_ssl_tls13_handshake_server_step
[08:39:18.849] Handshake null?:1 -State: MBEDTLS_SSL_CLIENT_CERTIFICATE_VERIFY -EDS:MBEDTLS_SSL_EARLY_DATA_STATE_REJECTED
[08:39:21.317] Verifying mbedtls_ssl_tls13_handshake_server_step ...
[08:39:21.323] Simulating mbedtls_ssl_tls13_handshake_server_step ...
[08:39:21.343] Checking proof obligations mbedtls_ssl_tls13_handshake_server_step ...
Calling Yices to check sat
Running check sat
Calling Yices to check sat
Running check sat
[08:39:21.368] Proof succeeded! mbedtls_ssl_tls13_handshake_server_step
[08:39:21.368] Handshake null?:1 -State: MBEDTLS_SSL_CLIENT_CERTIFICATE_VERIFY -EDS:MBEDTLS_SSL_EARLY_DATA_STATE_SERVER_FINISHED_RECEIVED
[08:39:23.941] Verifying mbedtls_ssl_tls13_handshake_server_step ...
[08:39:23.947] Simulating mbedtls_ssl_tls13_handshake_server_step ...
[08:39:23.966] Checking proof obligations mbedtls_ssl_tls13_handshake_server_step ...
Calling Yices to check sat
Running check sat
Calling Yices to check sat
Running check sat
[08:39:23.992] Proof succeeded! mbedtls_ssl_tls13_handshake_server_step
[08:39:23.992] Handshake null?:1 -State: MBEDTLS_SSL_CLIENT_CCS_AFTER_SERVER_FINISHED -EDS:MBEDTLS_SSL_EARLY_DATA_STATE_IDLE
[08:39:26.575] Verifying mbedtls_ssl_tls13_handshake_server_step ...
[08:39:26.584] Simulating mbedtls_ssl_tls13_handshake_server_step ...
[08:39:26.595] Checking proof obligations mbedtls_ssl_tls13_handshake_server_step ...
Calling Yices to check sat
Running check sat
Calling Yices to check sat
Running check sat
[08:39:26.616] Proof succeeded! mbedtls_ssl_tls13_handshake_server_step
[08:39:26.616] Handshake null?:1 -State: MBEDTLS_SSL_CLIENT_CCS_AFTER_SERVER_FINISHED -EDS:MBEDTLS_SSL_EARLY_DATA_STATE_NO_IND_SENT
[08:39:30.520] Verifying mbedtls_ssl_tls13_handshake_server_step ...
[08:39:30.526] Simulating mbedtls_ssl_tls13_handshake_server_step ...
[08:39:30.539] Checking proof obligations mbedtls_ssl_tls13_handshake_server_step ...
Calling Yices to check sat
Running check sat
Calling Yices to check sat
Running check sat
[08:39:30.561] Proof succeeded! mbedtls_ssl_tls13_handshake_server_step
[08:39:30.561] Handshake null?:1 -State: MBEDTLS_SSL_CLIENT_CCS_AFTER_SERVER_FINISHED -EDS:MBEDTLS_SSL_EARLY_DATA_STATE_IND_SENT
[08:39:33.074] Verifying mbedtls_ssl_tls13_handshake_server_step ...
[08:39:33.084] Simulating mbedtls_ssl_tls13_handshake_server_step ...
[08:39:33.095] Checking proof obligations mbedtls_ssl_tls13_handshake_server_step ...
Calling Yices to check sat
Running check sat
Calling Yices to check sat
Running check sat
[08:39:33.116] Proof succeeded! mbedtls_ssl_tls13_handshake_server_step
[08:39:33.116] Handshake null?:1 -State: MBEDTLS_SSL_CLIENT_CCS_AFTER_SERVER_FINISHED -EDS:MBEDTLS_SSL_EARLY_DATA_STATE_CAN_WRITE
[08:39:35.675] Verifying mbedtls_ssl_tls13_handshake_server_step ...
[08:39:35.685] Simulating mbedtls_ssl_tls13_handshake_server_step ...
[08:39:35.696] Checking proof obligations mbedtls_ssl_tls13_handshake_server_step ...
Calling Yices to check sat
Running check sat
Calling Yices to check sat
Running check sat
[08:39:35.718] Proof succeeded! mbedtls_ssl_tls13_handshake_server_step
[08:39:35.718] Handshake null?:1 -State: MBEDTLS_SSL_CLIENT_CCS_AFTER_SERVER_FINISHED -EDS:MBEDTLS_SSL_EARLY_DATA_STATE_ACCEPTED
[08:39:38.185] Verifying mbedtls_ssl_tls13_handshake_server_step ...
[08:39:38.190] Simulating mbedtls_ssl_tls13_handshake_server_step ...
[08:39:38.203] Checking proof obligations mbedtls_ssl_tls13_handshake_server_step ...
Calling Yices to check sat
Running check sat
Calling Yices to check sat
Running check sat
[08:39:38.224] Proof succeeded! mbedtls_ssl_tls13_handshake_server_step
[08:39:38.224] Handshake null?:1 -State: MBEDTLS_SSL_CLIENT_CCS_AFTER_SERVER_FINISHED -EDS:MBEDTLS_SSL_EARLY_DATA_STATE_REJECTED
[08:39:40.677] Verifying mbedtls_ssl_tls13_handshake_server_step ...
[08:39:40.683] Simulating mbedtls_ssl_tls13_handshake_server_step ...
[08:39:40.697] Checking proof obligations mbedtls_ssl_tls13_handshake_server_step ...
Calling Yices to check sat
Running check sat
Calling Yices to check sat
Running check sat
[08:39:40.719] Proof succeeded! mbedtls_ssl_tls13_handshake_server_step
[08:39:40.719] Handshake null?:1 -State: MBEDTLS_SSL_CLIENT_CCS_AFTER_SERVER_FINISHED -EDS:MBEDTLS_SSL_EARLY_DATA_STATE_SERVER_FINISHED_RECEIVED
[08:39:43.237] Verifying mbedtls_ssl_tls13_handshake_server_step ...
[08:39:43.246] Simulating mbedtls_ssl_tls13_handshake_server_step ...
[08:39:43.257] Checking proof obligations mbedtls_ssl_tls13_handshake_server_step ...
Calling Yices to check sat
Running check sat
Calling Yices to check sat
Running check sat
[08:39:43.277] Proof succeeded! mbedtls_ssl_tls13_handshake_server_step
[08:39:43.277] Handshake null?:1 -State: MBEDTLS_SSL_CLIENT_CCS_BEFORE_2ND_CLIENT_HELLO -EDS:MBEDTLS_SSL_EARLY_DATA_STATE_IDLE
[08:39:45.837] Verifying mbedtls_ssl_tls13_handshake_server_step ...
[08:39:45.843] Simulating mbedtls_ssl_tls13_handshake_server_step ...
[08:39:45.855] Checking proof obligations mbedtls_ssl_tls13_handshake_server_step ...
Calling Yices to check sat
Running check sat
Calling Yices to check sat
Running check sat
[08:39:45.877] Proof succeeded! mbedtls_ssl_tls13_handshake_server_step
[08:39:45.877] Handshake null?:1 -State: MBEDTLS_SSL_CLIENT_CCS_BEFORE_2ND_CLIENT_HELLO -EDS:MBEDTLS_SSL_EARLY_DATA_STATE_NO_IND_SENT
[08:39:48.392] Verifying mbedtls_ssl_tls13_handshake_server_step ...
[08:39:48.402] Simulating mbedtls_ssl_tls13_handshake_server_step ...
[08:39:48.414] Checking proof obligations mbedtls_ssl_tls13_handshake_server_step ...
Calling Yices to check sat
Running check sat
Calling Yices to check sat
Running check sat
[08:39:48.437] Proof succeeded! mbedtls_ssl_tls13_handshake_server_step
[08:39:48.437] Handshake null?:1 -State: MBEDTLS_SSL_CLIENT_CCS_BEFORE_2ND_CLIENT_HELLO -EDS:MBEDTLS_SSL_EARLY_DATA_STATE_IND_SENT
[08:39:50.957] Verifying mbedtls_ssl_tls13_handshake_server_step ...
[08:39:50.962] Simulating mbedtls_ssl_tls13_handshake_server_step ...
[08:39:50.976] Checking proof obligations mbedtls_ssl_tls13_handshake_server_step ...
Calling Yices to check sat
Running check sat
Calling Yices to check sat
Running check sat
[08:39:50.998] Proof succeeded! mbedtls_ssl_tls13_handshake_server_step
[08:39:50.998] Handshake null?:1 -State: MBEDTLS_SSL_CLIENT_CCS_BEFORE_2ND_CLIENT_HELLO -EDS:MBEDTLS_SSL_EARLY_DATA_STATE_CAN_WRITE
[08:39:55.017] Verifying mbedtls_ssl_tls13_handshake_server_step ...
[08:39:55.022] Simulating mbedtls_ssl_tls13_handshake_server_step ...
[08:39:55.038] Checking proof obligations mbedtls_ssl_tls13_handshake_server_step ...
Calling Yices to check sat
Running check sat
Calling Yices to check sat
Running check sat
[08:39:55.060] Proof succeeded! mbedtls_ssl_tls13_handshake_server_step
[08:39:55.060] Handshake null?:1 -State: MBEDTLS_SSL_CLIENT_CCS_BEFORE_2ND_CLIENT_HELLO -EDS:MBEDTLS_SSL_EARLY_DATA_STATE_ACCEPTED
[08:39:57.659] Verifying mbedtls_ssl_tls13_handshake_server_step ...
[08:39:57.665] Simulating mbedtls_ssl_tls13_handshake_server_step ...
[08:39:57.678] Checking proof obligations mbedtls_ssl_tls13_handshake_server_step ...
Calling Yices to check sat
Running check sat
Calling Yices to check sat
Running check sat
[08:39:57.700] Proof succeeded! mbedtls_ssl_tls13_handshake_server_step
[08:39:57.700] Handshake null?:1 -State: MBEDTLS_SSL_CLIENT_CCS_BEFORE_2ND_CLIENT_HELLO -EDS:MBEDTLS_SSL_EARLY_DATA_STATE_REJECTED
[08:40:00.209] Verifying mbedtls_ssl_tls13_handshake_server_step ...
[08:40:00.218] Simulating mbedtls_ssl_tls13_handshake_server_step ...
[08:40:00.229] Checking proof obligations mbedtls_ssl_tls13_handshake_server_step ...
Calling Yices to check sat
Running check sat
Calling Yices to check sat
Running check sat
[08:40:00.250] Proof succeeded! mbedtls_ssl_tls13_handshake_server_step
[08:40:00.250] Handshake null?:1 -State: MBEDTLS_SSL_CLIENT_CCS_BEFORE_2ND_CLIENT_HELLO -EDS:MBEDTLS_SSL_EARLY_DATA_STATE_SERVER_FINISHED_RECEIVED
[08:40:02.917] Verifying mbedtls_ssl_tls13_handshake_server_step ...
[08:40:02.922] Simulating mbedtls_ssl_tls13_handshake_server_step ...
[08:40:02.935] Checking proof obligations mbedtls_ssl_tls13_handshake_server_step ...
Calling Yices to check sat
Running check sat
Calling Yices to check sat
Running check sat
[08:40:02.957] Proof succeeded! mbedtls_ssl_tls13_handshake_server_step
[08:40:02.957] Handshake null?:1 -State: MBEDTLS_SSL_SERVER_CCS_AFTER_SERVER_HELLO -EDS:MBEDTLS_SSL_EARLY_DATA_STATE_IDLE
[08:40:05.540] Verifying mbedtls_ssl_tls13_handshake_server_step ...
[08:40:05.546] Simulating mbedtls_ssl_tls13_handshake_server_step ...
[08:40:05.565] Checking proof obligations mbedtls_ssl_tls13_handshake_server_step ...
Calling Yices to check sat
Running check sat
Calling Yices to check sat
Running check sat
[08:40:05.593] Proof succeeded! mbedtls_ssl_tls13_handshake_server_step
[08:40:05.593] Handshake null?:1 -State: MBEDTLS_SSL_SERVER_CCS_AFTER_SERVER_HELLO -EDS:MBEDTLS_SSL_EARLY_DATA_STATE_NO_IND_SENT
[08:40:08.287] Verifying mbedtls_ssl_tls13_handshake_server_step ...
[08:40:08.293] Simulating mbedtls_ssl_tls13_handshake_server_step ...
[08:40:08.310] Checking proof obligations mbedtls_ssl_tls13_handshake_server_step ...
Calling Yices to check sat
Running check sat
Calling Yices to check sat
Running check sat
[08:40:08.336] Proof succeeded! mbedtls_ssl_tls13_handshake_server_step
[08:40:08.336] Handshake null?:1 -State: MBEDTLS_SSL_SERVER_CCS_AFTER_SERVER_HELLO -EDS:MBEDTLS_SSL_EARLY_DATA_STATE_IND_SENT
[08:40:10.914] Verifying mbedtls_ssl_tls13_handshake_server_step ...
[08:40:10.920] Simulating mbedtls_ssl_tls13_handshake_server_step ...
[08:40:10.937] Checking proof obligations mbedtls_ssl_tls13_handshake_server_step ...
Calling Yices to check sat
Running check sat
Calling Yices to check sat
Running check sat
[08:40:10.961] Proof succeeded! mbedtls_ssl_tls13_handshake_server_step
[08:40:10.962] Handshake null?:1 -State: MBEDTLS_SSL_SERVER_CCS_AFTER_SERVER_HELLO -EDS:MBEDTLS_SSL_EARLY_DATA_STATE_CAN_WRITE
[08:40:13.451] Verifying mbedtls_ssl_tls13_handshake_server_step ...
[08:40:13.460] Simulating mbedtls_ssl_tls13_handshake_server_step ...
[08:40:13.475] Checking proof obligations mbedtls_ssl_tls13_handshake_server_step ...
Calling Yices to check sat
Running check sat
Calling Yices to check sat
Running check sat
[08:40:13.499] Proof succeeded! mbedtls_ssl_tls13_handshake_server_step
[08:40:13.499] Handshake null?:1 -State: MBEDTLS_SSL_SERVER_CCS_AFTER_SERVER_HELLO -EDS:MBEDTLS_SSL_EARLY_DATA_STATE_ACCEPTED
[08:40:15.916] Verifying mbedtls_ssl_tls13_handshake_server_step ...
[08:40:15.922] Simulating mbedtls_ssl_tls13_handshake_server_step ...
[08:40:15.940] Checking proof obligations mbedtls_ssl_tls13_handshake_server_step ...
Calling Yices to check sat
Running check sat
Calling Yices to check sat
Running check sat
[08:40:15.966] Proof succeeded! mbedtls_ssl_tls13_handshake_server_step
[08:40:15.966] Handshake null?:1 -State: MBEDTLS_SSL_SERVER_CCS_AFTER_SERVER_HELLO -EDS:MBEDTLS_SSL_EARLY_DATA_STATE_REJECTED
[08:40:19.982] Verifying mbedtls_ssl_tls13_handshake_server_step ...
[08:40:19.992] Simulating mbedtls_ssl_tls13_handshake_server_step ...
[08:40:20.006] Checking proof obligations mbedtls_ssl_tls13_handshake_server_step ...
Calling Yices to check sat
Running check sat
Calling Yices to check sat
Running check sat
[08:40:20.031] Proof succeeded! mbedtls_ssl_tls13_handshake_server_step
[08:40:20.031] Handshake null?:1 -State: MBEDTLS_SSL_SERVER_CCS_AFTER_SERVER_HELLO -EDS:MBEDTLS_SSL_EARLY_DATA_STATE_SERVER_FINISHED_RECEIVED
[08:40:22.524] Verifying mbedtls_ssl_tls13_handshake_server_step ...
[08:40:22.530] Simulating mbedtls_ssl_tls13_handshake_server_step ...
[08:40:22.546] Checking proof obligations mbedtls_ssl_tls13_handshake_server_step ...
Calling Yices to check sat
Running check sat
Calling Yices to check sat
Running check sat
[08:40:22.572] Proof succeeded! mbedtls_ssl_tls13_handshake_server_step
[08:40:22.572] Handshake null?:1 -State: MBEDTLS_SSL_CLIENT_CCS_AFTER_CLIENT_HELLO -EDS:MBEDTLS_SSL_EARLY_DATA_STATE_IDLE
[08:40:25.122] Verifying mbedtls_ssl_tls13_handshake_server_step ...
[08:40:25.128] Simulating mbedtls_ssl_tls13_handshake_server_step ...
[08:40:25.141] Checking proof obligations mbedtls_ssl_tls13_handshake_server_step ...
Calling Yices to check sat
Running check sat
Calling Yices to check sat
Running check sat
[08:40:25.163] Proof succeeded! mbedtls_ssl_tls13_handshake_server_step
[08:40:25.163] Handshake null?:1 -State: MBEDTLS_SSL_CLIENT_CCS_AFTER_CLIENT_HELLO -EDS:MBEDTLS_SSL_EARLY_DATA_STATE_NO_IND_SENT
[08:40:27.848] Verifying mbedtls_ssl_tls13_handshake_server_step ...
[08:40:27.855] Simulating mbedtls_ssl_tls13_handshake_server_step ...
[08:40:27.869] Checking proof obligations mbedtls_ssl_tls13_handshake_server_step ...
Calling Yices to check sat
Running check sat
Calling Yices to check sat
Running check sat
[08:40:27.892] Proof succeeded! mbedtls_ssl_tls13_handshake_server_step
[08:40:27.892] Handshake null?:1 -State: MBEDTLS_SSL_CLIENT_CCS_AFTER_CLIENT_HELLO -EDS:MBEDTLS_SSL_EARLY_DATA_STATE_IND_SENT
[08:40:30.451] Verifying mbedtls_ssl_tls13_handshake_server_step ...
[08:40:30.457] Simulating mbedtls_ssl_tls13_handshake_server_step ...
[08:40:30.471] Checking proof obligations mbedtls_ssl_tls13_handshake_server_step ...
Calling Yices to check sat
Running check sat
Calling Yices to check sat
Running check sat
[08:40:30.492] Proof succeeded! mbedtls_ssl_tls13_handshake_server_step
[08:40:30.493] Handshake null?:1 -State: MBEDTLS_SSL_CLIENT_CCS_AFTER_CLIENT_HELLO -EDS:MBEDTLS_SSL_EARLY_DATA_STATE_CAN_WRITE
[08:40:33.209] Verifying mbedtls_ssl_tls13_handshake_server_step ...
[08:40:33.214] Simulating mbedtls_ssl_tls13_handshake_server_step ...
[08:40:33.228] Checking proof obligations mbedtls_ssl_tls13_handshake_server_step ...
Calling Yices to check sat
Running check sat
Calling Yices to check sat
Running check sat
[08:40:33.250] Proof succeeded! mbedtls_ssl_tls13_handshake_server_step
[08:40:33.250] Handshake null?:1 -State: MBEDTLS_SSL_CLIENT_CCS_AFTER_CLIENT_HELLO -EDS:MBEDTLS_SSL_EARLY_DATA_STATE_ACCEPTED
[08:40:35.728] Verifying mbedtls_ssl_tls13_handshake_server_step ...
[08:40:35.739] Simulating mbedtls_ssl_tls13_handshake_server_step ...
[08:40:35.750] Checking proof obligations mbedtls_ssl_tls13_handshake_server_step ...
Calling Yices to check sat
Running check sat
Calling Yices to check sat
Running check sat
[08:40:35.771] Proof succeeded! mbedtls_ssl_tls13_handshake_server_step
[08:40:35.771] Handshake null?:1 -State: MBEDTLS_SSL_CLIENT_CCS_AFTER_CLIENT_HELLO -EDS:MBEDTLS_SSL_EARLY_DATA_STATE_REJECTED
[08:40:38.315] Verifying mbedtls_ssl_tls13_handshake_server_step ...
[08:40:38.321] Simulating mbedtls_ssl_tls13_handshake_server_step ...
[08:40:38.334] Checking proof obligations mbedtls_ssl_tls13_handshake_server_step ...
Calling Yices to check sat
Running check sat
Calling Yices to check sat
Running check sat
[08:40:38.355] Proof succeeded! mbedtls_ssl_tls13_handshake_server_step
[08:40:38.356] Handshake null?:1 -State: MBEDTLS_SSL_CLIENT_CCS_AFTER_CLIENT_HELLO -EDS:MBEDTLS_SSL_EARLY_DATA_STATE_SERVER_FINISHED_RECEIVED
[08:40:40.942] Verifying mbedtls_ssl_tls13_handshake_server_step ...
[08:40:40.948] Simulating mbedtls_ssl_tls13_handshake_server_step ...
[08:40:40.963] Checking proof obligations mbedtls_ssl_tls13_handshake_server_step ...
Calling Yices to check sat
Running check sat
Calling Yices to check sat
Running check sat
[08:40:40.984] Proof succeeded! mbedtls_ssl_tls13_handshake_server_step
[08:40:40.985] Handshake null?:1 -State: MBEDTLS_SSL_SERVER_CCS_AFTER_HELLO_RETRY_REQUEST -EDS:MBEDTLS_SSL_EARLY_DATA_STATE_IDLE
[08:40:45.214] Verifying mbedtls_ssl_tls13_handshake_server_step ...
[08:40:45.223] Simulating mbedtls_ssl_tls13_handshake_server_step ...
[08:40:45.238] Checking proof obligations mbedtls_ssl_tls13_handshake_server_step ...
Calling Yices to check sat
Running check sat
Calling Yices to check sat
Running check sat
[08:40:45.264] Proof succeeded! mbedtls_ssl_tls13_handshake_server_step
[08:40:45.264] Handshake null?:1 -State: MBEDTLS_SSL_SERVER_CCS_AFTER_HELLO_RETRY_REQUEST -EDS:MBEDTLS_SSL_EARLY_DATA_STATE_NO_IND_SENT
[08:40:47.840] Verifying mbedtls_ssl_tls13_handshake_server_step ...
[08:40:47.845] Simulating mbedtls_ssl_tls13_handshake_server_step ...
[08:40:47.863] Checking proof obligations mbedtls_ssl_tls13_handshake_server_step ...
Calling Yices to check sat
Running check sat
Calling Yices to check sat
Running check sat
[08:40:47.888] Proof succeeded! mbedtls_ssl_tls13_handshake_server_step
[08:40:47.888] Handshake null?:1 -State: MBEDTLS_SSL_SERVER_CCS_AFTER_HELLO_RETRY_REQUEST -EDS:MBEDTLS_SSL_EARLY_DATA_STATE_IND_SENT
[08:40:50.677] Verifying mbedtls_ssl_tls13_handshake_server_step ...
[08:40:50.683] Simulating mbedtls_ssl_tls13_handshake_server_step ...
[08:40:50.699] Checking proof obligations mbedtls_ssl_tls13_handshake_server_step ...
Calling Yices to check sat
Running check sat
Calling Yices to check sat
Running check sat
[08:40:50.725] Proof succeeded! mbedtls_ssl_tls13_handshake_server_step
[08:40:50.725] Handshake null?:1 -State: MBEDTLS_SSL_SERVER_CCS_AFTER_HELLO_RETRY_REQUEST -EDS:MBEDTLS_SSL_EARLY_DATA_STATE_CAN_WRITE
[08:40:53.300] Verifying mbedtls_ssl_tls13_handshake_server_step ...
[08:40:53.310] Simulating mbedtls_ssl_tls13_handshake_server_step ...
[08:40:53.324] Checking proof obligations mbedtls_ssl_tls13_handshake_server_step ...
Calling Yices to check sat
Running check sat
Calling Yices to check sat
Running check sat
[08:40:53.349] Proof succeeded! mbedtls_ssl_tls13_handshake_server_step
[08:40:53.349] Handshake null?:1 -State: MBEDTLS_SSL_SERVER_CCS_AFTER_HELLO_RETRY_REQUEST -EDS:MBEDTLS_SSL_EARLY_DATA_STATE_ACCEPTED
[08:40:55.878] Verifying mbedtls_ssl_tls13_handshake_server_step ...
[08:40:55.884] Simulating mbedtls_ssl_tls13_handshake_server_step ...
[08:40:55.903] Checking proof obligations mbedtls_ssl_tls13_handshake_server_step ...
Calling Yices to check sat
Running check sat
Calling Yices to check sat
Running check sat
[08:40:55.930] Proof succeeded! mbedtls_ssl_tls13_handshake_server_step
[08:40:55.930] Handshake null?:1 -State: MBEDTLS_SSL_SERVER_CCS_AFTER_HELLO_RETRY_REQUEST -EDS:MBEDTLS_SSL_EARLY_DATA_STATE_REJECTED
[08:40:58.584] Verifying mbedtls_ssl_tls13_handshake_server_step ...
[08:40:58.592] Simulating mbedtls_ssl_tls13_handshake_server_step ...
[08:40:58.605] Checking proof obligations mbedtls_ssl_tls13_handshake_server_step ...
Calling Yices to check sat
Running check sat
Calling Yices to check sat
Running check sat
[08:40:58.629] Proof succeeded! mbedtls_ssl_tls13_handshake_server_step
[08:40:58.629] Handshake null?:1 -State: MBEDTLS_SSL_SERVER_CCS_AFTER_HELLO_RETRY_REQUEST -EDS:MBEDTLS_SSL_EARLY_DATA_STATE_SERVER_FINISHED_RECEIVED
[08:41:01.178] Verifying mbedtls_ssl_tls13_handshake_server_step ...
[08:41:01.184] Simulating mbedtls_ssl_tls13_handshake_server_step ...
[08:41:01.202] Checking proof obligations mbedtls_ssl_tls13_handshake_server_step ...
Calling Yices to check sat
Running check sat
Calling Yices to check sat
Running check sat
[08:41:01.228] Proof succeeded! mbedtls_ssl_tls13_handshake_server_step
[08:41:01.228] Handshake null?:1 -State: MBEDTLS_SSL_HANDSHAKE_OVER -EDS:MBEDTLS_SSL_EARLY_DATA_STATE_IDLE
[08:41:03.891] Verifying mbedtls_ssl_tls13_handshake_server_step ...
[08:41:03.899] Simulating mbedtls_ssl_tls13_handshake_server_step ...
[08:41:03.911] Checking proof obligations mbedtls_ssl_tls13_handshake_server_step ...
Calling Yices to check sat
Running check sat
Calling Yices to check sat
Running check sat
[08:41:03.931] Proof succeeded! mbedtls_ssl_tls13_handshake_server_step
[08:41:03.931] Handshake null?:1 -State: MBEDTLS_SSL_HANDSHAKE_OVER -EDS:MBEDTLS_SSL_EARLY_DATA_STATE_NO_IND_SENT
[08:41:06.543] Verifying mbedtls_ssl_tls13_handshake_server_step ...
[08:41:06.549] Simulating mbedtls_ssl_tls13_handshake_server_step ...
[08:41:06.564] Checking proof obligations mbedtls_ssl_tls13_handshake_server_step ...
Calling Yices to check sat
Running check sat
Calling Yices to check sat
Running check sat
[08:41:06.585] Proof succeeded! mbedtls_ssl_tls13_handshake_server_step
[08:41:06.585] Handshake null?:1 -State: MBEDTLS_SSL_HANDSHAKE_OVER -EDS:MBEDTLS_SSL_EARLY_DATA_STATE_IND_SENT
[08:41:10.835] Verifying mbedtls_ssl_tls13_handshake_server_step ...
[08:41:10.844] Simulating mbedtls_ssl_tls13_handshake_server_step ...
[08:41:10.854] Checking proof obligations mbedtls_ssl_tls13_handshake_server_step ...
Calling Yices to check sat
Running check sat
Calling Yices to check sat
Running check sat
[08:41:10.873] Proof succeeded! mbedtls_ssl_tls13_handshake_server_step
[08:41:10.873] Handshake null?:1 -State: MBEDTLS_SSL_HANDSHAKE_OVER -EDS:MBEDTLS_SSL_EARLY_DATA_STATE_CAN_WRITE
[08:41:13.552] Verifying mbedtls_ssl_tls13_handshake_server_step ...
[08:41:13.561] Simulating mbedtls_ssl_tls13_handshake_server_step ...
[08:41:13.572] Checking proof obligations mbedtls_ssl_tls13_handshake_server_step ...
Calling Yices to check sat
Running check sat
Calling Yices to check sat
Running check sat
[08:41:13.591] Proof succeeded! mbedtls_ssl_tls13_handshake_server_step
[08:41:13.591] Handshake null?:1 -State: MBEDTLS_SSL_HANDSHAKE_OVER -EDS:MBEDTLS_SSL_EARLY_DATA_STATE_ACCEPTED
[08:41:16.110] Verifying mbedtls_ssl_tls13_handshake_server_step ...
[08:41:16.119] Simulating mbedtls_ssl_tls13_handshake_server_step ...
[08:41:16.130] Checking proof obligations mbedtls_ssl_tls13_handshake_server_step ...
Calling Yices to check sat
Running check sat
Calling Yices to check sat
Running check sat
[08:41:16.150] Proof succeeded! mbedtls_ssl_tls13_handshake_server_step
[08:41:16.150] Handshake null?:1 -State: MBEDTLS_SSL_HANDSHAKE_OVER -EDS:MBEDTLS_SSL_EARLY_DATA_STATE_REJECTED
[08:41:18.932] Verifying mbedtls_ssl_tls13_handshake_server_step ...
[08:41:18.940] Simulating mbedtls_ssl_tls13_handshake_server_step ...
[08:41:18.950] Checking proof obligations mbedtls_ssl_tls13_handshake_server_step ...
Calling Yices to check sat
Running check sat
Calling Yices to check sat
Running check sat
[08:41:18.969] Proof succeeded! mbedtls_ssl_tls13_handshake_server_step
[08:41:18.969] Handshake null?:1 -State: MBEDTLS_SSL_HANDSHAKE_OVER -EDS:MBEDTLS_SSL_EARLY_DATA_STATE_SERVER_FINISHED_RECEIVED
[08:41:21.714] Verifying mbedtls_ssl_tls13_handshake_server_step ...
[08:41:21.723] Simulating mbedtls_ssl_tls13_handshake_server_step ...
[08:41:21.733] Checking proof obligations mbedtls_ssl_tls13_handshake_server_step ...
Calling Yices to check sat
Running check sat
Calling Yices to check sat
Running check sat
[08:41:21.753] Proof succeeded! mbedtls_ssl_tls13_handshake_server_step
[08:41:21.753] Handshake null?:1 -State: MBEDTLS_SSL_TLS1_3_NEW_SESSION_TICKET -EDS:MBEDTLS_SSL_EARLY_DATA_STATE_IDLE
[08:41:24.253] Verifying mbedtls_ssl_tls13_handshake_server_step ...
[08:41:24.259] Simulating mbedtls_ssl_tls13_handshake_server_step ...
[08:41:24.274] Checking proof obligations mbedtls_ssl_tls13_handshake_server_step ...
Calling Yices to check sat
Running check sat
Calling Yices to check sat
Running check sat
[08:41:24.295] Proof succeeded! mbedtls_ssl_tls13_handshake_server_step
[08:41:26.734] Verifying mbedtls_ssl_tls13_handshake_server_step ...
[08:41:26.741] Simulating mbedtls_ssl_tls13_handshake_server_step ...
[08:41:26.758] Checking proof obligations mbedtls_ssl_tls13_handshake_server_step ...
Calling Yices to check sat
Running check sat
Calling Yices to check sat
Running check sat
[08:41:26.780] Proof succeeded! mbedtls_ssl_tls13_handshake_server_step
[08:41:26.780] Handshake null?:1 -State: MBEDTLS_SSL_TLS1_3_NEW_SESSION_TICKET -EDS:MBEDTLS_SSL_EARLY_DATA_STATE_NO_IND_SENT
[08:41:29.187] Verifying mbedtls_ssl_tls13_handshake_server_step ...
[08:41:29.196] Simulating mbedtls_ssl_tls13_handshake_server_step ...
[08:41:29.209] Checking proof obligations mbedtls_ssl_tls13_handshake_server_step ...
Calling Yices to check sat
Running check sat
Calling Yices to check sat
Running check sat
[08:41:29.229] Proof succeeded! mbedtls_ssl_tls13_handshake_server_step
[08:41:31.662] Verifying mbedtls_ssl_tls13_handshake_server_step ...
[08:41:31.667] Simulating mbedtls_ssl_tls13_handshake_server_step ...
[08:41:31.688] Checking proof obligations mbedtls_ssl_tls13_handshake_server_step ...
Calling Yices to check sat
Running check sat
Calling Yices to check sat
Running check sat
[08:41:31.712] Proof succeeded! mbedtls_ssl_tls13_handshake_server_step
[08:41:31.712] Handshake null?:1 -State: MBEDTLS_SSL_TLS1_3_NEW_SESSION_TICKET -EDS:MBEDTLS_SSL_EARLY_DATA_STATE_IND_SENT
[08:41:35.977] Verifying mbedtls_ssl_tls13_handshake_server_step ...
[08:41:35.983] Simulating mbedtls_ssl_tls13_handshake_server_step ...
[08:41:36.000] Checking proof obligations mbedtls_ssl_tls13_handshake_server_step ...
Calling Yices to check sat
Running check sat
Calling Yices to check sat
Running check sat
[08:41:36.021] Proof succeeded! mbedtls_ssl_tls13_handshake_server_step
[08:41:38.362] Verifying mbedtls_ssl_tls13_handshake_server_step ...
[08:41:38.371] Simulating mbedtls_ssl_tls13_handshake_server_step ...
[08:41:38.388] Checking proof obligations mbedtls_ssl_tls13_handshake_server_step ...
Calling Yices to check sat
Running check sat
Calling Yices to check sat
Running check sat
[08:41:38.412] Proof succeeded! mbedtls_ssl_tls13_handshake_server_step
[08:41:38.412] Handshake null?:1 -State: MBEDTLS_SSL_TLS1_3_NEW_SESSION_TICKET -EDS:MBEDTLS_SSL_EARLY_DATA_STATE_CAN_WRITE
[08:41:40.972] Verifying mbedtls_ssl_tls13_handshake_server_step ...
[08:41:40.977] Simulating mbedtls_ssl_tls13_handshake_server_step ...
[08:41:40.994] Checking proof obligations mbedtls_ssl_tls13_handshake_server_step ...
Calling Yices to check sat
Running check sat
Calling Yices to check sat
Running check sat
[08:41:41.015] Proof succeeded! mbedtls_ssl_tls13_handshake_server_step
[08:41:43.457] Verifying mbedtls_ssl_tls13_handshake_server_step ...
[08:41:43.465] Simulating mbedtls_ssl_tls13_handshake_server_step ...
[08:41:43.482] Checking proof obligations mbedtls_ssl_tls13_handshake_server_step ...
Calling Yices to check sat
Running check sat
Calling Yices to check sat
Running check sat
[08:41:43.505] Proof succeeded! mbedtls_ssl_tls13_handshake_server_step
[08:41:43.505] Handshake null?:1 -State: MBEDTLS_SSL_TLS1_3_NEW_SESSION_TICKET -EDS:MBEDTLS_SSL_EARLY_DATA_STATE_ACCEPTED
[08:41:46.001] Verifying mbedtls_ssl_tls13_handshake_server_step ...
[08:41:46.012] Simulating mbedtls_ssl_tls13_handshake_server_step ...
[08:41:46.025] Checking proof obligations mbedtls_ssl_tls13_handshake_server_step ...
Calling Yices to check sat
Running check sat
Calling Yices to check sat
Running check sat
[08:41:46.046] Proof succeeded! mbedtls_ssl_tls13_handshake_server_step
[08:41:48.429] Verifying mbedtls_ssl_tls13_handshake_server_step ...
[08:41:48.434] Simulating mbedtls_ssl_tls13_handshake_server_step ...
[08:41:48.455] Checking proof obligations mbedtls_ssl_tls13_handshake_server_step ...
Calling Yices to check sat
Running check sat
Calling Yices to check sat
Running check sat
[08:41:48.479] Proof succeeded! mbedtls_ssl_tls13_handshake_server_step
[08:41:48.479] Handshake null?:1 -State: MBEDTLS_SSL_TLS1_3_NEW_SESSION_TICKET -EDS:MBEDTLS_SSL_EARLY_DATA_STATE_REJECTED
[08:41:50.882] Verifying mbedtls_ssl_tls13_handshake_server_step ...
[08:41:50.887] Simulating mbedtls_ssl_tls13_handshake_server_step ...
[08:41:50.904] Checking proof obligations mbedtls_ssl_tls13_handshake_server_step ...
Calling Yices to check sat
Running check sat
Calling Yices to check sat
Running check sat
[08:41:50.926] Proof succeeded! mbedtls_ssl_tls13_handshake_server_step
[08:41:53.345] Verifying mbedtls_ssl_tls13_handshake_server_step ...
[08:41:53.349] Simulating mbedtls_ssl_tls13_handshake_server_step ...
[08:41:53.368] Checking proof obligations mbedtls_ssl_tls13_handshake_server_step ...
Calling Yices to check sat
Running check sat
Calling Yices to check sat
Running check sat
[08:41:53.392] Proof succeeded! mbedtls_ssl_tls13_handshake_server_step
[08:41:53.392] Handshake null?:1 -State: MBEDTLS_SSL_TLS1_3_NEW_SESSION_TICKET -EDS:MBEDTLS_SSL_EARLY_DATA_STATE_SERVER_FINISHED_RECEIVED
[08:41:55.878] Verifying mbedtls_ssl_tls13_handshake_server_step ...
[08:41:55.884] Simulating mbedtls_ssl_tls13_handshake_server_step ...
[08:41:55.901] Checking proof obligations mbedtls_ssl_tls13_handshake_server_step ...
Calling Yices to check sat
Running check sat
Calling Yices to check sat
Running check sat
[08:41:55.923] Proof succeeded! mbedtls_ssl_tls13_handshake_server_step
[08:41:58.279] Verifying mbedtls_ssl_tls13_handshake_server_step ...
[08:41:58.288] Simulating mbedtls_ssl_tls13_handshake_server_step ...
[08:41:58.305] Checking proof obligations mbedtls_ssl_tls13_handshake_server_step ...
Calling Yices to check sat
Running check sat
Calling Yices to check sat
Running check sat
[08:41:58.329] Proof succeeded! mbedtls_ssl_tls13_handshake_server_step
[08:41:58.329] Handshake null?:1 -State: MBEDTLS_SSL_TLS1_3_NEW_SESSION_TICKET_FLUSH -EDS:MBEDTLS_SSL_EARLY_DATA_STATE_IDLE
[08:42:02.790] Verifying mbedtls_ssl_tls13_handshake_server_step ...
[08:42:02.796] Simulating mbedtls_ssl_tls13_handshake_server_step ...
[08:42:02.810] Checking proof obligations mbedtls_ssl_tls13_handshake_server_step ...
Calling Yices to check sat
Running check sat
Calling Yices to check sat
Running check sat
[08:42:02.832] Proof succeeded! mbedtls_ssl_tls13_handshake_server_step
[08:42:02.832] Handshake null?:1 -State: MBEDTLS_SSL_TLS1_3_NEW_SESSION_TICKET_FLUSH -EDS:MBEDTLS_SSL_EARLY_DATA_STATE_NO_IND_SENT
[08:42:05.494] Verifying mbedtls_ssl_tls13_handshake_server_step ...
[08:42:05.502] Simulating mbedtls_ssl_tls13_handshake_server_step ...
[08:42:05.515] Checking proof obligations mbedtls_ssl_tls13_handshake_server_step ...
Calling Yices to check sat
Running check sat
Calling Yices to check sat
Running check sat
[08:42:05.537] Proof succeeded! mbedtls_ssl_tls13_handshake_server_step
[08:42:05.537] Handshake null?:1 -State: MBEDTLS_SSL_TLS1_3_NEW_SESSION_TICKET_FLUSH -EDS:MBEDTLS_SSL_EARLY_DATA_STATE_IND_SENT
[08:42:08.257] Verifying mbedtls_ssl_tls13_handshake_server_step ...
[08:42:08.266] Simulating mbedtls_ssl_tls13_handshake_server_step ...
[08:42:08.279] Checking proof obligations mbedtls_ssl_tls13_handshake_server_step ...
Calling Yices to check sat
Running check sat
Calling Yices to check sat
Running check sat
[08:42:08.301] Proof succeeded! mbedtls_ssl_tls13_handshake_server_step
[08:42:08.302] Handshake null?:1 -State: MBEDTLS_SSL_TLS1_3_NEW_SESSION_TICKET_FLUSH -EDS:MBEDTLS_SSL_EARLY_DATA_STATE_CAN_WRITE
[08:42:10.897] Verifying mbedtls_ssl_tls13_handshake_server_step ...
[08:42:10.908] Simulating mbedtls_ssl_tls13_handshake_server_step ...
[08:42:10.921] Checking proof obligations mbedtls_ssl_tls13_handshake_server_step ...
Calling Yices to check sat
Running check sat
Calling Yices to check sat
Running check sat
[08:42:10.943] Proof succeeded! mbedtls_ssl_tls13_handshake_server_step
[08:42:10.943] Handshake null?:1 -State: MBEDTLS_SSL_TLS1_3_NEW_SESSION_TICKET_FLUSH -EDS:MBEDTLS_SSL_EARLY_DATA_STATE_ACCEPTED
[08:42:13.500] Verifying mbedtls_ssl_tls13_handshake_server_step ...
[08:42:13.510] Simulating mbedtls_ssl_tls13_handshake_server_step ...
[08:42:13.522] Checking proof obligations mbedtls_ssl_tls13_handshake_server_step ...
Calling Yices to check sat
Running check sat
Calling Yices to check sat
Running check sat
[08:42:13.544] Proof succeeded! mbedtls_ssl_tls13_handshake_server_step
[08:42:13.544] Handshake null?:1 -State: MBEDTLS_SSL_TLS1_3_NEW_SESSION_TICKET_FLUSH -EDS:MBEDTLS_SSL_EARLY_DATA_STATE_REJECTED
[08:42:16.340] Verifying mbedtls_ssl_tls13_handshake_server_step ...
[08:42:16.345] Simulating mbedtls_ssl_tls13_handshake_server_step ...
[08:42:16.362] Checking proof obligations mbedtls_ssl_tls13_handshake_server_step ...
Calling Yices to check sat
Running check sat
Calling Yices to check sat
Running check sat
[08:42:16.385] Proof succeeded! mbedtls_ssl_tls13_handshake_server_step
[08:42:16.385] Handshake null?:1 -State: MBEDTLS_SSL_TLS1_3_NEW_SESSION_TICKET_FLUSH -EDS:MBEDTLS_SSL_EARLY_DATA_STATE_SERVER_FINISHED_RECEIVED
[08:42:18.990] Verifying mbedtls_ssl_tls13_handshake_server_step ...
[08:42:18.995] Simulating mbedtls_ssl_tls13_handshake_server_step ...
[08:42:19.010] Checking proof obligations mbedtls_ssl_tls13_handshake_server_step ...
Calling Yices to check sat
Running check sat
Calling Yices to check sat
Running check sat
[08:42:19.032] Proof succeeded! mbedtls_ssl_tls13_handshake_server_step
[08:42:19.058] DONE
